player_name,player_id,team,position,PTS,REB,AST,STL,BLK,TO,FG_PCT,FT_PCT,THREE_PM,USG_PCT,ast_pg,blk_pg,stl_pg,threepm_pg,context_neutral_source,league_avg_PTS,team_avg_PTS,context_delta_PTS,context_neutral_PTS,context_neutral_delta_PTS,context_neutral_ratio_PTS,league_avg_REB,team_avg_REB,context_delta_REB,context_neutral_REB,context_neutral_delta_REB,context_neutral_ratio_REB,league_avg_AST,team_avg_AST,context_delta_AST,context_neutral_AST,context_neutral_delta_AST,context_neutral_ratio_AST,league_avg_STL,team_avg_STL,context_delta_STL,context_neutral_STL,context_neutral_delta_STL,context_neutral_ratio_STL,league_avg_BLK,team_avg_BLK,context_delta_BLK,context_neutral_BLK,context_neutral_delta_BLK,context_neutral_ratio_BLK,league_avg_TO,team_avg_TO,context_delta_TO,context_neutral_TO,context_neutral_delta_TO,context_neutral_ratio_TO,league_avg_FG_PCT,team_avg_FG_PCT,context_delta_FG_PCT,context_neutral_FG_PCT,context_neutral_delta_FG_PCT,context_neutral_ratio_FG_PCT,league_avg_FT_PCT,team_avg_FT_PCT,context_delta_FT_PCT,context_neutral_FT_PCT,context_neutral_delta_FT_PCT,context_neutral_ratio_FT_PCT,league_avg_THREE_PM,team_avg_THREE_PM,context_delta_THREE_PM,context_neutral_THREE_PM,context_neutral_delta_THREE_PM,context_neutral_ratio_THREE_PM,league_avg_USG_PCT,team_avg_USG_PCT,context_delta_USG_PCT,context_neutral_USG_PCT,context_neutral_delta_USG_PCT,context_neutral_ratio_USG_PCT,projected_games,projected_minutes,fta,z_PTS,z_REB,z_AST,z_STL,z_BLK,z_THREE_PM,z_TO,z_FG_PCT,z_FT_PCT,z_USG_PCT,z_projected_games,z_projected_minutes,z_fta,weighted_score,projected_games_used,sim_mean_salary,sim_median_salary,sim_p25_salary,sim_p75_salary,sim_salary_std,sim_mean_score,fmv_band
Nikola Jokić,203999,DEN,C,22.974,11.368,7.157,1.212,1.032,2.854,0.5574,0.7865,1.164,0.4549,7.157,1.032,1.212,1.164,raw_dbb2_flat_file,14.2003,9.484444444444444,4.715855555555557,25.3319,2.3579,1.7839,5.0968,3.5435,1.5533,12.1446,0.7766,2.3828,3.2608,2.3794444444444443,0.8813555555555559,7.5977,0.4407,2.33,0.9439,0.6557777777777778,0.2881222222222221,1.3561,0.1441,1.4367,0.5491,0.3534444444444444,0.1956555555555555,1.1298,0.0978,2.0575,1.6469,1.0929444444444445,0.5539555555555558,3.131,0.277,1.9011,0.4691,0.4566777777777778,0.0124222222222222,0.5636,0.0062,1.2014,0.7828,0.7742055555555556,0.0085944444444444,0.7908,0.0043,1.0102,1.6758,1.0026111111111111,0.6731888888888888,1.5006,0.3366,0.8955,0.4773,0.4187833333333333,0.0585166666666666,0.4842,0.0293,1.0145,66,34.06551225282451,5.768109282251302,3.2816966032011483,2.260405301451719,4.96140778362125,3.102825350628903,0.5816058747946095,2.8467862554770433,3.489717301990075,0.4827940195236498,1.8939853959659303,1.624748056263881,0.8387153386224427,2.0125432390884392,3.234293871821393,37.8146,66.0,46239453.0,46239453.0,46239453.0,46239453.0,0.0,30.4332,star
Shai Gilgeous-Alexander,1628983,OKC,PG,25.972,4.447,5.816,1.455,0.658,2.23,0.5124,0.8719,1.761,0.5085,5.816,0.658,1.455,1.761,raw_dbb2_flat_file,14.2003,10.152375,4.047925000000001,27.996,2.024,1.9715,5.0968,3.7781875,1.3186125,5.1063,0.6593,1.0019,3.2608,2.4305,0.8303000000000003,6.2311,0.4151,1.9109,0.9439,0.8349375,0.1089624999999999,1.5095,0.0545,1.5992,0.5491,0.4696875,0.0794125,0.6977,0.0397,1.2706,1.6469,1.19125,0.4556500000000001,2.4578,0.2278,1.4924,0.4691,0.4647125,0.0043875,0.5146,0.0022,1.097,0.7828,0.774775,0.008025,0.8759,0.004,1.1189,1.6758,1.098375,0.5774250000000001,2.0497,0.2887,1.2231,0.4773,0.421575,0.055725,0.5364,0.0279,1.1238,69,33.5097709232156,6.932253861621031,3.1604240481669255,1.620975990486343,1.9620218731718708,2.080525027836748,3.0619456015413125,0.8082704896274265,1.4984521718112143,2.7784615303638502,1.6641768238474122,1.63897084551285,1.1625123505725439,1.6373760695350252,4.095769444723277,32.9826,69.0,45820594.27,45823505.9,45823505.9,45823505.9,34678.62,27.7434,star
Kevin Durant,201142,HOU,SF,22.796,6.06,4.205,0.895,0.886,2.741,0.5012,0.8419,1.951,0.5263,4.205,0.886,0.895,1.951,raw_dbb2_flat_file,14.2003,8.824733333333334,5.375566666666666,25.4838,2.6878,1.7946,5.0968,4.1628,0.9340000000000002,6.527,0.467,1.2806,3.2608,1.8478666666666668,1.4129333333333334,4.9115,0.7065,1.5062,0.9439,0.6666000000000001,0.2772999999999999,1.0336,0.1386,1.095,0.5491,0.4863333333333333,0.0627666666666666,0.9174,0.0314,1.6707,1.6469,1.1314666666666668,0.5154333333333332,2.9987,0.2577,1.8208,0.4691,0.4574066666666666,0.0116933333333333,0.507,0.0058,1.0808,0.7828,0.7326733333333333,0.0501266666666667,0.867,0.0251,1.1076,1.6758,0.7818666666666666,0.8939333333333334,2.398,0.447,1.431,0.4773,0.4135466666666667,0.0637533333333333,0.5582,0.0319,1.1695,72,34.94852090865395,5.235912173009032,2.6643102562179797,1.149805473754644,2.4364920679294317,0.9387466086361069,2.0721011736098744,2.154487196157969,2.8288872962660077,1.2417953875904781,2.1965780505109915,2.2222046900435166,1.4036335096233983,1.7968261236328154,2.3647267001622643,29.6806,72.0,45410470.42,45407558.79,45407558.79,45407558.79,34678.62,26.0578,star
Jamal Murray,1627750,DEN,PG,20.754,4.108,5.967,1.112,0.41,2.147,0.4706,0.8613,2.411,0.4848,5.967,0.41,1.112,2.411,raw_dbb2_flat_file,14.2003,9.484444444444444,4.715855555555557,23.1119,2.3579,1.6276,5.0968,3.5435,1.5533,4.8846,0.7766,0.9584,3.2608,2.3794444444444443,0.8813555555555559,6.4077,0.4407,1.9651,0.9439,0.6557777777777778,0.2881222222222221,1.2561,0.1441,1.3308,0.5491,0.3534444444444444,0.1956555555555555,0.5078,0.0978,0.9248,1.6469,1.0929444444444445,0.5539555555555558,2.424,0.277,1.4719,0.4691,0.4566777777777778,0.0124222222222222,0.4768,0.0062,1.0164,0.7828,0.7742055555555556,0.0085944444444444,0.8656,0.0043,1.1058,1.6758,1.0026111111111111,0.6731888888888888,2.7476,0.3366,1.6396,0.4773,0.4187833333333333,0.0585166666666666,0.5141,0.0293,1.0771,69,34.18067936349443,4.033677824809255,2.199678830165545,1.4154347292938836,2.08111236744032,1.212794818966458,1.5731708027696805,1.985133257991779,1.4449825802672513,1.458994442567771,1.4247502705577926,1.1376251127338146,1.1625123505725439,1.7266184297360931,1.7675313206912564,27.7538,69.0,44648039.38,44991611.69,44575664.59,44991611.69,460505.11,23.345,star
Tyrese Maxey,1630178,PHI,PG,22.907,3.952,5.63,1.461,0.493,2.231,0.451,0.8623,2.511,0.5178,5.63,0.493,1.461,2.511,raw_dbb2_flat_file,14.2003,9.916666666666666,4.283633333333334,25.0488,2.1418,1.764,5.0968,3.947611111111111,1.1491888888888888,4.5266,0.5746,0.8881,3.2608,2.145888888888889,1.1149111111111112,6.1875,0.5575,1.8975,0.9439,0.7621666666666667,0.1817333333333333,1.5519,0.0909,1.6441,0.5491,0.4476111111111111,0.1014888888888889,0.5437,0.0507,0.9902,1.6469,1.2115,0.4354,2.4487,0.2177,1.4869,0.4691,0.4532722222222222,0.0158277777777778,0.4589,0.0079,0.9783,0.7828,0.7502888888888889,0.0325111111111111,0.8786,0.0163,1.1224,1.6758,0.9857777777777778,0.6900222222222222,2.856,0.345,1.7043,0.4773,0.4195222222222222,0.0577777777777777,0.5467,0.0289,1.1454,65,35.80921163137341,4.917537958550342,2.5806840128495354,1.0835277761729984,1.9326201429900798,2.225717454261769,1.85461901380655,2.1679272457990524,1.484056512549378,0.8341674353839116,1.7269391242243037,1.8705341211910587,0.9055901526873426,1.943241227309957,2.477478837524905,29.0355,65.0,44265368.05,44575664.59,43743770.38,44575664.59,617437.57,23.0072,star
LeBron James,2544,LAL,SF,21.687,7.179,6.831,1.167,0.55,3.105,0.5149,0.7634,1.547,0.5755,6.831,0.55,1.167,1.547,raw_dbb2_flat_file,14.2003,9.564941176470589,4.635358823529414,24.0047,2.3177,1.6904,5.0968,3.6745882352941175,1.4222117647058825,7.8901,0.7111,1.548,3.2608,2.2321764705882354,1.0286235294117647,7.3453,0.5143,2.2526,0.9439,0.6849411764705883,0.2589588235294117,1.2965,0.1295,1.3736,0.5491,0.3651176470588235,0.1839823529411764,0.642,0.092,1.1692,1.6469,1.2188823529411763,0.4280176470588235,3.319,0.214,2.0153,0.4691,0.4649647058823529,0.004135294117647,0.517,0.0021,1.1021,0.7828,0.744035294117647,0.038764705882353,0.7828,0.0194,1.0,1.6758,0.9627058823529412,0.7130941176470588,1.9035,0.3565,1.1359,0.4773,0.4305176470588235,0.0467823529411764,0.5989,0.0234,1.2548,63,33.82225177391475,5.145000403585306,2.385577991308288,1.98290547047247,4.599969342912698,1.8689515582754967,0.6821191259930477,1.2278624806123113,3.3570802044459773,1.5549183889798293,0.6557691791976359,2.9802139429996974,0.7915123595729991,1.658557943604724,2.2998210639954664,29.8676,63.0,44180098.89,44159717.48,43743770.38,44575664.59,613659.3,22.9482,star
Derrick White,1628401,BOS,PG,16.149,4.142,5.03,1.103,0.848,1.844,0.4281,0.86,2.49,0.4823,5.03,0.848,1.103,2.49,raw_dbb2_flat_file,14.2003,10.554846153846151,3.6454538461538473,17.9717,1.8227,1.2656,5.0968,4.29,0.8068,4.5454,0.4034,0.8918,3.2608,2.365692307692308,0.8951076923076924,5.4776,0.4476,1.6798,0.9439,0.6874615384615385,0.2564384615384615,1.2312,0.1282,1.3044,0.5491,0.4480769230769231,0.1010230769230769,0.8985,0.0505,1.6363,1.6469,1.1839230769230769,0.4629769230769232,2.0755,0.2315,1.2602,0.4691,0.4659153846153846,0.0031846153846153,0.4297,0.0016,0.916,0.7828,0.764453846153846,0.018346153846154,0.8692,0.0092,1.1104,1.6758,1.2137692307692307,0.4620307692307692,2.721,0.231,1.6237,0.4773,0.4291384615384616,0.0481615384615384,0.5064,0.0241,1.061,73,33.315140934712325,2.7795484409949367,1.1885565006533125,1.1009575267838156,1.4538979352824257,1.1275285119385567,4.636174035418847,1.9402779067401794,0.8936762887562762,-0.1851034366702021,1.5084333377269787,0.9645147027607833,1.419434548457745,1.6114869340030291,0.760170531537361,25.3707,73.0,43673891.27,43743770.38,43327823.28,44159717.48,659217.24,22.6005,star
Cade Cunningham,1630595,DET,PG,21.269,4.917,7.299,1.209,0.561,3.174,0.457,0.8246,1.862,0.5231,7.299,0.561,1.209,1.862,raw_dbb2_flat_file,14.2003,8.7513125,5.448987500000001,23.9935,2.7245,1.6896,5.0968,3.5715,1.5253,5.6796,0.7626,1.1143,3.2608,2.12,1.1408,7.8694,0.5704,2.4133,0.9439,0.7265625,0.2173374999999999,1.3177,0.1087,1.396,0.5491,0.4360625,0.1130375,0.6175,0.0565,1.1246,1.6469,1.1275,0.5194000000000001,3.4337,0.2597,2.0849,0.4691,0.4586375,0.0104624999999999,0.4622,0.0052,0.9853,0.7828,0.7500125,0.0327875,0.841,0.0164,1.0743,1.6758,0.86675,0.8090499999999999,2.2665,0.4045,1.3525,0.4773,0.41046875,0.06683125,0.5565,0.0334,1.1659,66,33.710530334517664,4.731644151671705,2.373097266354407,2.152490672676856,3.066812115300973,1.4237347592443188,2.433195001954768,1.1738584652419728,3.0422679820997662,0.9493590065407133,0.8529159782350086,2.090856461156734,0.9698207021586428,1.664080523707233,2.3281623998328502,27.8516,66.0,43363594.73,43327823.28,42911876.17,43743770.38,650076.75,22.4059,star
James Harden,201935,CLE,PG,19.137,4.608,7.329,1.173,0.446,2.995,0.4335,0.8748,2.536,0.4201,7.329,0.446,1.173,2.536,raw_dbb2_flat_file,14.2003,9.61441176470588,4.585888235294119,21.4299,2.2929,1.5091,5.0968,3.805411764705883,1.291388235294117,5.2537,0.6457,1.0308,3.2608,2.461058823529412,0.7997411764705884,7.7289,0.3999,2.3702,0.9439,0.7529411764705882,0.1909588235294117,1.2685,0.0955,1.3439,0.5491,0.4275294117647059,0.1215705882352941,0.5068,0.0608,0.923,1.6469,1.1886470588235294,0.4582529411764706,3.2241,0.2291,1.9577,0.4691,0.4603,0.0088,0.4379,0.0044,0.9335,0.7828,0.773,0.0098,0.8797,0.0049,1.1238,1.6758,1.1414705882352942,0.5343294117647057,2.8032,0.2672,1.6728,0.4773,0.4022529411764706,0.0750470588235294,0.4576,0.0375,0.9587,70,33.83115316390697,5.386737317662037,1.8688147084894289,1.7576326521903056,2.97206571414176,1.2552567549964166,1.5653310197324417,2.0788910598560264,2.7106932369040693,0.10113016438609009,1.7525089503037776,-0.1326006227825763,1.2267429000438441,1.6801254343724774,2.854356249668562,26.173,70.0,43262935.53,43327823.28,42911876.17,43743770.38,672197.29,22.3436,star
Desmond Bane,1630217,ORL,PG,19.304,4.447,4.775,1.124,0.403,2.231,0.4687,0.8691,2.155,0.5085,4.775,0.403,1.124,2.155,raw_dbb2_flat_file,14.2003,9.959933333333334,4.240366666666667,21.4242,2.1202,1.5087,5.0968,3.8836,1.2132,5.0536,0.6066,0.9915,3.2608,2.1512666666666664,1.1095333333333337,5.3298,0.5548,1.6345,0.9439,0.7268000000000001,0.2170999999999998,1.2326,0.1086,1.3059,0.5491,0.4478,0.1013,0.4537,0.0507,0.8263,1.6469,1.2436666666666667,0.4032333333333333,2.4326,0.2016,1.4771,0.4691,0.4565933333333333,0.0125066666666666,0.475,0.0063,1.0126,0.7828,0.7623666666666666,0.0204333333333334,0.8793,0.0102,1.1233,1.6758,0.9354666666666668,0.7403333333333333,2.5252,0.3702,1.5069,0.4773,0.4337466666666666,0.0435533333333333,0.5303,0.0218,1.111,71,33.24107044524496,3.7665791352967055,1.8676934686002766,1.5721170619124027,1.3542287673725915,1.1323226014903258,1.1490385404550656,1.610102050534791,1.4585872692399753,1.3961626764822426,1.743210831729422,1.50183142981993,1.2909734495151444,1.6016342851101804,1.5529882678596598,24.8783,71.0,42053361.35,42079981.97,41664034.86,42495929.07,649184.57,21.5243,star
Donovan Mitchell,1628378,CLE,PG,22.619,4.379,5.282,1.398,0.319,2.403,0.4626,0.8449,2.666,0.4848,5.282,0.319,1.398,2.666,raw_dbb2_flat_file,14.2003,9.61441176470588,4.585888235294119,24.9119,2.2929,1.7543,5.0968,3.805411764705883,1.291388235294117,5.0247,0.6457,0.9859,3.2608,2.461058823529412,0.7997411764705884,5.6819,0.3999,1.7425,0.9439,0.7529411764705882,0.1909588235294117,1.4935,0.0955,1.5823,0.5491,0.4275294117647059,0.1215705882352941,0.3798,0.0608,0.6917,1.6469,1.1886470588235294,0.4582529411764706,2.6321,0.2291,1.5982,0.4691,0.4603,0.0088,0.467,0.0044,0.9955,0.7828,0.773,0.0098,0.8498,0.0049,1.0856,1.6758,1.1414705882352942,0.5343294117647057,2.9332,0.2672,1.7503,0.4773,0.4022529411764706,0.0750470588235294,0.5223,0.0375,1.0943,67,33.18875847188718,4.902801338678081,2.553754584634636,1.5453234559202418,1.5916679691388473,2.0257354329593817,0.5696785740031247,2.298108941912719,1.7741844145956125,1.1169103827687878,1.0574745868708013,1.321976458419379,1.0340512516299432,1.5946758930421316,2.4656418666225637,26.2627,67.0,41956861.62,42079981.97,41664034.86,42495929.07,664003.76,21.4622,star
Anthony Edwards,1630162,MIN,PG,23.45,4.814,4.391,1.257,0.554,2.671,0.4637,0.8142,2.686,0.5231,4.391,0.554,1.257,2.686,raw_dbb2_flat_file,14.2003,9.3915,4.8088,25.8544,2.4044,1.8207,5.0968,3.598375,1.498425,5.5632,0.7492,1.0915,3.2608,2.197875,1.0629250000000003,4.9225,0.5315,1.5096,0.9439,0.7104375,0.2334624999999999,1.3737,0.1167,1.4553,0.5491,0.429875,0.119225,0.6136,0.0596,1.1175,1.6469,1.16025,0.48665,2.9143,0.2433,1.7696,0.4691,0.4592625,0.0098374999999999,0.4686,0.0049,0.9989,0.7828,0.7549875,0.0278125,0.8281,0.0139,1.0579,1.6758,1.0204375,0.6553625000000001,3.0137,0.3277,1.7984,0.4773,0.42216875,0.05513125,0.5507,0.0276,1.1538,65,34.47918641423391,5.524005141092095,2.7391525838497013,2.044574557192859,1.0795653567523251,1.6154983413151005,2.402619848109537,2.4338553996478254,2.220608045770353,1.1727608415114787,0.5530516542120857,1.9604616068913343,0.9055901526873426,1.7663250009242268,2.964614588816458,26.9989,65.0,41914435.02,42079981.97,41664034.86,42495929.07,647542.41,21.4352,star
Jalen Brunson,1628973,NYK,PG,22.739,3.533,6.141,0.99,0.196,2.295,0.4683,0.832,2.256,0.4848,6.141,0.196,0.99,2.256,raw_dbb2_flat_file,14.2003,9.263352941176471,4.936947058823529,25.2075,2.4685,1.7751,5.0968,3.6023529411764708,1.4944470588235292,4.2802,0.7472,0.8398,3.2608,2.238647058823529,1.0221529411764707,6.6521,0.5111,2.04,0.9439,0.686235294117647,0.2576647058823529,1.1188,0.1288,1.1853,0.5491,0.3651764705882353,0.1839235294117647,0.288,0.092,0.5245,1.6469,1.1476470588235292,0.4992529411764708,2.5446,0.2496,1.5451,0.4691,0.4636705882352941,0.0054294117647058,0.471,0.0027,1.0041,0.7828,0.7486411764705883,0.0341588235294118,0.8491,0.0171,1.0847,1.6758,1.005941176470588,0.6698588235294118,2.5909,0.3349,1.5461,0.4773,0.4239882352941176,0.0533117647058823,0.5115,0.0267,1.0717,70,34.44217213948842,5.188784624529983,2.6119016918685602,0.8550867894439863,2.2459239008446734,0.7426316079250578,-0.15001350881538983,1.7208913955434428,1.635764614001035,1.2565365296255142,1.041202879365681,1.0791722470286345,1.2267429000438441,1.7614014658468544,2.6953536908080413,24.892,70.0,41655715.92,41664034.86,41248087.76,42079981.97,651803.84,21.2652,star
Devin Booker,1626164,PHX,PG,22.456,4.031,5.878,0.992,0.296,2.631,0.4605,0.8672,1.989,0.4848,5.878,0.296,0.992,1.989,raw_dbb2_flat_file,14.2003,8.88535294117647,5.314947058823531,25.1135,2.6575,1.7685,5.0968,3.319176470588236,1.7776235294117644,4.9198,0.8888,0.9653,3.2608,1.9868235294117649,1.2739764705882353,6.515,0.637,1.998,0.9439,0.6880588235294117,0.2558411764705882,1.1199,0.1279,1.1865,0.5491,0.3491176470588235,0.1999823529411765,0.396,0.1,0.7212,1.6469,1.0747058823529412,0.5721941176470589,2.9171,0.2861,1.7713,0.4691,0.4498411764705882,0.0192588235294118,0.4701,0.0096,1.0021,0.7828,0.7384588235294117,0.0443411764705883,0.8894,0.0222,1.1362,1.6758,1.0250588235294116,0.6507411764705884,2.3144,0.3254,1.3811,0.4773,0.4164647058823529,0.060835294117647,0.5152,0.0304,1.0794,66,34.37806990093482,5.876393968447109,2.593411069135174,1.4480691559694574,2.153470295158352,0.7463983925728763,0.6966830592063918,1.2546318233228617,2.2250374793893797,1.225120646582752,1.977988325731865,1.16235517130139,0.9698207021586428,1.7528747657500157,3.2476656773203536,25.3088,66.0,40342154.97,40416193.55,40000246.45,40832140.66,725266.25,20.3926,star
Luka Dončić,1629029,LAL,SG,25.898,7.622,6.185,1.411,0.568,3.106,0.4705,0.7812,2.803,0.4982,6.185,0.568,1.411,2.803,raw_dbb2_flat_file,14.2003,9.564941176470589,4.635358823529414,28.2157,2.3177,1.987,5.0968,3.6745882352941175,1.4222117647058825,8.3331,0.7111,1.635,3.2608,2.2321764705882354,1.0286235294117647,6.6993,0.5143,2.0545,0.9439,0.6849411764705883,0.2589588235294117,1.5405,0.1295,1.6321,0.5491,0.3651176470588235,0.1839823529411764,0.66,0.092,1.202,1.6469,1.2188823529411763,0.4280176470588235,3.32,0.214,2.0159,0.4691,0.4649647058823529,0.004135294117647,0.4726,0.0021,1.0075,0.7828,0.744035294117647,0.038764705882353,0.8006,0.0194,1.0227,1.6758,0.9627058823529412,0.7130941176470588,3.1595,0.3565,1.8854,0.4773,0.4305176470588235,0.0467823529411764,0.5216,0.0234,1.0928,63,34.87267688981311,7.150506870183388,2.6049455129497323,2.460339576207397,2.5565309315531644,1.7946783825529593,1.4043343044666954,2.654428824148421,2.7377894008195596,0.7718762263112051,-0.05480288966269865,0.8460224508596161,0.5329090710985547,1.4286168250688867,3.1845043334380065,26.3844,63.0,40165377.45,40416193.55,39584299.34,40832140.66,753931.06,20.2806,star
Jalen Johnson,1630552,ATL,SF,18.866,8.505,4.786,1.23,0.731,2.561,0.485,0.7699,1.358,0.5067,4.786,0.731,1.23,1.358,raw_dbb2_flat_file,14.2003,9.143944444444443,5.056355555555555,21.3942,2.5282,1.5066,5.0968,3.657666666666666,1.4391333333333338,9.2246,0.7196,1.8099,3.2608,2.035888888888889,1.224911111111111,5.3985,0.6125,1.6556,0.9439,0.709111111111111,0.2347888888888889,1.3474,0.1174,1.4275,0.5491,0.4205,0.1286,0.7953,0.0643,1.4484,1.6469,1.1113888888888888,0.5355111111111113,2.8288,0.2678,1.7177,0.4691,0.4601722222222222,0.0089277777777778,0.4895,0.0045,1.0435,0.7828,0.7444944444444445,0.0383055555555555,0.7891,0.0192,1.008,1.6758,1.0002222222222223,0.6755777777777776,1.6958,0.3378,1.0119,0.4773,0.4212388888888889,0.0560611111111111,0.5347,0.028,1.1203,63,34.35170371522193,4.27689387582527,1.8936365556063404,2.798525707887142,2.86940086607096,2.0490482944361847,1.4558455163331332,0.8386613614640139,2.5487125379151596,0.6938301351591141,0.771055353654573,1.7845334997616904,0.7915123595729991,1.7235569337029792,1.6800442539963176,26.2639,63.0,39961979.31,40000246.45,39584299.34,40416193.55,854620.59,20.1807,star
De'Aaron Fox,1628368,SAS,PG,19.962,4.165,5.614,1.357,0.323,2.363,0.4652,0.7946,1.964,0.5057,5.614,0.323,1.357,1.964,raw_dbb2_flat_file,14.2003,8.8863125,5.3139875,22.619,2.657,1.5929,5.0968,3.6095625,1.4872375,4.9086,0.7436,0.9631,3.2608,2.0776875,1.1831125,6.2056,0.5916,1.9031,0.9439,0.64025,0.30365,1.5088,0.1518,1.5985,0.5491,0.438375,0.110725,0.3784,0.0554,0.6891,1.6469,1.095,0.5519000000000001,2.639,0.276,1.6024,0.4691,0.4674875,0.0016125,0.466,0.0008,0.9934,0.7828,0.7385375,0.0442625,0.8167,0.0221,1.0433,1.6758,0.9138125,0.7619875,2.345,0.381,1.3993,0.4773,0.421575,0.055725,0.5336,0.0279,1.118,69,33.48464043973139,4.153897151449366,2.10272108606676,1.4376854747545018,1.944825907125181,2.0781279830608628,0.5587028777509905,1.3062323401762066,1.785099804585356,1.0820038460546058,0.28805527484299226,1.5760216055226566,1.1625123505725439,1.6340332830615203,1.8640957081609166,23.6865,69.0,39490295.3,39584299.34,38752405.14,40000246.45,879501.83,19.9343,star
Miles Bridges,1628970,CHA,SF,18.091,6.722,3.226,0.833,0.566,1.829,0.458,0.8131,1.757,0.4964,3.226,0.566,0.833,1.757,raw_dbb2_flat_file,14.2003,8.990764705882352,5.209535294117648,20.6958,2.6048,1.4574,5.0968,3.619529411764706,1.477270588235294,7.4606,0.7386,1.4638,3.2608,1.9743529411764704,1.2864470588235295,3.8692,0.6432,1.1866,0.9439,0.615,0.3288999999999999,0.9974,0.1644,1.0567,0.5491,0.3798235294117646,0.1692764705882353,0.6506,0.0846,1.1848,1.6469,1.1689411764705882,0.4779588235294119,2.068,0.239,1.2557,0.4691,0.4548999999999999,0.0142,0.4651,0.0071,0.9915,0.7828,0.7540470588235294,0.0287529411764706,0.8275,0.0144,1.0571,1.6758,1.0884705882352943,0.5873294117647057,2.0507,0.2937,1.2237,0.4773,0.4224823529411765,0.0548176470588235,0.5238,0.0274,1.0974,71,32.872587837627826,3.7487713460222163,1.762025025748366,1.7204034907275458,1.5099605683341248,0.8106620929383282,0.7255245203630718,1.5036949540770652,1.2941100885135963,-0.07018998823090093,1.4737520360587641,1.5815285646948032,1.3356200485066871,1.5419709751275021,1.3029959467400731,22.9114,71.0,39261108.44,39168352.24,38752405.14,40000246.45,940378.21,19.8205,star
Kawhi Leonard,202695,LAC,SF,21.394,6.397,3.369,1.469,0.543,1.956,0.4963,0.8454,1.853,0.4447,3.369,0.543,1.469,1.853,raw_dbb2_flat_file,14.2003,9.250625,4.949675000000001,23.8688,2.4748,1.6809,5.0968,3.37875,1.71805,7.256,0.859,1.4236,3.2608,2.192375,1.068425,3.9032,0.5342,1.197,0.9439,0.7555000000000001,0.1883999999999999,1.5632,0.0942,1.6561,0.5491,0.4111875,0.1379125,0.612,0.069,1.1146,1.6469,1.1773125,0.4695875,2.1908,0.2348,1.3303,0.4691,0.45813125,0.01096875,0.5018,0.0055,1.0697,0.7828,0.77625,0.00655,0.8487,0.0033,1.0842,1.6758,1.0209375,0.6548624999999999,2.1804,0.3274,1.3011,0.4773,0.4134875,0.0638125,0.4766,0.0319,0.9985,62,32.59192129122462,4.613178042482864,2.3599680157818006,1.5953559818665177,1.5401841805247036,2.812601843816863,0.5307049595859858,1.7467348440796373,1.4966142693581175,1.0789714268680164,1.8616991628027446,0.7024613229372653,0.7234988984562881,1.5075145105321839,1.9201312956201744,25.6545,62.0,38343113.19,38336458.03,37504563.83,39168352.24,1016456.26,19.3927,star
VJ Edgecombe,1642845,PHI,PG,16.194,4.946,4.559,1.275,0.43,2.135,0.4402,0.804,1.785,0.5518,4.559,0.43,1.275,1.785,raw_dbb2_flat_file,14.2003,9.916666666666666,4.283633333333334,18.3358,2.1418,1.2912,5.0968,3.947611111111111,1.1491888888888888,5.5206,0.5746,1.0832,3.2608,2.145888888888889,1.1149111111111112,5.1165,0.5575,1.5691,0.9439,0.7621666666666667,0.1817333333333333,1.3659,0.0909,1.4471,0.5491,0.4476111111111111,0.1014888888888889,0.4807,0.0507,0.8754,1.6469,1.2115,0.4354,2.3527,0.2177,1.4286,0.4691,0.4532722222222222,0.0158277777777778,0.4481,0.0079,0.9552,0.7828,0.7502888888888889,0.0325111111111111,0.8203,0.0163,1.0479,1.6758,0.9857777777777778,0.6900222222222222,2.13,0.345,1.271,0.4773,0.4195222222222222,0.0577777777777777,0.5807,0.0289,1.2166,73,33.44770715022398,3.0920043345879966,1.2601781574323103,2.0050794840002615,1.2103895690291033,1.5887884138123842,1.3607126824605111,0.9436796890824449,1.3321902170398985,0.4571768388707464,0.371738342012181,2.634917749643401,1.419434548457745,1.6291205204135182,1.011146084465074,21.7916,73.0,38332714.51,38336458.03,37504563.83,39168352.24,1034773.99,19.3893,star
Deni Avdija,1630166,POR,SF,19.037,6.971,4.341,0.939,0.64,2.721,0.4706,0.7868,1.53,0.5149,4.341,0.64,0.939,1.53,raw_dbb2_flat_file,14.2003,9.020555555555555,5.179744444444445,21.6269,2.5899,1.523,5.0968,3.588833333333333,1.5079666666666665,7.725,0.754,1.5157,3.2608,2.1012222222222223,1.1595777777777778,4.9208,0.5798,1.5091,0.9439,0.7107777777777778,0.2331222222222221,1.0556,0.1166,1.1183,0.5491,0.4397777777777778,0.1093222222222222,0.6947,0.0547,1.2652,1.6469,1.2561666666666669,0.3907333333333334,2.9164,0.1954,1.7708,0.4691,0.4412666666666667,0.0278333333333333,0.4845,0.0139,1.0328,0.7828,0.7468,0.036,0.8048,0.018,1.0281,1.6758,1.005111111111111,0.6706888888888889,1.8653,0.3353,1.1131,0.4773,0.4309944444444444,0.0463055555555555,0.5381,0.0232,1.1274,68,32.42162151326053,5.898771913623274,1.9374882208382278,1.8819995872224418,2.4447591147933254,1.0165880270159724,0.9481033449814528,1.1562809555691482,2.6931699177358435,0.5372686344644385,1.0583558201583687,1.8478561400577855,1.1315796651565542,1.4866073937232558,2.8379694213923474,23.0832,68.0,37758296.89,37920510.93,37088616.72,38336458.03,1061871.06,19.1277,star
Alperen Sengun,1630578,HOU,C,18.564,9.435,4.288,1.026,1.157,2.575,0.521,0.6951,0.454,0.4987,4.288,1.157,1.026,0.454,raw_dbb2_flat_file,14.2003,8.824733333333334,5.375566666666666,21.2518,2.6878,1.4966,5.0968,4.1628,0.9340000000000002,9.902,0.467,1.9428,3.2608,1.8478666666666668,1.4129333333333334,4.9945,0.7065,1.5317,0.9439,0.6666000000000001,0.2772999999999999,1.1646,0.1386,1.2338,0.5491,0.4863333333333333,0.0627666666666666,1.1884,0.0314,2.1643,1.6469,1.1314666666666668,0.5154333333333332,2.8327,0.2577,1.72,0.4691,0.4574066666666666,0.0116933333333333,0.5268,0.0058,1.123,0.7828,0.7326733333333333,0.0501266666666667,0.7202,0.0251,0.92,1.6758,0.7818666666666666,0.8939333333333334,0.901,0.447,0.5377,0.4773,0.4135466666666667,0.0637533333333333,0.5306,0.0319,1.1117,68,32.39208322900456,5.0938311157736385,2.361531351862956,1.3244630458124291,2.6639661640833245,2.269927412796608,0.76299014442188,0.8551579114240021,2.903249513081634,-0.33754118771941616,0.5721386912545396,2.6907893726280885,0.9937459002901771,1.7731807577388383,2.6466336889544246,22.9924,68.0,37554893.43,37504563.83,36672669.62,38336458.03,1288516.77,19.0676,star
Cooper Flagg,1642843,DAL,SF,18.284,6.38,3.628,1.108,0.886,2.178,0.4594,0.7937,1.132,0.5047,3.628,0.886,1.108,1.132,raw_dbb2_flat_file,14.2003,9.4712,4.729100000000001,20.6486,2.3646,1.4541,5.0968,3.9284,1.1684,6.9642,0.5842,1.3664,3.2608,2.088,1.1728,4.2144,0.5864,1.2924,0.9439,0.6827500000000001,0.2611499999999999,1.2386,0.1306,1.3122,0.5491,0.4574,0.0917,0.9318,0.0458,1.697,1.6469,1.1912,0.4557,2.4058,0.2278,1.4608,0.4691,0.463675,0.005425,0.4621,0.0027,0.9851,0.7828,0.755695,0.027105,0.8073,0.0136,1.0313,1.6758,0.893,0.7827999999999999,1.5234,0.3914,0.9091,0.4773,0.4149949999999999,0.062305,0.5359,0.0312,1.1228,70,32.67758817318342,4.461218996185146,1.7531303175449062,1.417013542542725,1.8168191250455323,1.664087098084851,2.144779973485264,0.5156075678137182,1.8511614915207573,-0.16412688864770622,1.104104302085726,1.8068826669250193,1.2676065873899762,1.5180315383826075,1.8116415078427157,22.1775,70.0,37218440.21,37088616.72,36672669.62,37920510.93,1182928.61,18.9207,star
Nickeil Alexander-Walker,1629638,ATL,PG,15.749,3.42,3.769,1.071,0.432,1.809,0.4511,0.8521,2.194,0.5085,3.769,0.432,1.071,2.194,raw_dbb2_flat_file,14.2003,9.143944444444443,5.056355555555555,18.2772,2.5282,1.2871,5.0968,3.657666666666666,1.4391333333333338,4.1396,0.7196,0.8122,3.2608,2.035888888888889,1.224911111111111,4.3815,0.6125,1.3437,0.9439,0.709111111111111,0.2347888888888889,1.1884,0.1174,1.259,0.5491,0.4205,0.1286,0.4963,0.0643,0.9038,1.6469,1.1113888888888888,0.5355111111111113,2.0768,0.2678,1.261,0.4691,0.4601722222222222,0.0089277777777778,0.4556,0.0045,0.9712,0.7828,0.7444944444444445,0.0383055555555555,0.8713,0.0192,1.1131,1.6758,1.0002222222222223,0.6755777777777776,2.5318,0.3378,1.5108,0.4773,0.4212388888888889,0.0560611111111111,0.5365,0.028,1.124,75,30.583083167104377,3.024837916753033,1.248651024536817,0.7247345056205323,0.714741135918629,0.9809663456416011,1.4830132978414352,1.6212315737776695,0.8957328115079672,0.7189758642271119,1.557248460242338,1.6412190326553566,1.5478956474003456,1.2480762675853225,0.9571956575409513,20.3125,75.0,36264988.13,36672669.62,35840775.41,37088616.72,1828613.92,18.5839,star
Scottie Barnes,1630567,TOR,SG,18.133,7.298,4.697,1.275,1.097,2.444,0.4759,0.7797,1.151,0.5067,4.697,1.097,1.275,1.151,raw_dbb2_flat_file,14.2003,9.23675,4.9635500000000015,20.6148,2.4818,1.4517,5.0968,3.6478125,1.4489875,8.0225,0.7245,1.574,3.2608,2.18275,1.0780500000000002,5.236,0.539,1.6057,0.9439,0.678875,0.2650249999999999,1.4075,0.1325,1.4912,0.5491,0.401625,0.147475,1.1707,0.0737,2.132,1.6469,1.1529375,0.4939625000000001,2.691,0.247,1.634,0.4691,0.4618875,0.0072125,0.4795,0.0036,1.0222,0.7828,0.7451625,0.0376375000000001,0.7985,0.0188,1.0201,1.6758,0.855875,0.8199249999999999,1.561,0.41,0.9315,0.4773,0.43621875,0.04108125,0.5272,0.0205,1.1045,72,33.5502171177448,4.192423430241208,1.2227841093235596,2.266653155420014,1.467742116359545,1.3645390342723651,4.086659453134094,-0.1154651465830242,1.7435440140900085,1.060146801938971,-0.10341683230314438,0.9389301870888077,1.2302767279367228,1.2460662232929967,1.208608212113028,21.0581,72.0,35931537.2,36256722.52,35424828.31,37088616.72,2001162.29,18.4867,star
Trey Murphy III,1630530,NOP,SF,18.966,5.983,3.22,1.176,0.616,1.809,0.4637,0.8308,2.342,0.5149,3.22,0.616,1.176,2.342,raw_dbb2_flat_file,14.2003,10.4724,3.7279,20.83,1.864,1.4669,5.0968,4.337199999999999,0.7596000000000007,6.3628,0.3798,1.2484,3.2608,2.329333333333333,0.9314666666666672,3.6857,0.4657,1.1303,0.9439,0.7901333333333334,0.1537666666666666,1.2529,0.0769,1.3274,0.5491,0.5034666666666666,0.0456333333333334,0.6388,0.0228,1.1634,1.6469,1.3388,0.3081,1.963,0.154,1.1919,0.4691,0.4649933333333333,0.0041066666666667,0.4658,0.0021,0.993,0.7828,0.7565666666666666,0.0262333333333334,0.8439,0.0131,1.0781,1.6758,0.9537333333333332,0.7220666666666666,2.703,0.361,1.613,0.4773,0.4297066666666666,0.0475933333333333,0.5387,0.0238,1.1286,64,33.86042633634444,4.002314969016412,1.7873146410217624,1.0494496528603097,1.3468419554820295,1.7146840200317635,0.6659682815762945,2.7260150793559976,1.120959119550447,-0.04827137813364706,1.7738620775022202,1.8590307236394479,0.8595258206897102,1.6632445030670358,1.4840111249814316,23.508,64.0,35405161.48,35840775.41,35008881.21,36672669.62,2287039.5,18.3518,star
Victor Wembanyama,1641705,SAS,PF,21.136,9.297,3.175,1.084,2.316,2.577,0.4828,0.8029,1.804,0.5145,3.175,2.316,1.084,1.804,raw_dbb2_flat_file,14.2003,8.8863125,5.3139875,23.793,2.657,1.6755,5.0968,3.6095625,1.4872375,10.0406,0.7436,1.97,3.2608,2.0776875,1.1831125,3.7666,0.5916,1.1551,0.9439,0.64025,0.30365,1.2358,0.1518,1.3092,0.5491,0.438375,0.110725,2.3714,0.0554,4.3187,1.6469,1.095,0.5519000000000001,2.853,0.276,1.7323,0.4691,0.4674875,0.0016125,0.4836,0.0008,1.0309,0.7828,0.7385375,0.0442625,0.825,0.0221,1.0539,1.6758,0.9138125,0.7619875,2.185,0.381,1.3039,0.4773,0.421575,0.055725,0.5424,0.0279,1.1364,62,31.564936042165705,5.179689099452824,1.9950056110615084,1.6245720707035047,1.5910206439389616,2.107035277791391,3.4355084282928057,2.063685166358027,2.287939214113758,-0.6253810014941362,1.4462839257055744,2.00660840376149,0.7360385113851753,1.2999165323538016,1.7177461735400985,24.1897,62.0,35029390.6,35632801.86,35008881.21,36256722.52,2554230.71,18.2608,star
Dyson Daniels,1630700,ATL,PG,13.654,5.247,4.809,1.783,0.438,1.931,0.4755,0.7358,1.021,0.5335,4.809,0.438,1.783,1.021,raw_dbb2_flat_file,14.2003,9.143944444444443,5.056355555555555,16.1822,2.5282,1.1396,5.0968,3.657666666666666,1.4391333333333338,5.9666,0.7196,1.1707,3.2608,2.035888888888889,1.224911111111111,5.4215,0.6125,1.6626,0.9439,0.709111111111111,0.2347888888888889,1.9004,0.1174,2.0133,0.5491,0.4205,0.1286,0.5023,0.0643,0.9148,1.6469,1.1113888888888888,0.5355111111111113,2.1988,0.2678,1.3351,0.4691,0.4601722222222222,0.0089277777777778,0.48,0.0045,1.0232,0.7828,0.7444944444444445,0.0383055555555555,0.755,0.0192,0.9645,1.6758,1.0002222222222223,0.6755777777777776,1.3588,0.3378,0.8108,0.4773,0.4212388888888889,0.0560611111111111,0.5615,0.028,1.1764,71,31.955947776301855,2.4538604982479986,0.8365461880852925,2.4185725038100796,1.416066809979708,3.4191033176844057,1.530051996064867,-0.3567882389338738,1.088729562051264,1.5706953600531528,-1.1461795152511403,2.2032658182820786,1.2909734495151444,1.4306908698258027,0.49856653177648835,20.6542,71.0,32584592.17,34592934.1,28199080.55,35424828.31,3625503.79,17.8751,core
Toumani Camara,1641739,POR,SF,13.926,5.904,2.466,1.157,0.606,1.751,0.4567,0.7585,1.722,0.5149,2.466,0.606,1.157,1.722,raw_dbb2_flat_file,14.2003,9.020555555555555,5.179744444444445,16.5159,2.5899,1.1631,5.0968,3.588833333333333,1.5079666666666665,6.658,0.754,1.3063,3.2608,2.1012222222222223,1.1595777777777778,3.0458,0.5798,0.9341,0.9439,0.7107777777777778,0.2331222222222221,1.2736,0.1166,1.3493,0.5491,0.4397777777777778,0.1093222222222222,0.6607,0.0547,1.2032,1.6469,1.2561666666666669,0.3907333333333334,1.9464,0.1954,1.1819,0.4691,0.4412666666666667,0.0278333333333333,0.4706,0.0139,1.0032,0.7828,0.7468,0.036,0.7765,0.018,0.992,1.6758,1.005111111111111,0.6706888888888889,2.0573,0.3353,1.2277,0.4773,0.4309944444444444,0.0463055555555555,0.5381,0.0232,1.1274,76,32.24908311569481,2.728528771783194,0.9743345422813782,1.229870105527834,0.7780157954599272,1.787925718234637,0.7765006230534492,1.5160624426970883,1.0935847758857962,0.1020276625332421,0.5404830047406968,1.8478561400577855,1.6756873540902422,1.4654254493011525,0.5746029812836849,19.1793,76.0,31732497.87,34176987.0,27943113.1,35008881.21,3761489.06,17.7669,core
Paolo Banchero,1631094,ORL,SF,20.818,7.382,4.214,0.902,0.678,2.652,0.4615,0.7556,1.334,0.5088,4.214,0.678,0.902,1.334,raw_dbb2_flat_file,14.2003,9.959933333333334,4.240366666666667,22.9382,2.1202,1.6153,5.0968,3.8836,1.2132,7.9886,0.6066,1.5674,3.2608,2.1512666666666664,1.1095333333333337,4.7688,0.5548,1.4625,0.9439,0.7268000000000001,0.2170999999999998,1.0105,0.1085,1.0706,0.5491,0.4478,0.1013,0.7286,0.0506,1.3269,1.6469,1.2436666666666667,0.4032333333333333,2.8536,0.2016,1.7327,0.4691,0.4565933333333333,0.0125066666666666,0.4678,0.0063,0.9972,0.7828,0.7623666666666666,0.0204333333333334,0.7658,0.0102,0.9783,1.6758,0.9354666666666668,0.7403333333333333,1.7042,0.3702,1.0169,0.4773,0.4337466666666666,0.0435533333333333,0.5306,0.0218,1.1117,66,34.1289698528932,6.491624941949186,2.184599044295789,2.043106739401166,2.309641789706031,0.857013119337248,1.1192013530214326,0.8544018015258612,2.589609147727408,0.014353222144223134,0.34467950209161347,1.7081738452869892,0.9955527429231322,1.6962126650686864,3.261231483068419,21.9704,66.0,31001470.83,28455048.0,27943113.1,34592934.1,3692007.09,17.6701,core
Josh Hart,1628404,NYK,PG,13.55,6.502,4.93,1.201,0.292,1.957,0.4731,0.7929,1.466,0.4823,4.93,0.292,1.201,1.466,raw_dbb2_flat_file,14.2003,9.263352941176471,4.936947058823529,16.0185,2.4685,1.128,5.0968,3.6023529411764708,1.4944470588235292,7.2492,0.7472,1.4223,3.2608,2.238647058823529,1.0221529411764707,5.4411,0.5111,1.6686,0.9439,0.686235294117647,0.2576647058823529,1.3298,0.1288,1.4088,0.5491,0.3651764705882353,0.1839235294117647,0.384,0.092,0.6993,1.6469,1.1476470588235292,0.4992529411764708,2.2066,0.2496,1.3399,0.4691,0.4636705882352941,0.0054294117647058,0.4758,0.0027,1.0143,0.7828,0.7486411764705883,0.0341588235294118,0.81,0.0171,1.0347,1.6758,1.005941176470588,0.6698588235294118,1.8009,0.3349,1.0747,0.4773,0.4239882352941176,0.0533117647058823,0.509,0.0267,1.0664,67,32.933085719638996,2.566402922595681,0.8043449653038531,3.6076894258012753,1.4292841015293205,1.4651693903703271,0.6026056627595272,0.3887211891989251,1.101068698561409,1.424087905853589,0.1323117887225613,1.0229675684659634,1.0340512516299432,1.5606670201767843,0.5889645615709637,21.4697,67.0,30077758.97,28199080.55,27431178.21,34592934.1,3603642.88,17.5442,core
Karl-Anthony Towns,1626157,NYK,PF,19.593,10.775,2.926,0.829,0.967,2.381,0.5132,0.812,1.289,0.4675,2.926,0.967,0.829,1.289,raw_dbb2_flat_file,14.2003,9.263352941176471,4.936947058823529,22.0615,2.4685,1.5536,5.0968,3.6023529411764708,1.4944470588235292,11.5222,0.7472,2.2607,3.2608,2.238647058823529,1.0221529411764707,3.4371,0.5111,1.0541,0.9439,0.686235294117647,0.2576647058823529,0.9578,0.1288,1.0147,0.5491,0.3651764705882353,0.1839235294117647,1.059,0.092,1.9286,1.6469,1.1476470588235292,0.4992529411764708,2.6306,0.2496,1.5973,0.4691,0.4636705882352941,0.0054294117647058,0.5159,0.0027,1.0998,0.7828,0.7486411764705883,0.0341588235294118,0.8291,0.0171,1.0591,1.6758,1.005941176470588,0.6698588235294118,1.6239,0.3349,0.969,0.4773,0.4239882352941176,0.0533117647058823,0.4942,0.0267,1.0354,69,32.27254846591186,5.129855292620358,1.6887488625451346,2.272130481805593,1.2536444939771465,0.9020023244278107,0.4923930073513226,1.0105926318398981,1.9334560892883,0.0385524479775818,1.5191928533518702,1.1758835549756694,1.3099299249652008,1.3942695379604717,1.6863868487257334,20.818,69.0,29787635.87,27943113.1,27431178.21,34176987.0,3523884.39,17.5149,core
Payton Pritchard,1630202,BOS,PG,15.667,3.876,4.505,0.901,0.194,1.523,0.4591,0.8418,2.333,0.5057,4.505,0.194,0.901,2.333,raw_dbb2_flat_file,14.2003,10.554846153846151,3.6454538461538473,17.4897,1.8227,1.2316,5.0968,4.29,0.8068,4.2794,0.4034,0.8396,3.2608,2.365692307692308,0.8951076923076924,4.9526,0.4476,1.5188,0.9439,0.6874615384615385,0.2564384615384615,1.0292,0.1282,1.0904,0.5491,0.4480769230769231,0.1010230769230769,0.2445,0.0505,0.4453,1.6469,1.1839230769230769,0.4629769230769232,1.7545,0.2315,1.0653,0.4691,0.4659153846153846,0.0031846153846153,0.4607,0.0016,0.9821,0.7828,0.764453846153846,0.018346153846154,0.851,0.0092,1.0871,1.6758,1.2137692307692307,0.4620307692307692,2.564,0.231,1.53,0.4773,0.4291384615384616,0.0481615384615384,0.5298,0.0241,1.11,75,30.79012029866401,2.240176462232222,1.0937428819565895,0.8543450979286324,1.099863340203516,0.43580987661180565,-0.49104407093527386,1.6755301568717118,0.38587336314645443,0.8969992014694401,1.0853689425938635,1.4905904941073969,1.5478956474003456,1.2756157665100372,0.32692800553786544,19.0785,75.0,29387249.45,27943113.1,27175210.76,34176987.0,3366478.07,17.4545,core
Matas Buzelis,1641824,CHI,SF,14.923,5.672,2.168,0.772,1.093,1.824,0.4633,0.7784,1.54,0.5198,2.168,1.093,0.772,1.54,raw_dbb2_flat_file,14.2003,8.785941176470587,5.4143588235294136,17.6302,2.7072,1.2415,5.0968,3.529588235294117,1.5672117647058823,6.4556,0.7836,1.2666,3.2608,2.090058823529412,1.1707411764705884,2.7534,0.5854,0.8444,0.9439,0.6158823529411765,0.3280176470588234,0.936,0.164,0.9916,0.5491,0.3896470588235294,0.1594529411764705,1.1727,0.0797,2.1357,1.6469,1.1739411764705885,0.4729588235294117,2.0605,0.2365,1.2511,0.4691,0.4611058823529412,0.0079941176470588,0.4673,0.004,0.9962,0.7828,0.7538823529411764,0.0289176470588236,0.7929,0.0145,1.0129,1.6758,0.949,0.7268,1.9034,0.3634,1.1358,0.4773,0.4102058823529412,0.0670941176470588,0.5533,0.0335,1.1592,75,28.543053872301655,3.2696150002285274,1.1843212658219568,1.106167193536279,0.5180927306209483,0.5934137707327046,3.3606357297339704,1.2276750944210988,1.2817421621590859,-0.0013029279252444145,0.8405930461841549,2.1309455907932637,1.6076738929735312,1.0104490117789473,0.9609066040264209,19.0666,75.0,29359343.67,27943113.1,27175210.76,34176987.0,3382141.48,17.4368,core
Jabari Smith Jr.,1631095,HOU,SF,15.43,6.973,2.068,0.805,0.828,1.591,0.4564,0.779,1.686,0.5145,2.068,0.828,0.805,1.686,raw_dbb2_flat_file,14.2003,8.824733333333334,5.375566666666666,18.1178,2.6878,1.2759,5.0968,4.1628,0.9340000000000002,7.44,0.467,1.4597,3.2608,1.8478666666666668,1.4129333333333334,2.7745,0.7065,0.8509,0.9439,0.6666000000000001,0.2772999999999999,0.9436,0.1386,0.9997,0.5491,0.4863333333333333,0.0627666666666666,0.8594,0.0314,1.5651,1.6469,1.1314666666666668,0.5154333333333332,1.8487,0.2577,1.1225,0.4691,0.4574066666666666,0.0116933333333333,0.4622,0.0058,0.9853,0.7828,0.7326733333333333,0.0501266666666667,0.8041,0.0251,1.0272,1.6758,0.7818666666666666,0.8939333333333334,2.133,0.447,1.2728,0.4773,0.4135466666666667,0.0637533333333333,0.5464,0.0319,1.1448,70,33.02585673154508,3.255824816524861,1.2762081242966818,1.707813174586113,0.5368491487745136,0.6203044425366578,1.779367118556222,1.657913789444927,0.932471921907704,-0.16099565863381307,1.0455462452187105,2.0024378796041318,1.2676065873899762,1.5607872689982962,0.9510612269996938,20.1322,70.0,27810916.58,27175210.76,26407308.41,27943113.1,2507615.3,17.18,core
Austin Reaves,1630559,LAL,PG,19.496,4.33,5.271,1.103,0.339,2.454,0.4686,0.8576,2.137,0.5085,5.271,0.339,1.103,2.137,raw_dbb2_flat_file,14.2003,9.564941176470589,4.635358823529414,21.8137,2.3177,1.5361,5.0968,3.6745882352941175,1.4222117647058825,5.0411,0.7111,0.9891,3.2608,2.2321764705882354,1.0286235294117647,5.7853,0.5143,1.7742,0.9439,0.6849411764705883,0.2589588235294117,1.2325,0.1295,1.3058,0.5491,0.3651176470588235,0.1839823529411764,0.431,0.092,0.7849,1.6469,1.2188823529411763,0.4280176470588235,2.668,0.214,1.62,0.4691,0.4649647058823529,0.004135294117647,0.4707,0.0021,1.0034,0.7828,0.744035294117647,0.038764705882353,0.877,0.0194,1.1203,1.6758,0.9627058823529412,0.7130941176470588,2.4935,0.3565,1.4879,0.4773,0.4305176470588235,0.0467823529411764,0.5319,0.0234,1.1144,61,33.799961437246175,5.027584378430148,1.9443115276923384,1.5605281319849973,1.661395925579151,1.1319801665223423,0.9710754655097468,1.5566466131409669,1.8309760813538452,1.2460645686112608,1.689746649926886,1.5378024241000412,0.6486679548021412,1.6759763983210023,2.5658719888252297,22.9284,61.0,27441758.2,26919243.31,26151340.97,27687145.66,2383645.55,17.0788,core
Jaden McDaniels,1630183,MIN,SF,14.882,5.417,2.523,1.112,0.839,1.721,0.4846,0.7936,1.295,0.5149,2.523,0.839,1.112,1.295,raw_dbb2_flat_file,14.2003,9.3915,4.8088,17.2864,2.4044,1.2173,5.0968,3.598375,1.498425,6.1662,0.7492,1.2098,3.2608,2.197875,1.0629250000000003,3.0545,0.5315,0.9367,0.9439,0.7104375,0.2334624999999999,1.2287,0.1167,1.3017,0.5491,0.429875,0.119225,0.8986,0.0596,1.6365,1.6469,1.16025,0.48665,1.9643,0.2433,1.1927,0.4691,0.4592625,0.0098374999999999,0.4895,0.0049,1.0435,0.7828,0.7549875,0.0278125,0.8075,0.0139,1.0316,1.6758,1.0204375,0.6553625000000001,1.6227,0.3277,0.9683,0.4773,0.42216875,0.05513125,0.5425,0.0276,1.1366,72,32.17589622037039,2.905948625938395,1.1195331158145525,0.9292915871610031,0.7857494844616342,1.6290584598139115,1.977214962661449,0.7016820556876995,1.1231028934518952,0.6938301351591141,1.107764180639914,1.929803086323318,1.4036335096233983,1.4564405463980314,0.7012702827294588,19.3139,72.0,26953159.0,26663275.86,25895373.52,27431178.21,1938545.0,16.9644,core
Bam Adebayo,1628389,MIA,PF,18.563,9.881,3.363,1.044,0.928,1.977,0.4879,0.757,0.951,0.5003,3.363,0.928,1.044,0.951,raw_dbb2_flat_file,14.2003,10.5542,3.646100000000001,20.386,1.823,1.4356,5.0968,3.9381333333333335,1.1586666666666663,10.4603,0.5793,2.0523,3.2608,2.4346,0.8262,3.7761,0.4131,1.158,0.9439,0.7641333333333333,0.1797666666666666,1.1339,0.0899,1.2013,0.5491,0.3908666666666667,0.1582333333333333,1.0071,0.0791,1.8341,1.6469,1.2644666666666666,0.3824333333333334,2.1682,0.1912,1.3165,0.4691,0.4581266666666667,0.0109733333333333,0.4934,0.0055,1.0518,0.7828,0.7705466666666667,0.0122533333333333,0.7631,0.0061,0.9748,1.6758,1.1222666666666667,0.5535333333333332,1.2278,0.2768,0.7327,0.4773,0.4400866666666667,0.0372133333333333,0.5189,0.0186,1.0872,71,32.952172831211016,5.0637089066202625,1.3923970391901337,1.8080090747123783,1.60074772565258,1.6653343499217903,0.37600494704435633,0.26717799465823605,1.1964372182483207,-0.42393989298568896,0.3455369448993043,1.6015869525899806,1.4738989002737795,1.4848906172372036,1.6447623745841757,19.6012,71.0,26949719.43,26663275.86,25895373.52,27431178.21,1937344.68,16.9692,core
Michael Porter Jr.,1629008,BKN,SF,19.281,6.943,2.606,0.921,0.509,1.863,0.4746,0.8104,2.293,0.4982,2.606,0.509,0.921,2.293,raw_dbb2_flat_file,14.2003,8.809833333333334,5.390466666666667,21.9762,2.6952,1.5476,5.0968,3.629055555555555,1.467744444444445,7.6769,0.7339,1.5062,3.2608,1.9996111111111112,1.261188888888889,3.2366,0.6306,0.9926,0.9439,0.7076666666666667,0.2362333333333333,1.0391,0.1181,1.1009,0.5491,0.4147222222222222,0.1343777777777778,0.5762,0.0672,1.0494,1.6469,1.1893333333333334,0.4575666666666667,2.0918,0.2288,1.2701,0.4691,0.4530777777777778,0.0160222222222222,0.4826,0.008,1.0288,0.7828,0.7681388888888888,0.0146611111111112,0.8177,0.0073,1.0446,1.6758,1.0036111111111112,0.6721888888888887,2.6291,0.3361,1.5689,0.4773,0.4118722222222222,0.0654277777777777,0.5309,0.0327,1.1123,62,32.89805892947169,3.5712736928542954,2.0033128304879844,1.8526018102125912,0.947623595635294,0.9582069632310727,0.35001738767355906,2.5875366840499843,1.3333576414785768,0.4777752642004615,1.2944179869035273,1.7137611370778225,0.7234988984562881,1.5450979732880215,1.1762731013922747,22.3812,62.0,26872422.6,26407308.41,25639406.07,27431178.21,2032349.72,16.9189,core
Josh Giddey,1630581,CHI,PG,16.058,6.36,6.516,1.09,0.467,2.764,0.4536,0.7888,1.623,0.5335,6.516,0.467,1.09,1.623,raw_dbb2_flat_file,14.2003,8.785941176470587,5.4143588235294136,18.7652,2.7072,1.3215,5.0968,3.529588235294117,1.5672117647058823,7.1436,0.7836,1.4016,3.2608,2.090058823529412,1.1707411764705884,7.1014,0.5854,2.1778,0.9439,0.6158823529411765,0.3280176470588234,1.254,0.164,1.3285,0.5491,0.3896470588235294,0.1594529411764705,0.5467,0.0797,0.9956,1.6469,1.1739411764705885,0.4729588235294117,3.0005,0.2365,1.8219,0.4691,0.4611058823529412,0.0079941176470588,0.4576,0.004,0.9755,0.7828,0.7538823529411764,0.0289176470588236,0.8033,0.0145,1.0262,1.6758,0.949,0.7268,1.9864,0.3634,1.1853,0.4773,0.4102058823529412,0.0670941176470588,0.567,0.0335,1.1879,60,31.31895799383565,3.5566412186659058,1.344644895748437,3.509786145774556,2.548910079071253,1.2056036846388036,1.878138362918266,0.7015282439798214,2.3569713236132404,0.7887889376554761,-0.023431697397872188,2.3269161111199566,0.584437405330841,1.345960274414567,1.3843587563436146,23.1323,60.0,26836560.49,26407308.41,25895373.52,27431178.21,1919086.84,16.9284,core
CJ McCollum,203468,ATL,PG,18.049,3.698,4.356,0.974,0.414,1.886,0.4499,0.7966,2.443,0.456,4.356,0.414,0.974,2.443,raw_dbb2_flat_file,14.2003,9.143944444444443,5.056355555555555,20.5772,2.5282,1.4491,5.0968,3.657666666666666,1.4391333333333338,4.4176,0.7196,0.8667,3.2608,2.035888888888889,1.224911111111111,4.9685,0.6125,1.5237,0.9439,0.709111111111111,0.2347888888888889,1.0914,0.1174,1.1563,0.5491,0.4205,0.1286,0.4783,0.0643,0.8711,1.6469,1.1113888888888888,0.5355111111111113,2.1538,0.2678,1.3078,0.4691,0.4601722222222222,0.0089277777777778,0.4544,0.0045,0.9687,0.7828,0.7444944444444445,0.0383055555555555,0.8158,0.0192,1.0422,1.6758,1.0002222222222223,0.6755777777777776,2.7808,0.3378,1.6594,0.4773,0.4212388888888889,0.0560611111111111,0.484,0.028,1.014,69,31.60295398514571,3.0865032998918234,1.7010811552473217,0.9824723072060249,1.110585530797334,0.6488044266975675,1.3418972031711383,2.041118132486258,1.0175422360311956,0.6770880201700943,0.26713450805069505,0.46092078283924126,1.1625123505725439,1.3837366251512166,1.0067274600996627,19.9209,69.0,26435598.15,26151340.97,25383438.62,26919243.31,1705591.53,16.7815,core
Pascal Siakam,1627783,IND,SF,19.976,6.654,3.48,1.001,0.516,1.876,0.494,0.7345,1.395,0.4612,3.48,0.516,1.001,1.395,raw_dbb2_flat_file,14.2003,9.299555555555555,4.900744444444445,22.4264,2.4504,1.5793,5.0968,3.769944444444444,1.326855555555556,7.3174,0.6634,1.4357,3.2608,2.2429444444444444,1.0178555555555555,3.9889,0.5089,1.2233,0.9439,0.6926111111111112,0.2512888888888888,1.1266,0.1256,1.1936,0.5491,0.4008333333333333,0.1482666666666667,0.5901,0.0741,1.0747,1.6469,1.1437777777777778,0.5031222222222222,2.1276,0.2516,1.2919,0.4691,0.4635222222222223,0.0055777777777777,0.4968,0.0028,1.059,0.7828,0.7666499999999999,0.0161500000000001,0.7426,0.0081,0.9486,1.6758,0.973388888888889,0.702411111111111,1.7462,0.3512,1.042,0.4773,0.4178944444444444,0.0594055555555555,0.4909,0.0297,1.0285,66,32.82517407757764,4.712665367927677,2.0881517633947144,1.6328824581327304,1.6163654618403689,1.2678035136055374,0.4201726181088306,0.9331040018350981,1.3923938766107746,0.9224099261733409,-0.07986641019425209,0.9687888983002476,0.9955527429231322,1.5361501512158662,1.9911593725068137,20.8199,66.0,26366374.95,26151340.97,25639406.07,26919243.31,1529202.18,16.7742,core
Donte DiVincenzo,1628978,MIN,PG,14.197,3.92,4.043,1.241,0.352,1.713,0.4331,0.7975,2.541,0.4848,4.043,0.352,1.241,2.541,raw_dbb2_flat_file,14.2003,9.3915,4.8088,16.6014,2.4044,1.1691,5.0968,3.598375,1.498425,4.6692,0.7492,0.9161,3.2608,2.197875,1.0629250000000003,4.5745,0.5315,1.4029,0.9439,0.7104375,0.2334624999999999,1.3577,0.1167,1.4384,0.5491,0.429875,0.119225,0.4116,0.0596,0.7496,1.6469,1.16025,0.48665,1.9563,0.2433,1.1879,0.4691,0.4592625,0.0098374999999999,0.438,0.0049,0.9337,0.7828,0.7549875,0.0278125,0.8114,0.0139,1.0365,1.6758,1.0204375,0.6553625000000001,2.8687,0.3277,1.7118,0.4773,0.42216875,0.05513125,0.5124,0.0276,1.0735,73,30.48810335115204,2.1210970125679003,0.919006497126094,1.215734288784837,0.8448909965857329,1.560708746437734,0.8189836745873159,2.1893431465845907,0.705108971832006,0.1046208180575079,0.16485520373279997,1.0994059313111966,1.419434548457745,1.2354423186913026,0.23127920730858867,18.7023,73.0,26011001.48,25895373.52,25127471.17,26663275.86,1373019.14,16.6344,core
Kon Knueppel,1642851,CHA,SG,17.386,4.812,4.162,0.933,0.296,2.209,0.4578,0.8232,2.448,0.5518,4.162,0.296,0.933,2.448,raw_dbb2_flat_file,14.2003,8.990764705882352,5.209535294117648,19.9908,2.6048,1.4078,5.0968,3.619529411764706,1.477270588235294,5.5506,0.7386,1.089,3.2608,1.9743529411764704,1.2864470588235295,4.8052,0.6432,1.4736,0.9439,0.615,0.3288999999999999,1.0974,0.1644,1.1626,0.5491,0.3798235294117646,0.1692764705882353,0.3806,0.0846,0.6931,1.6469,1.1689411764705882,0.4779588235294119,2.448,0.239,1.4864,0.4691,0.4548999999999999,0.0142,0.4649,0.0071,0.991,0.7828,0.7540470588235294,0.0287529411764706,0.8376,0.0144,1.07,1.6758,1.0884705882352943,0.5873294117647057,2.7417,0.2937,1.6361,0.4773,0.4224823529411765,0.0548176470588235,0.5792,0.0274,1.2135,77,31.79595421434766,3.259627912583541,1.1093148207047474,0.7252060738220292,1.147199355759934,0.3616351853865583,-0.06314493292839206,1.9304615417138895,1.3594396754965572,0.4501829752483324,0.8017284806689687,1.8016448806455805,1.6177032039579273,1.0039100870897646,0.5855334805344161,17.1737,77.0,24918244.45,24871503.72,24359568.83,25383438.62,963884.7,16.1426,core
Royce O'Neale,1626220,PHX,SF,11.786,5.374,2.717,0.983,0.529,1.392,0.4458,0.7754,1.967,0.4612,2.717,0.529,0.983,1.967,raw_dbb2_flat_file,14.2003,8.88535294117647,5.314947058823531,14.4435,2.6575,1.0171,5.0968,3.319176470588236,1.7776235294117644,6.2628,0.8888,1.2288,3.2608,1.9868235294117649,1.2739764705882353,3.354,0.637,1.0286,0.9439,0.6880588235294117,0.2558411764705882,1.1109,0.1279,1.1769,0.5491,0.3491176470588235,0.1999823529411765,0.629,0.1,1.1455,1.6469,1.0747058823529412,0.5721941176470589,1.6781,0.2861,1.0189,0.4691,0.4498411764705882,0.0192588235294118,0.4554,0.0096,0.9708,0.7828,0.7384588235294117,0.0443411764705883,0.7976,0.0222,1.0189,1.6758,1.0250588235294116,0.6507411764705884,2.2924,0.3254,1.3679,0.4773,0.4164647058823529,0.060835294117647,0.4916,0.0304,1.03,75,28.75751258085694,1.7466531588725955,0.5837965490430269,0.9883316133387908,1.0519839506698225,1.2122530468526334,0.6165063205499876,1.9566073782376023,0.6511428237637678,-0.3739192995785707,0.9266001922075833,0.9818259124788548,1.6076738929735312,1.0367773683044774,-0.1263982388729098,17.6356,75.0,24841555.53,24871503.72,24359568.83,25383438.62,899145.95,16.1154,core
Mikal Bridges,1628969,NYK,SG,16.556,3.86,4.165,1.17,0.5,1.661,0.4696,0.8196,1.971,0.4848,4.165,0.5,1.17,1.971,raw_dbb2_flat_file,14.2003,9.263352941176471,4.936947058823529,19.0245,2.4685,1.3397,5.0968,3.6023529411764708,1.4944470588235292,4.6072,0.7472,0.9039,3.2608,2.238647058823529,1.0221529411764707,4.6761,0.5111,1.434,0.9439,0.686235294117647,0.2576647058823529,1.2988,0.1288,1.376,0.5491,0.3651764705882353,0.1839235294117647,0.592,0.092,1.0781,1.6469,1.1476470588235292,0.4992529411764708,1.9106,0.2496,1.1601,0.4691,0.4636705882352941,0.0054294117647058,0.4723,0.0027,1.0068,0.7828,0.7486411764705883,0.0341588235294118,0.8367,0.0171,1.0689,1.6758,1.005941176470588,0.6698588235294118,2.3059,0.3349,1.376,0.4773,0.4239882352941176,0.0533117647058823,0.5115,0.0267,1.0717,76,34.22416289294793,2.471163675747447,0.9336010809734036,0.13691319110851363,1.0511406965366057,1.0129890556400296,1.0471811615072608,1.1753037109695896,0.509984236977542,0.7593427230230404,0.780893933823063,0.678456712303397,1.5402179087536865,1.3390968087415311,0.0588669888690056,17.3371,76.0,24746847.58,24871503.72,24103601.38,25383438.62,896976.23,16.0676,core
Stephen Curry,201939,GSW,PG,21.051,3.806,5.611,1.121,0.352,2.592,0.4558,0.9005,3.268,0.4142,5.611,0.352,1.121,3.268,raw_dbb2_flat_file,14.2003,9.445555555555556,4.754744444444444,23.4284,2.3774,1.6499,5.0968,3.606555555555556,1.490244444444444,4.5511,0.7451,0.8929,3.2608,2.3485555555555555,0.9122444444444446,6.0671,0.4561,1.8606,0.9439,0.7605555555555555,0.1833444444444444,1.2127,0.0917,1.2848,0.5491,0.4103888888888888,0.1387111111111111,0.4214,0.0694,0.7674,1.6469,1.1836111111111112,0.4632888888888888,2.8236,0.2316,1.7145,0.4691,0.4614777777777777,0.0076222222222222,0.4596,0.0038,0.9797,0.7828,0.7820055555555556,0.0007944444444444,0.9009,0.0004,1.1509,1.6758,1.1357222222222223,0.5400777777777777,3.538,0.27,2.1112,0.4773,0.3990277777777777,0.0782722222222222,0.4533,0.0391,0.9497,55,31.32057658674409,4.070197914808517,2.261937150326361,1.1062420788307123,1.8514282091853163,1.0641780428616012,0.8958135483522551,3.317977980896471,2.0771260353254597,0.8586020110838403,2.2453092347445494,-0.22927266991037304,0.26328465797433936,1.3461755751064075,1.796865540235446,23.2886,55.0,23786201.74,23847633.93,23079731.59,24615536.28,936379.17,15.5997,core
Brandon Ingram,1627742,TOR,SF,19.671,6.024,3.863,0.905,0.647,2.502,0.4746,0.8054,1.622,0.4964,3.863,0.647,0.905,1.622,raw_dbb2_flat_file,14.2003,9.23675,4.9635500000000015,22.1528,2.4818,1.56,5.0968,3.6478125,1.4489875,6.7485,0.7245,1.3241,3.2608,2.18275,1.0780500000000002,4.402,0.539,1.35,0.9439,0.678875,0.2650249999999999,1.0375,0.1325,1.0992,0.5491,0.401625,0.147475,0.7207,0.0737,1.3125,1.6469,1.1529375,0.4939625000000001,2.749,0.247,1.6692,0.4691,0.4618875,0.0072125,0.4782,0.0036,1.0194,0.7828,0.7451625,0.0376375000000001,0.8242,0.0188,1.0529,1.6758,0.855875,0.8199249999999999,2.032,0.41,1.2126,0.4773,0.43621875,0.04108125,0.5169,0.0205,1.083,61,33.35496868019243,4.194999824392349,2.036592607367879,1.2851819312948085,1.983582349955903,0.9525457691670831,1.079328955867573,1.4686537363203336,2.417117801503166,0.34000114358914846,1.4133640399146545,1.4530208535056712,0.6554854373395772,1.6011912086618871,1.6215767360916116,20.8455,61.0,23616495.32,23591666.48,23079731.59,24359568.83,912321.67,15.5076,core
Julius Randle,203944,MIN,PF,19.005,7.027,4.196,0.95,0.395,2.501,0.4758,0.7937,1.386,0.4561,4.196,0.395,0.95,1.386,raw_dbb2_flat_file,14.2003,9.3915,4.8088,21.4094,2.4044,1.5077,5.0968,3.598375,1.498425,7.7762,0.7492,1.5257,3.2608,2.197875,1.0629250000000003,4.7275,0.5315,1.4498,0.9439,0.7104375,0.2334624999999999,1.0667,0.1167,1.1301,0.5491,0.429875,0.119225,0.4546,0.0596,0.8279,1.6469,1.16025,0.48665,2.7443,0.2433,1.6663,0.4691,0.4592625,0.0098374999999999,0.4807,0.0049,1.0247,0.7828,0.7549875,0.0278125,0.8076,0.0139,1.0317,1.6758,1.0204375,0.6553625000000001,1.7137,0.3277,1.0226,0.4773,0.42216875,0.05513125,0.4837,0.0276,1.0134,69,33.042608350166844,5.08829632646945,1.5734095465142213,0.6348776416406214,2.574889361688,1.3740458086770693,-0.8630008972639108,1.1791324814205932,2.1146823990574304,-0.6849911254405124,1.1368655498408073,0.9949165236011658,1.3099299249652008,1.4969492848647556,1.6602347001881574,18.415,69.0,23548461.31,23591666.48,22823764.14,24103601.38,883395.65,15.4794,core
Immanuel Quickley,1630193,TOR,PG,16.891,3.994,5.343,1.11,0.2,1.839,0.4401,0.8325,2.2,0.5226,5.343,0.2,1.11,2.2,raw_dbb2_flat_file,14.2003,9.23675,4.9635500000000015,19.3728,2.4818,1.3643,5.0968,3.6478125,1.4489875,4.7185,0.7245,0.9258,3.2608,2.18275,1.0780500000000002,5.882,0.539,1.8039,0.9439,0.678875,0.2650249999999999,1.2425,0.1325,1.3163,0.5491,0.401625,0.147475,0.2737,0.0737,0.4985,1.6469,1.1529375,0.4939625000000001,2.086,0.247,1.2666,0.4691,0.4618875,0.0072125,0.4437,0.0036,0.9459,0.7828,0.7451625,0.0376375000000001,0.8513,0.0188,1.0875,1.6758,0.855875,0.8199249999999999,2.61,0.41,1.5575,0.4773,0.43621875,0.04108125,0.5431,0.0205,1.1379,63,31.472119977887303,3.5589271325329888,1.4641651337570036,1.261441028418523,1.7266057262346375,1.1662236633206964,-0.26212240624790334,1.7530995612917721,0.9102866648276255,0.3035880773283449,1.0923425315246285,1.7895993840608122,0.777129053744742,1.3663334522272759,1.3861948826849646,20.1173,63.0,23469111.4,23591666.48,22823764.14,24103601.38,939859.07,15.4387,core
Brandin Podziemski,1641764,GSW,PG,14.211,4.821,4.108,1.107,0.252,1.749,0.4504,0.7927,1.687,0.5335,4.108,0.252,1.107,1.687,raw_dbb2_flat_file,14.2003,9.445555555555556,4.754744444444444,16.5884,2.3774,1.1682,5.0968,3.606555555555556,1.490244444444444,5.5661,0.7451,1.0921,3.2608,2.3485555555555555,0.9122444444444446,4.5641,0.4561,1.3997,0.9439,0.7605555555555555,0.1833444444444444,1.1987,0.0917,1.2699,0.5491,0.4103888888888888,0.1387111111111111,0.3214,0.0694,0.5853,1.6469,1.1836111111111112,0.4632888888888888,1.9806,0.2316,1.2026,0.4691,0.4614777777777777,0.0076222222222222,0.4542,0.0038,0.9682,0.7828,0.7820055555555556,0.0007944444444444,0.7931,0.0004,1.0132,1.6758,1.1357222222222223,0.5400777777777777,1.957,0.27,1.1678,0.4773,0.3990277777777777,0.0782722222222222,0.5726,0.0391,1.1997,73,29.845107704122867,2.8089943992333124,0.9164492833438169,2.047263188936016,0.8378777398451223,1.0162371473439065,0.11183524462838362,0.6519512768070003,0.743550127882843,0.6701067128272566,-0.2605337210439036,2.452814591100343,1.419434548457745,1.1499128400100564,0.7838225598776798,17.2974,73.0,23424263.77,23335699.03,22823764.14,24103601.38,929210.63,15.4154,core
Brandon Miller,1641706,CHA,SF,18.705,5.609,3.122,1.046,0.738,2.298,0.4429,0.8191,2.351,0.5088,3.122,0.738,1.046,2.351,raw_dbb2_flat_file,14.2003,8.990764705882352,5.209535294117648,21.3098,2.6048,1.5007,5.0968,3.619529411764706,1.477270588235294,6.3476,0.7386,1.2454,3.2608,1.9743529411764704,1.2864470588235295,3.7652,0.6432,1.1547,0.9439,0.615,0.3288999999999999,1.2104,0.1644,1.2823,0.5491,0.3798235294117646,0.1692764705882353,0.8226,0.0846,1.4981,1.6469,1.1689411764705882,0.4779588235294119,2.537,0.239,1.5405,0.4691,0.4548999999999999,0.0142,0.45,0.0071,0.9593,0.7828,0.7540470588235294,0.0287529411764706,0.8335,0.0144,1.0648,1.6758,1.0884705882352943,0.5873294117647057,2.6447,0.2937,1.5782,0.4773,0.4224823529411765,0.0548176470588235,0.5362,0.0274,1.1234,60,32.49111274756208,3.6026714178217425,1.8777316112764244,1.0401597108530387,1.4175118722217654,1.5643085527070237,1.5936324077635595,2.616768929879129,2.0675177498823305,-0.5430057203288206,1.5835483926844192,1.8124699587158506,0.5874719762228662,1.495138593059554,1.1986892233764814,21.07,60.0,23404554.28,23335699.03,22823764.14,24103601.38,902031.58,15.4111,core
Evan Mobley,1630596,CLE,C,17.04,9.289,2.926,0.805,1.608,1.998,0.5497,0.6754,0.685,0.4758,2.926,1.608,0.805,0.685,raw_dbb2_flat_file,14.2003,9.61441176470588,4.585888235294119,19.3329,2.2929,1.3614,5.0968,3.805411764705883,1.291388235294117,9.9347,0.6457,1.9492,3.2608,2.461058823529412,0.7997411764705884,3.3259,0.3999,1.02,0.9439,0.7529411764705882,0.1909588235294117,0.9005,0.0955,0.954,0.5491,0.4275294117647059,0.1215705882352941,1.6688,0.0608,3.0392,1.6469,1.1886470588235294,0.4582529411764706,2.2271,0.2291,1.3523,0.4691,0.4603,0.0088,0.5541,0.0044,1.1812,0.7828,0.773,0.0098,0.6803,0.0049,0.8691,1.6758,1.1414705882352942,0.5343294117647057,0.9522,0.2672,0.5682,0.4773,0.4022529411764706,0.0750470588235294,0.5133,0.0375,1.0754,65,31.626105903817894,4.388991923647678,1.9287711006943922,1.3381102908670108,1.191351272272866,1.1212676457913382,2.249969720001074,1.0252235738915068,1.712619633889706,0.271022702436446,-0.17491065035997036,2.2933213818285023,0.7612000577885756,1.6636175610902675,2.0323383593276283,19.331,65.0,23201060.16,23079731.59,22567796.69,23847633.93,893737.9,15.312,core
Giannis Antetokounmpo,203507,MIL,SF,23.818,9.076,4.814,1.021,0.795,2.667,0.5673,0.6697,0.716,0.4561,4.814,0.795,1.021,0.716,raw_dbb2_flat_file,14.2003,9.941,4.259300000000001,25.9477,2.1297,1.8273,5.0968,3.714555555555555,1.3822444444444448,9.7671,0.6911,1.9163,3.2608,2.2494444444444444,1.0113555555555558,5.3197,0.5057,1.6314,0.9439,0.7022222222222223,0.2416777777777776,1.1418,0.1208,1.2097,0.5491,0.381,0.1681,0.8791,0.0841,1.601,1.6469,1.2697222222222222,0.3771777777777778,2.8556,0.1886,1.7339,0.4691,0.4623055555555556,0.0067944444444444,0.5707,0.0034,1.2166,0.7828,0.7495888888888889,0.0332111111111111,0.6863,0.0166,0.8767,1.6758,1.103,0.5728,1.0024,0.2864,0.5982,0.4773,0.4165777777777777,0.0607222222222222,0.4865,0.0304,1.0193,52,32.100584462586426,7.686524532063908,2.7517309158702052,3.1300910722913815,2.7993532001704415,1.3215848572134439,1.878795754496859,-0.46067448840324365,2.592907261421944,3.2363889064406415,-1.110122223198314,0.8868419520347142,0.04336428728917815,1.4471947814540098,4.114319246550027,24.0786,52.0,23082344.59,23079731.59,22311829.24,23847633.93,937449.9,15.2532,core
Amen Thompson,1641708,HOU,SG,15.998,6.25,4.529,1.345,0.622,2.169,0.4983,0.7689,0.841,0.5335,4.529,0.622,1.345,0.841,raw_dbb2_flat_file,14.2003,8.824733333333334,5.375566666666666,18.6858,2.6878,1.3159,5.0968,4.1628,0.9340000000000002,6.717,0.467,1.3179,3.2608,1.8478666666666668,1.4129333333333334,5.2355,0.7065,1.6056,0.9439,0.6666000000000001,0.2772999999999999,1.4836,0.1386,1.5718,0.5491,0.4863333333333333,0.0627666666666666,0.6534,0.0314,1.1899,1.6469,1.1314666666666668,0.5154333333333332,2.4267,0.2577,1.4735,0.4691,0.4574066666666666,0.0116933333333333,0.5041,0.0058,1.0746,0.7828,0.7326733333333333,0.0501266666666667,0.794,0.0251,1.0143,1.6758,0.7818666666666666,0.8939333333333334,1.288,0.447,0.7686,0.4773,0.4135466666666667,0.0637533333333333,0.5654,0.0319,1.1846,72,32.92155518654508,3.94905376282132,0.8720112603721348,1.4525590719109034,1.4673700843718482,1.610656360619382,1.3696694405912206,-0.5885217959478564,1.325771270508736,2.0878940715684036,-0.20758956653267022,1.5726936735093597,1.2302767279367228,1.1592865599126765,1.0460457990958665,17.0115,72.0,22442500.62,22311829.24,21799894.34,22823764.14,806841.72,14.9133,core
Nikola Vučević,202696,BOS,C,15.582,9.059,3.031,0.695,0.992,1.589,0.5016,0.7608,1.119,0.438,3.031,0.992,0.695,1.119,raw_dbb2_flat_file,14.2003,10.554846153846151,3.6454538461538473,17.4047,1.8227,1.2257,5.0968,4.29,0.8068,9.4624,0.4034,1.8565,3.2608,2.365692307692308,0.8951076923076924,3.4786,0.4476,1.0668,0.9439,0.6874615384615385,0.2564384615384615,0.8232,0.1282,0.8721,0.5491,0.4480769230769231,0.1010230769230769,1.0425,0.0505,1.8986,1.6469,1.1839230769230769,0.4629769230769232,1.8205,0.2315,1.1054,0.4691,0.4659153846153846,0.0031846153846153,0.5032,0.0016,1.0727,0.7828,0.764453846153846,0.018346153846154,0.77,0.0092,0.9836,1.6758,1.2137692307692307,0.4620307692307692,1.35,0.231,0.8056,0.4773,0.4291384615384616,0.0481615384615384,0.4621,0.0241,0.9682,64,30.530618291420776,2.5537822017833145,1.4939134654329276,1.1409973294211733,1.326115921667243,0.7850639351154305,0.3113866471758262,2.3465540529847355,0.9132304184348873,-0.8636257227992107,1.5045461401869382,1.1169999292886863,0.6836847769547084,1.506922159338148,0.43288025083824944,18.9841,64.0,22259718.53,22055861.79,21799894.34,22567796.69,728785.79,14.8158,core
Rudy Gobert,203497,MIN,C,13.28,10.753,1.986,0.758,1.602,1.602,0.5848,0.6464,0.155,0.4805,1.986,1.602,0.758,0.155,raw_dbb2_flat_file,14.2003,9.3915,4.8088,15.6844,2.4044,1.1045,5.0968,3.598375,1.498425,11.5022,0.7492,2.2567,3.2608,2.197875,1.0629250000000003,2.5175,0.5315,0.772,0.9439,0.7104375,0.2334624999999999,0.8747,0.1167,0.9267,0.5491,0.429875,0.119225,1.6616,0.0596,3.026,1.6469,1.16025,0.48665,1.8453,0.2433,1.1205,0.4691,0.4592625,0.0098374999999999,0.5897,0.0049,1.2571,0.7828,0.7549875,0.0278125,0.6603,0.0139,0.8435,1.6758,1.0204375,0.6553625000000001,0.4827,0.3277,0.288,0.4773,0.42216875,0.05513125,0.5081,0.0276,1.0645,71,32.313416209766544,4.220208459386655,1.1059425132805074,1.9923016249054424,0.47790174659890344,1.009054764349703,2.227683598135607,-0.5342652645556297,0.9619880488905672,1.0646078485737602,-0.5493714732243873,2.173851234304928,1.2262917427917785,1.7619284532447967,1.8852368715385543,17.0356,71.0,22175867.86,22055861.79,21543926.9,22567796.69,712921.91,14.7561,core
Jalen Duren,1631105,DET,C,15.886,10.181,2.236,0.754,1.089,1.953,0.5954,0.7191,0.139,0.4913,2.236,1.089,0.754,0.139,raw_dbb2_flat_file,14.2003,8.7513125,5.448987500000001,18.6105,2.7245,1.3106,5.0968,3.5715,1.5253,10.9436,0.7626,2.1472,3.2608,2.12,1.1408,2.8064,0.5704,0.8606,0.9439,0.7265625,0.2173374999999999,0.8627,0.1087,0.914,0.5491,0.4360625,0.1130375,1.1455,0.0565,2.0861,1.6469,1.1275,0.5194000000000001,2.2127,0.2597,1.3436,0.4691,0.4586375,0.0104624999999999,0.6006,0.0052,1.2803,0.7828,0.7500125,0.0327875,0.7355,0.0164,0.9396,1.6758,0.86675,0.8090499999999999,0.5435,0.4045,0.3243,0.4773,0.41046875,0.06683125,0.5247,0.0334,1.0993,68,29.370289361939705,4.5863160783411665,1.7658517169619568,1.7591716222299285,0.7328690498735296,0.9568627264698724,0.6302020016401412,-0.3323122903754682,1.6843087516896331,1.3075875702843431,0.85860122074582,2.555236705245573,0.9937459002901771,1.3409520418196186,2.2043141915527795,17.4403,68.0,21764720.15,21543926.9,21287959.45,22055861.79,569124.7,14.4731,starter
Onyeka Okongwu,1630168,ATL,PF,15.192,7.433,2.696,0.991,0.922,1.669,0.4954,0.7719,1.264,0.5149,2.696,0.922,0.991,1.264,raw_dbb2_flat_file,14.2003,9.143944444444443,5.056355555555555,17.7202,2.5282,1.2479,5.0968,3.657666666666666,1.4391333333333338,8.1526,0.7196,1.5996,3.2608,2.035888888888889,1.224911111111111,3.3085,0.6125,1.0146,0.9439,0.709111111111111,0.2347888888888889,1.1084,0.1174,1.1743,0.5491,0.4205,0.1286,0.9863,0.0643,1.7962,1.6469,1.1113888888888888,0.5355111111111113,1.9368,0.2678,1.176,0.4691,0.4601722222222222,0.0089277777777778,0.4999,0.0045,1.0657,0.7828,0.7444944444444445,0.0383055555555555,0.7911,0.0192,1.0106,1.6758,1.0002222222222223,0.6755777777777776,1.6018,0.3378,0.9558,0.4773,0.4212388888888889,0.0560611111111111,0.5429,0.028,1.1374,70,30.828030559820675,3.383979673750842,0.920887226776071,0.7993896461889649,1.1219705246749023,1.5548007516816065,0.32936002114098595,0.969114561954226,0.8276090029398186,-0.2903309944851885,0.8434515727276664,2.015225881445991,1.39191441261949,1.2016575917614456,0.5877455026678372,16.8057,70.0,21643668.88,21543926.9,21287959.45,21799894.34,506232.98,14.3477,starter
Stephon Castle,1642264,SAS,PG,16.01,4.474,5.471,1.123,0.31,2.59,0.4493,0.7509,1.35,0.5225,5.471,0.31,1.123,1.35,raw_dbb2_flat_file,14.2003,8.8863125,5.3139875,18.667,2.657,1.3145,5.0968,3.6095625,1.4872375,5.2176,0.7436,1.0237,3.2608,2.0776875,1.1831125,6.0626,0.5916,1.8592,0.9439,0.64025,0.30365,1.2748,0.1518,1.3506,0.5491,0.438375,0.110725,0.3654,0.0554,0.6655,1.6469,1.095,0.5519000000000001,2.8659,0.2759,1.7402,0.4691,0.4674875,0.0016125,0.4501,0.0008,0.9595,0.7828,0.7385375,0.0442625,0.773,0.0221,0.9875,1.6758,0.9138125,0.7619875,1.731,0.381,1.0329,0.4773,0.421575,0.055725,0.5504,0.0279,1.1532,68,30.396791097692937,4.425105246034968,1.3253280962546237,1.724163822559959,1.8483936269417827,1.2768301579793797,0.45678569826688703,0.2708494203084421,2.1440421217843237,0.5269899122991105,-0.7277641794052016,1.9537170454638144,1.0982818011012434,1.2232962186801268,2.081939579545024,16.157,68.0,21019684.23,21031992.0,20957334.83,21149310.41,319683.37,13.3837,starter
Zion Williamson,1629627,NOP,SF,20.293,6.455,3.681,1.077,0.72,2.3,0.5349,0.7203,0.594,0.5149,3.681,0.72,1.077,0.594,raw_dbb2_flat_file,14.2003,10.4724,3.7279,22.1569,1.8639,1.5603,5.0968,4.337199999999999,0.7596000000000007,6.8348,0.3798,1.341,3.2608,2.329333333333333,0.9314666666666672,4.1467,0.4657,1.2717,0.9439,0.7901333333333334,0.1537666666666666,1.1539,0.0769,1.2225,0.5491,0.5034666666666666,0.0456333333333334,0.7428,0.0228,1.3528,1.6469,1.3388,0.3081,2.454,0.154,1.4901,0.4691,0.4649933333333333,0.0041066666666667,0.537,0.0021,1.1447,0.7828,0.7565666666666666,0.0262333333333334,0.7334,0.0131,0.9369,1.6758,0.9537333333333332,0.7220666666666666,0.955,0.361,0.5699,0.4773,0.4297066666666666,0.0475933333333333,0.5387,0.0238,1.1286,60,31.306494441286077,6.210556125763925,2.037365240919451,1.3379267994018798,1.7566385795954675,1.3643976373223696,1.1908707251207753,-0.5494955430379538,1.9306460315590792,2.1811643917585313,-0.24822082368692264,1.8590307236394479,0.5874719762228662,1.3497070863400948,3.0605649419066747,18.1193,60.0,20946946.82,21031992.0,20765359.24,21149310.41,382294.97,13.2533,starter
Naji Marshall,1630230,DAL,SF,14.529,5.415,2.914,1.026,0.319,1.679,0.4894,0.7772,1.009,0.4964,2.914,0.319,1.026,1.009,raw_dbb2_flat_file,14.2003,9.4712,4.729100000000001,16.8936,2.3646,1.1897,5.0968,3.9284,1.1684,5.9992,0.5842,1.1771,3.2608,2.088,1.1728,3.5004,0.5864,1.0735,0.9439,0.6827500000000001,0.2611499999999999,1.1566,0.1306,1.2253,0.5491,0.4574,0.0917,0.3648,0.0458,0.6644,1.6469,1.1912,0.4557,1.9068,0.2278,1.1578,0.4691,0.463675,0.005425,0.4921,0.0027,1.049,0.7828,0.755695,0.027105,0.7908,0.0136,1.0102,1.6758,0.893,0.7827999999999999,1.4004,0.3914,0.8357,0.4773,0.4149949999999999,0.062305,0.5276,0.0312,1.1054,71,29.44218172973018,3.466231188215247,1.045511052629827,0.8272244611600664,1.182123269043374,1.3739509023053538,-0.716947771608203,0.2851225526223818,1.0282821247339802,0.7752421155203449,0.8021643213651738,1.652300927378671,1.3356200485066871,1.1208318400254016,1.1012789545247303,15.3237,71.0,20945336.35,21031992.0,20765359.24,21149310.41,360345.37,13.2754,starter
DeMar DeRozan,201942,SAC,SG,18.36,3.579,4.959,1.027,0.335,1.645,0.4752,0.86,1.221,0.4201,4.959,0.335,1.027,1.221,raw_dbb2_flat_file,14.2003,11.1313125,3.0689875000000004,19.8945,1.5345,1.401,5.0968,4.452625,0.6441749999999997,3.9011,0.3221,0.7654,3.2608,2.650875,0.609925,5.264,0.305,1.6143,0.9439,0.7828125,0.1610874999999999,1.1075,0.0805,1.1733,0.5491,0.4605,0.0886,0.3793,0.0443,0.6908,1.6469,1.4098125,0.2370875000000001,1.7635,0.1185,1.0708,0.4691,0.4689375,0.0001625,0.4753,0.0001,1.0132,0.7828,0.76156875,0.02123125,0.8706,0.0106,1.1122,1.6758,1.0809375,0.5948625000000001,1.5184,0.2974,0.9061,0.4773,0.41033125,0.06696875,0.4536,0.0335,0.9503,74,33.29808615192888,4.8846879161349905,1.091803454528479,-0.3034022683827022,1.4885759076705691,0.39429990281237787,-0.0699728606614399,-0.18928277758281117,0.27746675464381076,0.8846777559046785,1.5656618650188343,-0.2821429176377003,1.3852473183452045,1.2112623974918926,1.6710166398601818,14.6182,74.0,20893481.61,20957334.83,20765359.24,21149310.41,392048.86,13.177,starter
Andrew Wiggins,203952,MIA,SF,15.828,5.415,2.705,1.022,0.782,1.639,0.4646,0.7748,1.647,0.4561,2.705,0.782,1.022,1.647,raw_dbb2_flat_file,14.2003,10.5542,3.646100000000001,17.651,1.823,1.243,5.0968,3.9381333333333335,1.1586666666666663,5.9943,0.5793,1.1761,3.2608,2.4346,0.8262,3.1181,0.4131,0.9562,0.9439,0.7641333333333333,0.1797666666666666,1.1119,0.0899,1.178,0.5491,0.3908666666666667,0.1582333333333333,0.8611,0.0791,1.5682,1.6469,1.2644666666666666,0.3824333333333334,1.8302,0.1912,1.1113,0.4691,0.4581266666666667,0.0109733333333333,0.4701,0.0055,1.0021,0.7828,0.7705466666666667,0.0122533333333333,0.7809,0.0061,0.9976,1.6758,1.1222666666666667,0.5535333333333332,1.9238,0.2768,1.148,0.4773,0.4400866666666667,0.0372133333333333,0.4747,0.0186,0.9946,65,30.91851196462263,3.326068678655602,1.1882409677421257,0.8242296772235119,0.8422854178534231,1.2157912931426276,1.7879472546526218,1.2659018774284425,0.9019643702332444,0.08637151246377456,0.621000332932845,0.6670751415953302,0.9275392818064212,1.3020758148470086,1.0012111975404578,16.5749,65.0,20869036.72,20957334.83,20573383.66,21149310.41,395090.83,13.1457,starter
Jrue Holiday,201950,POR,PG,14.507,4.33,5.112,1.056,0.33,2.097,0.4518,0.8484,2.023,0.4499,5.112,0.33,1.056,2.023,raw_dbb2_flat_file,14.2003,9.020555555555555,5.179744444444445,17.0969,2.5899,1.204,5.0968,3.588833333333333,1.5079666666666665,5.084,0.754,0.9975,3.2608,2.1012222222222223,1.1595777777777778,5.6918,0.5798,1.7455,0.9439,0.7107777777777778,0.2331222222222221,1.1726,0.1166,1.2423,0.5491,0.4397777777777778,0.1093222222222222,0.3847,0.0547,0.7006,1.6469,1.2561666666666669,0.3907333333333334,2.2924,0.1954,1.3919,0.4691,0.4412666666666667,0.0278333333333333,0.4657,0.0139,0.9928,0.7828,0.7468,0.036,0.8664,0.018,1.1068,1.6758,1.005111111111111,0.6706888888888889,2.3583,0.3353,1.4073,0.4773,0.4309944444444444,0.0463055555555555,0.4731,0.0232,0.9912,59,31.093285550513144,2.2401663840426114,1.0164756839813351,1.6003013394958516,1.598344050074621,0.9268616207002024,0.6080935108855942,1.328660015802006,1.236799200173007,1.0715318850403504,1.4433465077064989,0.21586838430599142,0.5202068558595406,1.315941958553058,0.3269199103818387,18.1276,59.0,20770542.58,20765359.24,20573383.66,21149310.41,457681.73,13.0445,starter
Jaylen Brown,1627759,BOS,SG,22.126,5.41,4.727,1.143,0.357,2.689,0.4696,0.7873,1.88,0.4848,4.727,0.357,1.143,1.88,raw_dbb2_flat_file,14.2003,10.554846153846151,3.6454538461538473,23.9487,1.8227,1.6865,5.0968,4.29,0.8068,5.8134,0.4034,1.1406,3.2608,2.365692307692308,0.8951076923076924,5.1746,0.4476,1.5869,0.9439,0.6874615384615385,0.2564384615384615,1.2712,0.1282,1.3468,0.5491,0.4480769230769231,0.1010230769230769,0.4075,0.0505,0.7421,1.6469,1.1839230769230769,0.4629769230769232,2.9205,0.2315,1.7733,0.4691,0.4659153846153846,0.0031846153846153,0.4712,0.0016,1.0045,0.7828,0.764453846153846,0.018346153846154,0.7965,0.0092,1.0175,1.6758,1.2137692307692307,0.4620307692307692,2.111,0.231,1.2597,0.4773,0.4291384615384616,0.0481615384615384,0.5089,0.0241,1.0662,68,33.778027937658926,5.156666759713678,1.8290265152951284,0.8890849900581024,1.422056588270371,0.9237270555457113,0.07814064862467815,0.8375793851043674,2.1063092227616016,0.7133865442997734,-0.1497158252940453,0.6353209776255594,0.9203355471197592,1.2775129282474629,1.8526889804213684,14.9138,68.0,19968980.52,19997456.9,19613505.72,20381408.07,654644.8,12.3696,starter
Darius Garland,1629636,LAC,PG,18.296,3.263,5.926,1.161,0.231,2.568,0.4556,0.8409,2.271,0.5226,5.926,0.231,1.161,2.271,raw_dbb2_flat_file,14.2003,9.250625,4.949675000000001,20.7708,2.4748,1.4627,5.0968,3.37875,1.71805,4.122,0.859,0.8087,3.2608,2.192375,1.068425,6.4602,0.5342,1.9812,0.9439,0.7555000000000001,0.1883999999999999,1.2552,0.0942,1.3298,0.5491,0.4111875,0.1379125,0.3,0.069,0.5463,1.6469,1.1773125,0.4695875,2.8028,0.2348,1.7019,0.4691,0.45813125,0.01096875,0.4611,0.0055,0.9829,0.7828,0.77625,0.00655,0.8442,0.0033,1.0784,1.6758,1.0209375,0.6548624999999999,2.5984,0.3274,1.5505,0.4773,0.4134875,0.0638125,0.5545,0.0319,1.1617,55,31.83599149681522,3.342924304628923,1.7391639697279972,0.7084172922827459,2.116515826948211,1.2097129042546064,-0.05593611236852516,1.7335385810467132,2.0442216712984056,0.9109618161551133,0.9273009268298417,2.0458927183065967,0.26328465797433936,1.4147346217603034,1.2126938213230782,18.1073,55.0,19636425.48,19805481.31,19229554.55,20189432.48,770354.33,12.1641,starter
Max Christie,1631108,DAL,PG,12.771,3.5,2.964,0.858,0.344,1.555,0.4429,0.8347,1.699,0.5335,2.964,0.344,0.858,1.699,raw_dbb2_flat_file,14.2003,9.4712,4.729100000000001,15.1356,2.3646,1.0659,5.0968,3.9284,1.1684,4.0842,0.5842,0.8013,3.2608,2.088,1.1728,3.5504,0.5864,1.0888,0.9439,0.6827500000000001,0.2611499999999999,0.9886,0.1306,1.0474,0.5491,0.4574,0.0917,0.3899,0.0459,0.7101,1.6469,1.1912,0.4557,1.7828,0.2278,1.0825,0.4691,0.463675,0.005425,0.4456,0.0027,0.9499,0.7828,0.755695,0.027105,0.8483,0.0136,1.0837,1.6758,0.893,0.7827999999999999,2.0904,0.3914,1.2474,0.4773,0.4149949999999999,0.062305,0.5647,0.0312,1.1831,73,28.591254501518847,2.505909470975668,0.6306708077367643,0.6733723681822726,0.15428751311847239,0.29678127961048895,0.6488603826792357,0.8769025496251753,0.43064228151018635,0.3699104970852912,1.0226066422169744,2.2752078068422987,1.419434548457745,0.9831288014912595,0.540374095587909,13.6506,73.0,19588740.87,19613505.72,19181560.66,20189432.48,764254.76,12.1269,starter
Jerami Grant,203924,POR,SF,17.233,4.681,2.607,0.898,0.703,1.885,0.4486,0.8104,1.846,0.4612,2.607,0.703,0.898,1.846,raw_dbb2_flat_file,14.2003,9.020555555555555,5.179744444444445,19.8229,2.5899,1.3959,5.0968,3.588833333333333,1.5079666666666665,5.435,0.754,1.0664,3.2608,2.1012222222222223,1.1595777777777778,3.1868,0.5798,0.9773,0.9439,0.7107777777777778,0.2331222222222221,1.0146,0.1166,1.0749,0.5491,0.4397777777777778,0.1093222222222222,0.7577,0.0547,1.3799,1.6469,1.2561666666666669,0.3907333333333334,2.0804,0.1954,1.2632,0.4691,0.4412666666666667,0.0278333333333333,0.4625,0.0139,0.9859,0.7828,0.7468,0.036,0.8284,0.018,1.0583,1.6758,1.005111111111111,0.6706888888888889,2.1813,0.3353,1.3016,0.4773,0.4309944444444444,0.0463055555555555,0.4844,0.0232,1.0149,60,31.812527990899607,4.597075062184317,1.5975294581466692,0.48239648217965575,0.9033548930737987,0.8715199291262229,1.2660730944362828,1.748421319800549,1.3145583934197205,-0.15160196859213185,1.4902214895526125,0.8477309094988917,0.5874719762228662,1.4118310812007193,1.908634718366384,16.4907,60.0,19495195.44,19613505.72,19037578.97,20189432.48,812927.16,12.0771,starter
OG Anunoby,1628384,NYK,SG,16.777,5.668,2.464,1.321,0.71,1.783,0.478,0.7969,1.873,0.4964,2.464,0.71,1.321,1.873,raw_dbb2_flat_file,14.2003,9.263352941176471,4.936947058823529,19.2455,2.4685,1.3553,5.0968,3.6023529411764708,1.4944470588235292,6.4152,0.7472,1.2587,3.2608,2.238647058823529,1.0221529411764707,2.9751,0.5111,0.9124,0.9439,0.686235294117647,0.2576647058823529,1.4498,0.1288,1.536,0.5491,0.3651764705882353,0.1839235294117647,0.802,0.092,1.4606,1.6469,1.1476470588235292,0.4992529411764708,2.0326,0.2496,1.2342,0.4691,0.4636705882352941,0.0054294117647058,0.4807,0.0027,1.0247,0.7828,0.7486411764705883,0.0341588235294118,0.814,0.0171,1.0399,1.6758,1.005941176470588,0.6698588235294118,2.2079,0.3349,1.3175,0.4773,0.4239882352941176,0.0533117647058823,0.5231,0.0267,1.096,66,34.0130055993918,3.434833086913801,0.9737881206925664,1.264360225183175,-0.21451212560809887,1.5013427518082232,2.1501541029996316,1.005488503505291,0.7028267444195215,1.1102808150916277,0.2554003633763366,0.8709084516352932,0.7653649567112775,1.3099489345889945,0.7025643998522277,14.9696,66.0,19476243.18,19613505.72,18845603.38,19997456.9,805240.33,12.0702,starter
Quentin Grimes,1629656,PHI,PG,14.253,3.769,3.537,0.997,0.314,1.814,0.4466,0.8117,1.753,0.5178,3.537,0.314,0.997,1.753,raw_dbb2_flat_file,14.2003,9.916666666666666,4.283633333333334,16.3948,2.1418,1.1545,5.0968,3.947611111111111,1.1491888888888888,4.3436,0.5746,0.8522,3.2608,2.145888888888889,1.1149111111111112,4.0945,0.5575,1.2557,0.9439,0.7621666666666667,0.1817333333333333,1.0879,0.0909,1.1526,0.5491,0.4476111111111111,0.1014888888888889,0.3647,0.0507,0.6642,1.6469,1.2115,0.4354,2.0317,0.2177,1.2337,0.4691,0.4532722222222222,0.0158277777777778,0.4545,0.0079,0.9689,0.7828,0.7502888888888889,0.0325111111111111,0.828,0.0163,1.0577,1.6758,0.9857777777777778,0.6900222222222222,2.098,0.345,1.2519,0.4773,0.4195222222222222,0.0577777777777777,0.5467,0.0289,1.1454,69,29.33801854477823,3.090493959772979,0.8783664688631414,0.9138658420357861,0.5212022239421582,0.6368192028181442,0.4512978501408201,0.8897183642684897,0.8243872914300762,0.680578673841512,0.5507271245684974,1.8705341211910587,1.1625123505725439,1.0824612613811109,1.009932898341528,14.1613,69.0,19242800.87,19229554.55,18653627.79,19805481.31,823981.02,11.9348,starter
Grayson Allen,1628960,PHX,PG,15.115,3.481,3.816,1.144,0.319,1.678,0.4376,0.8412,2.402,0.478,3.816,0.319,1.144,2.402,raw_dbb2_flat_file,14.2003,8.88535294117647,5.314947058823531,17.7725,2.6575,1.2516,5.0968,3.319176470588236,1.7776235294117644,4.3698,0.8888,0.8574,3.2608,1.9868235294117649,1.2739764705882353,4.453,0.637,1.3656,0.9439,0.6880588235294117,0.2558411764705882,1.2719,0.1279,1.3475,0.5491,0.3491176470588235,0.1999823529411765,0.419,0.1,0.7631,1.6469,1.0747058823529412,0.5721941176470589,1.9641,0.2861,1.1926,0.4691,0.4498411764705882,0.0192588235294118,0.4472,0.0096,0.9533,0.7828,0.7384588235294117,0.0443411764705883,0.8634,0.0222,1.103,1.6758,1.0250588235294116,0.6507411764705884,2.7274,0.3254,1.6275,0.4773,0.4164647058823529,0.060835294117647,0.5084,0.0304,1.0652,58,30.30618349354716,2.9892842817843324,1.1493721171587337,0.9381562391636268,0.7629572760103285,1.2668995439078574,0.8769980690628821,1.95107017170297,0.7174481083421512,0.4257609558279822,1.3736106183988424,1.0094784456109211,0.4559763063882403,1.2112438491455109,0.9286377286369728,16.8791,58.0,19230706.41,19229554.55,18653627.79,19805481.31,800884.87,11.9276,starter
Rui Hachimura,1629060,LAL,SF,14.177,5.134,1.798,0.801,0.464,1.199,0.4957,0.7639,1.502,0.4964,1.798,0.464,0.801,1.502,raw_dbb2_flat_file,14.2003,9.564941176470589,4.635358823529414,16.4947,2.3177,1.1616,5.0968,3.6745882352941175,1.4222117647058825,5.8451,0.7111,1.1468,3.2608,2.2321764705882354,1.0286235294117647,2.3123,0.5143,0.7091,0.9439,0.6849411764705883,0.2589588235294117,0.9305,0.1295,0.9858,0.5491,0.3651176470588235,0.1839823529411764,0.556,0.092,1.0126,1.6469,1.2188823529411763,0.4280176470588235,1.413,0.214,0.858,0.4691,0.4649647058823529,0.004135294117647,0.4978,0.0021,1.0612,0.7828,0.744035294117647,0.038764705882353,0.7833,0.0194,1.0006,1.6758,0.9627058823529412,0.7130941176470588,1.8585,0.3565,1.109,0.4773,0.4305176470588235,0.0467823529411764,0.5198,0.0234,1.089,67,30.756301045544546,2.569805004187006,0.9703394614781298,0.7330415622574058,0.12598580893670192,0.5739534161377381,0.2480651822928042,1.1435386945667005,0.21397785355299723,0.953722226312276,0.6649188755831061,1.5070313408170457,1.0635662040398433,1.28216173936557,0.46128358187121515,14.5073,67.0,19108609.93,19037578.97,18461652.21,19805481.31,828060.38,11.8564,starter
P.J. Washington,1629023,DAL,SF,15.117,6.9,2.303,1.04,0.877,1.813,0.4574,0.7365,1.395,0.4982,2.303,0.877,1.04,1.395,raw_dbb2_flat_file,14.2003,9.4712,4.729100000000001,17.4816,2.3646,1.2311,5.0968,3.9284,1.1684,7.4842,0.5842,1.4684,3.2608,2.088,1.1728,2.8894,0.5864,0.8861,0.9439,0.6827500000000001,0.2611499999999999,1.1706,0.1306,1.2402,0.5491,0.4574,0.0917,0.9228,0.0458,1.6806,1.6469,1.1912,0.4557,2.0408,0.2278,1.2392,0.4691,0.463675,0.005425,0.4601,0.0027,0.9808,0.7828,0.755695,0.027105,0.7501,0.0136,0.9582,1.6758,0.893,0.7827999999999999,1.7864,0.3914,1.066,0.4773,0.4149949999999999,0.062305,0.5294,0.0312,1.1092,60,31.975723716222557,3.489347097933499,1.1563180107576745,1.7348273480546244,0.6389871793832642,1.423486350365268,2.0993557235631455,1.0084332507025107,1.249255742267904,-0.22675148892557642,0.05737903558781563,1.6858246781236623,0.5874719762228662,1.4318660579507425,1.1177823493585113,15.9835,60.0,18799337.26,18845603.38,18077701.03,19421530.14,876151.82,11.6958,starter
Jaime Jaquez Jr.,1631170,MIA,PG,14.32,4.4,4.016,0.973,0.286,1.925,0.4721,0.7946,1.106,0.5178,4.016,0.286,0.973,1.106,raw_dbb2_flat_file,14.2003,10.5542,3.646100000000001,16.1431,1.8231,1.1368,5.0968,3.9381333333333335,1.1586666666666663,4.9793,0.5793,0.9769,3.2608,2.4346,0.8262,4.4291,0.4131,1.3583,0.9439,0.7641333333333333,0.1797666666666666,1.0629,0.0899,1.1261,0.5491,0.3908666666666667,0.1582333333333333,0.3651,0.0791,0.6649,1.6469,1.2644666666666666,0.3824333333333334,2.1162,0.1912,1.285,0.4691,0.4581266666666667,0.0109733333333333,0.4776,0.0055,1.0181,0.7828,0.7705466666666667,0.0122533333333333,0.8007,0.0061,1.0229,1.6758,1.1222666666666667,0.5535333333333332,1.3828,0.2768,0.8252,0.4773,0.4400866666666667,0.0372133333333333,0.5364,0.0186,1.1238,70,28.830228023454247,3.048814891179002,0.8288548758632136,1.5032324624239062,0.7468402725391169,0.5512104608222588,0.4544337633557152,-0.3163172453234074,0.958061270289983,1.4869196719391176,-0.08386946813117548,1.63897084551285,1.2267429000438441,1.0149163895475573,0.9764548059119162,13.6189,70.0,18700661.81,18653627.79,18077701.03,19229554.55,823908.02,11.6389,starter
Keyonte George,1641718,UTA,PG,18.362,3.846,5.365,1.011,0.252,2.646,0.4362,0.8456,2.063,0.5292,5.365,0.252,1.011,2.063,raw_dbb2_flat_file,14.2003,11.249888888888888,2.950411111111112,19.8372,1.4752,1.397,5.0968,4.457277777777778,0.6395222222222223,4.1658,0.3198,0.8173,3.2608,2.645388888888889,0.6154111111111114,5.6727,0.3077,1.7397,0.9439,0.8517222222222222,0.0921777777777778,1.0571,0.0461,1.1199,0.5491,0.4432222222222222,0.1058777777777778,0.3049,0.0529,0.5553,1.6469,1.477666666666667,0.1692333333333333,2.7306,0.0846,1.658,0.4691,0.45565,0.0134499999999999,0.4429,0.0067,0.9441,0.7828,0.7633666666666667,0.0194333333333333,0.8553,0.0097,1.0926,1.6758,1.2035,0.4722999999999999,2.2992,0.2362,1.372,0.4773,0.4321166666666667,0.0451833333333333,0.5518,0.0226,1.1561,60,32.10403573134791,4.712982639817423,1.5555166784100285,0.7490249027483739,1.5854639343298456,0.5313492326792134,-0.01752117548605532,1.2290001940362327,1.9300055615506513,0.2756628479570004,1.1853237172681703,1.98519166545891,0.584437405330841,1.4503891145224523,2.3131728177762056,15.7869,60.0,18518530.31,18461652.21,17885725.45,19229554.55,869813.54,11.5428,starter
Cameron Johnson,1629661,DEN,SF,14.961,5.026,2.766,0.904,0.466,1.429,0.4689,0.8182,1.883,0.4742,2.766,0.466,0.904,1.883,raw_dbb2_flat_file,14.2003,9.484444444444444,4.715855555555557,17.3189,2.3579,1.2196,5.0968,3.5435,1.5533,5.8026,0.7766,1.1385,3.2608,2.3794444444444443,0.8813555555555559,3.2067,0.4407,0.9834,0.9439,0.6557777777777778,0.2881222222222221,1.0481,0.1441,1.1104,0.5491,0.3534444444444444,0.1956555555555555,0.5638,0.0978,1.0268,1.6469,1.0929444444444445,0.5539555555555558,1.706,0.277,1.0359,0.4691,0.4566777777777778,0.0124222222222222,0.4751,0.0062,1.0128,0.7828,0.7742055555555556,0.0085944444444444,0.8225,0.0043,1.0507,1.6758,1.0026111111111111,0.6731888888888888,2.2196,0.3366,1.3245,0.4773,0.4187833333333333,0.0585166666666666,0.5035,0.0293,1.0549,59,31.18401011089474,3.0593447724748994,1.1256576500648159,0.70706639546076,0.9210445955029907,0.990051179841018,0.28743286555863984,1.8201902310349243,0.6971515098025475,0.24293301315845003,1.3822550722040516,1.2034551535151825,0.5194585151061551,1.3346701072355478,0.8107860752346348,16.0143,59.0,18463188.01,18461652.21,17885725.45,19037578.97,841850.4,11.5125,starter
Tyler Herro,1629639,MIA,PG,19.614,4.658,4.732,0.97,0.293,2.2,0.4609,0.8585,2.378,0.5226,4.732,0.293,0.97,2.378,raw_dbb2_flat_file,14.2003,10.5542,3.646100000000001,21.437,1.823,1.5096,5.0968,3.9381333333333335,1.1586666666666663,5.2373,0.5793,1.0276,3.2608,2.4346,0.8262,5.1451,0.4131,1.5779,0.9439,0.7641333333333333,0.1797666666666666,1.0599,0.0899,1.1229,0.5491,0.3908666666666667,0.1582333333333333,0.3721,0.0791,0.6777,1.6469,1.2644666666666666,0.3824333333333334,2.3912,0.1912,1.4519,0.4691,0.4581266666666667,0.0109733333333333,0.4664,0.0055,0.9942,0.7828,0.7705466666666667,0.0122533333333333,0.8646,0.0061,1.1045,1.6758,1.1222666666666667,0.5535333333333332,2.6548,0.2768,1.5842,0.4773,0.4400866666666667,0.0372133333333333,0.5412,0.0186,1.1339,49,33.04228177184082,3.603237135549362,1.8702113406320573,1.74242797612555,1.229676025065783,0.5409374117827529,0.5093122446163862,1.8286454160313093,1.3930949293015125,1.095966460740277,1.401504974121907,1.7468838283531811,-0.1220986388534625,1.5751919729692694,1.4217862340894174,19.2428,49.0,18457812.7,18461652.21,17885725.45,19037578.97,852241.88,11.5107,starter
Norman Powell,1626181,MIA,PG,18.603,3.434,3.164,1.065,0.25,1.835,0.4655,0.8263,2.344,0.4746,3.164,0.25,1.065,2.344,raw_dbb2_flat_file,14.2003,10.5542,3.646100000000001,20.4261,1.8231,1.4384,5.0968,3.9381333333333335,1.1586666666666663,4.0133,0.5793,0.7874,3.2608,2.4346,0.8262,3.5771,0.4131,1.097,0.9439,0.7641333333333333,0.1797666666666666,1.1549,0.0899,1.2235,0.5491,0.3908666666666667,0.1582333333333333,0.3291,0.0791,0.5993,1.6469,1.2644666666666666,0.3824333333333334,2.0262,0.1912,1.2303,0.4691,0.4581266666666667,0.0109733333333333,0.471,0.0055,1.0041,0.7828,0.7705466666666667,0.0122533333333333,0.8324,0.0061,1.0634,1.6758,1.1222666666666667,0.5535333333333332,2.6208,0.2768,1.5639,0.4773,0.4400866666666667,0.0372133333333333,0.4932,0.0186,1.0333,61,30.892833498880975,4.118028000865391,1.6713584627471665,0.6076399576340302,0.1722927010967715,0.8662506313671157,0.17220157401512162,1.771311508416482,0.8156866182498456,1.2565365296255142,0.653006428886395,0.6677539999498758,0.6486679548021412,1.2892783885026255,1.8352843460280426,15.2146,61.0,18083449.64,17981713.24,17501774.28,18653627.79,841211.77,11.2996,starter
Franz Wagner,1630532,ORL,SF,19.638,5.939,3.456,1.077,0.537,1.983,0.4725,0.8143,1.377,0.5067,3.456,0.537,1.077,1.377,raw_dbb2_flat_file,14.2003,9.959933333333334,4.240366666666667,21.7582,2.1202,1.5322,5.0968,3.8836,1.2132,6.5456,0.6066,1.2843,3.2608,2.1512666666666664,1.1095333333333337,4.0108,0.5548,1.23,0.9439,0.7268000000000001,0.2170999999999998,1.1855,0.1085,1.256,0.5491,0.4478,0.1013,0.5876,0.0506,1.0701,1.6469,1.2436666666666667,0.4032333333333333,2.1846,0.2016,1.3265,0.4691,0.4565933333333333,0.0125066666666666,0.4788,0.0063,1.0207,0.7828,0.7623666666666666,0.0204333333333334,0.8245,0.0102,1.0533,1.6758,0.9354666666666668,0.7403333333333333,1.7472,0.3702,1.0426,0.4773,0.4337466666666666,0.0435533333333333,0.5285,0.0218,1.1073,51,32.381614040835515,4.919273597172204,1.962231339209293,1.1611734291056466,1.6358330238101826,1.4762062200861765,0.4075547709082424,0.934977863747223,1.4863901169050557,0.3587885236725092,1.4188538577459366,1.6690628027511667,-0.024649173827532855,1.4816958142178722,2.1386654505582645,18.0992,51.0,18028075.35,17885725.45,17501774.28,18653627.79,797832.02,11.2737,starter
Jimmy Butler III,202710,GSW,SF,17.919,5.956,4.401,1.244,0.397,1.75,0.4943,0.8382,0.929,0.4524,4.401,0.397,1.244,0.929,raw_dbb2_flat_file,14.2003,9.445555555555556,4.754744444444444,20.2964,2.3774,1.4293,5.0968,3.606555555555556,1.490244444444444,6.7011,0.7451,1.3148,3.2608,2.3485555555555555,0.9122444444444446,4.8571,0.4561,1.4895,0.9439,0.7605555555555555,0.1833444444444444,1.3357,0.0917,1.4151,0.5491,0.4103888888888888,0.1387111111111111,0.4664,0.0694,0.8494,1.6469,1.1836111111111112,0.4632888888888888,1.9816,0.2316,1.2032,0.4691,0.4614777777777777,0.0076222222222222,0.4981,0.0038,1.0618,0.7828,0.7820055555555556,0.0007944444444444,0.8386,0.0004,1.0713,1.6758,1.1357222222222223,0.5400777777777777,1.199,0.27,0.7155,0.4773,0.3990277777777777,0.0782722222222222,0.4915,0.0391,1.0298,49,32.105645929914026,6.034543790316002,1.686759210992818,1.2562119805616088,2.3881342884245056,2.007650812843257,-0.2041584613762873,-0.09227323647953009,1.1516315769096332,0.9631159163539555,1.6768752958162256,0.9799634818819111,-0.16067609606095487,1.4478161603536643,2.93490252572154,18.4317,49.0,17552173.2,17501774.28,17117823.1,18077701.03,751113.82,11.0042,starter
Peyton Watson,1631212,DEN,PG,13.527,4.148,2.949,0.962,0.846,1.673,0.4654,0.763,1.308,0.5335,2.949,0.846,0.962,1.308,raw_dbb2_flat_file,14.2003,9.484444444444444,4.715855555555557,15.8849,2.3579,1.1186,5.0968,3.5435,1.5533,4.9246,0.7766,0.9662,3.2608,2.3794444444444443,0.8813555555555559,3.3897,0.4407,1.0395,0.9439,0.6557777777777778,0.2881222222222221,1.1061,0.1441,1.1718,0.5491,0.3534444444444444,0.1956555555555555,0.9438,0.0978,1.7188,1.6469,1.0929444444444445,0.5539555555555558,1.95,0.277,1.184,0.4691,0.4566777777777778,0.0124222222222222,0.4716,0.0062,1.0053,0.7828,0.7742055555555556,0.0085944444444444,0.7673,0.0043,0.9802,1.6758,1.0026111111111111,0.6731888888888888,1.6446,0.3366,0.9814,0.4773,0.4187833333333333,0.0585166666666666,0.5628,0.0293,1.1791,60,28.763993279387346,3.107030944344724,0.7780646759721473,1.4525193050615803,0.0459192094438423,0.6991423669911484,4.99131620700576,0.12515384331076318,0.6951427461891965,1.277480451654025,-0.8602623690897495,2.2324922511346674,0.584437405330841,1.0061060295446524,1.023215985432394,14.5966,60.0,17117759.11,17117823.1,16541896.34,17501774.28,683658.54,10.701,starter
Christian Braun,1631128,DEN,PG,14.04,4.472,3.342,0.951,0.351,1.452,0.4889,0.7993,1.259,0.5231,3.342,0.351,0.951,1.259,raw_dbb2_flat_file,14.2003,9.484444444444444,4.715855555555557,16.3979,2.3579,1.1548,5.0968,3.5435,1.5533,5.2487,0.7767,1.0298,3.2608,2.3794444444444443,0.8813555555555559,3.7827,0.4407,1.1601,0.9439,0.6557777777777778,0.2881222222222221,1.0951,0.1441,1.1602,0.5491,0.3534444444444444,0.1956555555555555,0.4488,0.0978,0.8173,1.6469,1.0929444444444445,0.5539555555555558,1.729,0.277,1.0499,0.4691,0.4566777777777778,0.0124222222222222,0.4951,0.0062,1.0554,0.7828,0.7742055555555556,0.0085944444444444,0.8036,0.0043,1.0266,1.6758,1.0026111111111111,0.6731888888888888,1.5956,0.3366,0.9521,0.4773,0.4187833333333333,0.0585166666666666,0.5524,0.0293,1.1573,59,31.312910313187437,2.8659285854586214,0.8789762659958381,1.7529970802193435,0.3109393920457694,0.6614745205129586,1.1106236035725958,0.04252556468939409,0.34553387840174915,2.0977840644373016,-0.016458108467107317,1.9986807883139521,0.5202068558595406,1.3451558288861063,0.8295540988288903,14.8064,59.0,17049351.81,17117823.1,16541896.34,17501774.28,678079.94,10.6533,starter
Ivica Zubac,1627826,IND,C,15.546,10.586,2.489,0.602,1.182,1.833,0.5724,0.7259,0.212,0.4957,2.489,1.182,0.602,0.212,raw_dbb2_flat_file,14.2003,9.299555555555555,4.900744444444445,17.9964,2.4504,1.2673,5.0968,3.769944444444444,1.326855555555556,11.2494,0.6634,2.2071,3.2608,2.2429444444444444,1.0178555555555555,2.9979,0.5089,0.9194,0.9439,0.6926111111111112,0.2512888888888888,0.7276,0.1256,0.7708,0.5491,0.4008333333333333,0.1482666666666667,1.2561,0.0741,2.2876,1.6469,1.1437777777777778,0.5031222222222222,2.0846,0.2516,1.2658,0.4691,0.4635222222222223,0.0055777777777777,0.5752,0.0028,1.2262,0.7828,0.7666499999999999,0.0161500000000001,0.734,0.0081,0.9377,1.6758,0.973388888888889,0.702411111111111,0.5632,0.3512,0.3361,0.4773,0.4178944444444444,0.0594055555555555,0.5254,0.0297,1.1008,57,31.206087300383956,3.601199569316597,1.6273567092791106,1.8867963175721627,0.9018764523556719,0.3692673666727808,0.9725415958513378,-0.2668768694651196,1.4324598621181572,0.7413779435459222,0.8305166590309877,2.571319225104514,0.14107781111763826,1.6035393063809966,1.3457460565902997,15.2388,57.0,16977051.67,16925847.52,16541896.34,17501774.28,672106.66,10.5745,starter
Saddiq Bey,1630180,NOP,SG,16.713,5.107,3.253,1.018,0.213,1.447,0.4447,0.8353,1.92,0.5085,3.253,0.213,1.018,1.92,raw_dbb2_flat_file,14.2003,10.4724,3.7279,18.577,1.864,1.3082,5.0968,4.337199999999999,0.7596000000000007,5.4868,0.3798,1.0765,3.2608,2.329333333333333,0.9314666666666672,3.7187,0.4657,1.1404,0.9439,0.7901333333333334,0.1537666666666666,1.0949,0.0769,1.16,0.5491,0.5034666666666666,0.0456333333333334,0.2358,0.0228,0.4294,1.6469,1.3388,0.3081,1.601,0.154,0.9721,0.4691,0.4649933333333333,0.0041066666666667,0.4468,0.0021,0.9525,0.7828,0.7565666666666666,0.0262333333333334,0.8484,0.0131,1.0838,1.6758,0.9537333333333332,0.7220666666666666,2.281,0.361,1.3611,0.4773,0.4297066666666666,0.0475933333333333,0.5323,0.0238,1.1152,70,32.373071520807976,3.786715111897827,0.8522268715873165,0.685421161889527,0.3387738464946657,0.3535498592910586,-0.8236710373478932,1.1321567858077428,0.020606857436255725,-0.306005056470884,1.0517430428198342,1.0235425897261063,1.0753061375282411,1.0835745984910006,0.9376092667216718,12.3382,70.0,16938768.54,16925847.52,16349920.76,17464445.69,667057.06,10.5042,starter
Paul George,202331,PHI,SF,16.883,5.83,3.63,1.424,0.529,1.982,0.4537,0.8161,2.054,0.4204,3.63,0.529,1.424,2.054,raw_dbb2_flat_file,14.2003,9.916666666666666,4.283633333333334,19.0248,2.1418,1.3397,5.0968,3.947611111111111,1.1491888888888888,6.4046,0.5746,1.2566,3.2608,2.145888888888889,1.1149111111111112,4.1875,0.5575,1.2842,0.9439,0.7621666666666667,0.1817333333333333,1.5149,0.0909,1.6049,0.5491,0.4476111111111111,0.1014888888888889,0.5797,0.0507,1.0557,1.6469,1.2115,0.4354,2.1997,0.2177,1.3357,0.4691,0.4532722222222222,0.0158277777777778,0.4616,0.0079,0.984,0.7828,0.7502888888888889,0.0325111111111111,0.8324,0.0163,1.0634,1.6758,0.9857777777777778,0.6900222222222222,2.399,0.345,1.4316,0.4773,0.4195222222222222,0.0577777777777777,0.4493,0.0289,0.9413,48,32.08716703501988,3.3271184109372207,1.4471297416809634,1.0749969933803047,1.7929069142241623,2.641704548010159,0.3676823737543827,2.1563610580700936,1.5112908752988037,-0.17978303871717377,1.5634190606363825,0.19401776997157003,-0.22868955717766587,1.4455475701143203,1.0019606444159852,17.9266,48.0,16880120.0,16925847.52,16349920.76,17309798.69,656186.03,10.4722,starter
Ryan Rollins,1631157,MIL,PG,13.826,3.586,4.124,1.167,0.346,1.989,0.4617,0.804,1.606,0.5335,4.124,0.346,1.167,1.606,raw_dbb2_flat_file,14.2003,9.941,4.259300000000001,15.9557,2.1297,1.1236,5.0968,3.714555555555555,1.3822444444444448,4.2771,0.6911,0.8392,3.2608,2.2494444444444444,1.0113555555555558,4.6297,0.5057,1.4198,0.9439,0.7022222222222223,0.2416777777777776,1.2878,0.1208,1.3643,0.5491,0.381,0.1681,0.43,0.084,0.7831,1.6469,1.2697222222222222,0.3771777777777778,2.1776,0.1886,1.3222,0.4691,0.4623055555555556,0.0067944444444444,0.4651,0.0034,0.9915,0.7828,0.7495888888888889,0.0332111111111111,0.8206,0.0166,1.0483,1.6758,1.103,0.5728,1.8924,0.2864,1.1293,0.4773,0.4165777777777777,0.0607222222222222,0.5639,0.0304,1.1814,61,26.68169688265662,2.5564110703668472,0.7919916556479316,0.8522127348219899,0.8821152054397441,1.3213467038172402,0.963235682472508,0.5430168523388283,1.0551924217929207,1.0505879630118415,0.37871193094294586,2.257222309702243,0.6486679548021412,0.7291247994304533,0.5809387547632691,13.2305,61.0,16852203.55,16925847.52,16344588.1,17309798.69,619266.99,9.8192,starter
AJ Green,1631260,MIL,PG,11.923,3.08,2.908,0.766,0.191,1.319,0.4384,0.825,2.112,0.5226,2.908,0.191,0.766,2.112,raw_dbb2_flat_file,14.2003,9.941,4.259300000000001,14.0526,2.1296,0.9896,5.0968,3.714555555555555,1.3822444444444448,3.7711,0.6911,0.7399,3.2608,2.2494444444444444,1.0113555555555558,3.4137,0.5057,1.0469,0.9439,0.7022222222222223,0.2416777777777776,0.8868,0.1208,0.9395,0.5491,0.381,0.1681,0.275,0.084,0.5008,1.6469,1.2697222222222222,0.3771777777777778,1.5076,0.1886,0.9154,0.4691,0.4623055555555556,0.0067944444444444,0.4418,0.0034,0.9418,0.7828,0.7495888888888889,0.0332111111111111,0.8416,0.0166,1.0751,1.6758,1.103,0.5728,2.3984,0.2864,1.4312,0.4773,0.4165777777777777,0.0607222222222222,0.553,0.0304,1.1586,71,27.619385189630492,1.9093091332415466,0.4176352287978615,0.38309285136062665,0.062103648076021055,-0.05181751779675464,-0.25193068829949283,1.396280300959494,-0.0047077656169879105,0.23726565757140056,0.866863156096541,2.0121699111689946,1.2909734495151444,0.8538534697278691,0.06116374075078337,11.4539,71.0,16842860.74,16925847.52,16344588.1,17464445.69,641436.76,9.9147,starter
Anthony Black,1641710,ORL,PG,13.527,3.643,3.822,1.192,0.495,1.983,0.4454,0.7623,1.305,0.5292,3.822,0.495,1.192,1.305,raw_dbb2_flat_file,14.2003,9.959933333333334,4.240366666666667,15.6472,2.1202,1.1019,5.0968,3.8836,1.2132,4.2496,0.6066,0.8338,3.2608,2.1512666666666664,1.1095333333333337,4.3768,0.5548,1.3422,0.9439,0.7268000000000001,0.2170999999999998,1.3005,0.1085,1.3778,0.5491,0.4478,0.1013,0.5456,0.0506,0.9936,1.6469,1.2436666666666667,0.4032333333333333,2.1846,0.2016,1.3265,0.4691,0.4565933333333333,0.0125066666666666,0.4517,0.0063,0.9629,0.7828,0.7623666666666666,0.0204333333333334,0.7725,0.0102,0.9868,1.6758,0.9354666666666668,0.7403333333333333,1.6752,0.3702,0.9996,0.4773,0.4337466666666666,0.0435533333333333,0.551,0.0218,1.1544,66,28.71295411293736,3.199080758374726,0.731307005506979,0.8267170889816985,0.7115716833531609,1.3648359447511496,1.8695146015773036,0.1767543601641077,1.0662660058404871,0.5828403710418015,-0.7393868276231456,1.9672061683188566,0.9698207021586428,0.9993169426838597,1.09715363054259,12.3104,66.0,16839207.87,16824527.07,16349920.76,17464445.69,633275.33,9.8684,starter
LaMelo Ball,1630163,CHA,PG,16.216,3.917,5.203,1.084,0.241,2.338,0.4165,0.845,2.496,0.4149,5.203,0.241,1.084,2.496,raw_dbb2_flat_file,14.2003,8.990764705882352,5.209535294117648,18.8208,2.6048,1.3254,5.0968,3.619529411764706,1.477270588235294,4.6556,0.7386,0.9134,3.2608,1.9743529411764704,1.2864470588235295,5.8462,0.6432,1.7929,0.9439,0.615,0.3288999999999999,1.2484,0.1644,1.3226,0.5491,0.3798235294117646,0.1692764705882353,0.3256,0.0846,0.593,1.6469,1.1689411764705882,0.4779588235294119,2.577,0.239,1.5648,0.4691,0.4548999999999999,0.0142,0.4236,0.0071,0.903,0.7828,0.7540470588235294,0.0287529411764706,0.8594,0.0144,1.0979,1.6758,1.0884705882352943,0.5873294117647057,2.7897,0.2937,1.6647,0.4773,0.4224823529411765,0.0548176470588235,0.4423,0.0274,0.9267,56,26.302001892633918,2.758809414704434,1.355581902386482,1.20312553302382,1.7024639386083043,1.186427326431725,0.14476233338478608,2.0561261259501387,1.6870194887354841,-0.39803331062671427,1.2806294326553032,-0.47657325558612956,0.3275152074456397,0.6786188361248429,0.7435122168850531,15.1572,56.0,16829635.75,16733871.93,16349920.76,17309798.69,653222.71,10.3331,starter
Shaedon Sharpe,1631101,POR,PG,18.141,4.424,3.699,1.184,0.264,2.451,0.4461,0.796,1.829,0.5292,3.699,0.264,1.184,1.829,raw_dbb2_flat_file,14.2003,9.020555555555555,5.179744444444445,20.7309,2.5899,1.4599,5.0968,3.588833333333333,1.5079666666666665,5.178,0.754,1.0159,3.2608,2.1012222222222223,1.1595777777777778,4.2788,0.5798,1.3122,0.9439,0.7107777777777778,0.2331222222222221,1.3006,0.1166,1.3779,0.5491,0.4397777777777778,0.1093222222222222,0.3187,0.0547,0.5804,1.6469,1.2561666666666669,0.3907333333333334,2.6464,0.1954,1.6069,0.4691,0.4412666666666667,0.0278333333333333,0.46,0.0139,0.9806,0.7828,0.7468,0.036,0.814,0.018,1.0399,1.6758,1.005111111111111,0.6706888888888889,2.1643,0.3353,1.2915,0.4773,0.4309944444444444,0.0463055555555555,0.5524,0.0232,1.1573,56,31.72044744682436,3.73839666305213,1.7313152905039317,1.6874500925499392,0.6454852256050978,1.365178379719133,0.0906678304278388,1.001519484117403,1.796806164864212,0.8725646257695134,0.22529297446610067,1.9986807883139521,0.3275152074456397,1.3993652760950601,1.5303511158664116,15.2314,56.0,16814032.4,16733871.93,16349920.76,17309798.69,632645.2,10.397,starter
Devin Vassell,1630170,SAS,SG,16.167,4.042,3.61,1.1,0.376,1.589,0.4476,0.8114,2.139,0.5178,3.61,0.376,1.1,2.139,raw_dbb2_flat_file,14.2003,8.8863125,5.3139875,18.824,2.657,1.3256,5.0968,3.6095625,1.4872375,4.7856,0.7436,0.9389,3.2608,2.0776875,1.1831125,4.2016,0.5916,1.2885,0.9439,0.64025,0.30365,1.2518,0.1518,1.3262,0.5491,0.438375,0.110725,0.4314,0.0554,0.7856,1.6469,1.095,0.5519000000000001,1.865,0.276,1.1324,0.4691,0.4674875,0.0016125,0.4484,0.0008,0.9559,0.7828,0.7385375,0.0442625,0.8335,0.0221,1.0648,1.6758,0.9138125,0.7619875,2.52,0.381,1.5038,0.4773,0.421575,0.055725,0.5457,0.0279,1.1433,66,31.898926002211894,2.8034913363165623,0.897141798332263,0.24816128340880095,0.6980823402122892,0.860984925044632,0.20366947387071477,1.5462979550318998,0.4379053981303757,-0.23915970560067515,0.706815545037622,1.2458575299888126,0.7653649567112775,1.018124176801663,0.2808502252649181,12.6413,66.0,16788259.68,16733871.93,16157945.17,17309798.69,661177.75,10.1899,starter
Wendell Carter Jr.,1628976,ORL,PF,13.288,8.307,2.303,0.779,0.897,1.603,0.5079,0.7377,0.709,0.4949,2.303,0.897,0.779,0.709,raw_dbb2_flat_file,14.2003,9.959933333333334,4.240366666666667,15.4082,2.1202,1.0851,5.0968,3.8836,1.2132,8.9136,0.6066,1.7489,3.2608,2.1512666666666664,1.1095333333333337,2.8578,0.5548,0.8764,0.9439,0.7268000000000001,0.2170999999999998,0.8876,0.1086,0.9404,0.5491,0.4478,0.1013,0.9477,0.0507,1.7259,1.6469,1.2436666666666667,0.4032333333333333,1.8046,0.2016,1.0958,0.4691,0.4565933333333333,0.0125066666666666,0.5142,0.0063,1.0961,0.7828,0.7623666666666666,0.0204333333333334,0.7479,0.0102,0.9554,1.6758,0.9354666666666668,0.7403333333333333,1.0792,0.3702,0.644,0.4773,0.4337466666666666,0.0435533333333333,0.5167,0.0218,1.0825,70,29.63894789274554,3.7144358964267243,0.5119553165422533,1.1319976043751756,0.6604972901140826,0.5977098304489497,0.24279780287800123,-0.011719796518726967,0.6168955627333191,0.0036085822159117684,0.0752404326496224,1.56367005077818,1.39191441261949,1.043105367707248,0.7956943767857553,11.8144,70.0,16774506.76,16733871.93,16157945.17,17309798.69,654221.42,10.0974,starter
Brook Lopez,201572,LAC,C,9.373,4.908,1.409,0.604,1.328,0.976,0.4659,0.7498,1.176,0.3712,1.409,1.328,0.604,1.176,raw_dbb2_flat_file,14.2003,9.250625,4.949675000000001,11.8478,2.4748,0.8343,5.0968,3.37875,1.71805,5.767,0.859,1.1315,3.2608,2.192375,1.068425,1.9432,0.5342,0.5959,0.9439,0.7555000000000001,0.1883999999999999,0.6982,0.0942,0.7397,0.5491,0.4111875,0.1379125,1.397,0.069,2.5442,1.6469,1.1773125,0.4695875,1.2108,0.2348,0.7352,0.4691,0.45813125,0.01096875,0.4714,0.0055,1.0049,0.7828,0.77625,0.00655,0.7531,0.0033,0.9621,1.6758,1.0209375,0.6548624999999999,1.5034,0.3274,0.8971,0.4773,0.4134875,0.0638125,0.4031,0.0319,0.8445,72,24.556949923417303,1.5429959354381781,0.24069264114891564,-0.4012665658296205,-0.028943951810988765,0.24139687386719622,1.4086686195797067,2.8560867213932353,-0.2854601980501169,-1.5725023421016437,1.1881267448665056,-0.23852674453649308,1.3038070236256458,0.6524657928165782,-0.4480600964115679,10.9644,72.0,16760956.49,16824527.07,16184608.45,17304466.03,624753.51,9.6517,starter
Chet Holmgren,1631096,OKC,PF,16.328,8.869,2.142,0.728,1.834,1.847,0.532,0.7442,0.981,0.4987,2.142,1.834,0.728,0.981,raw_dbb2_flat_file,14.2003,10.152375,4.047925000000001,18.352,2.024,1.2924,5.0968,3.7781875,1.3186125,9.5283,0.6593,1.8695,3.2608,2.4305,0.8303000000000003,2.5572,0.4152,0.7842,0.9439,0.8349375,0.1089624999999999,0.7825,0.0545,0.829,0.5491,0.4696875,0.0794125,1.8737,0.0397,3.4123,1.6469,1.19125,0.4556500000000001,2.0748,0.2278,1.2598,0.4691,0.4647125,0.0043875,0.5342,0.0022,1.1388,0.7828,0.774775,0.008025,0.7482,0.004,0.9558,1.6758,1.098375,0.5774250000000001,1.2697,0.2887,0.7577,0.4773,0.421575,0.055725,0.5266,0.0279,1.1033,61,30.006434478517136,4.249529128234436,1.0326360074359877,1.4006626660007513,0.3527119466284325,0.1421380196629345,2.319394023383802,0.34581741222428425,1.0475670570131692,0.41471288529437467,0.08057523223349711,1.7342961089312827,0.6540540237308858,1.092106010890022,1.132416845503403,12.9109,61.0,16758018.19,16824527.07,16344588.1,17304466.03,614840.37,9.6019,starter
Lauri Markkanen,1628374,UTA,PF,20.865,6.829,2.33,0.961,0.522,1.667,0.4667,0.8512,2.214,0.4964,2.33,0.522,0.961,2.214,raw_dbb2_flat_file,14.2003,11.249888888888888,2.950411111111112,22.3402,1.4752,1.5732,5.0968,4.457277777777778,0.6395222222222223,7.1488,0.3198,1.4026,3.2608,2.645388888888889,0.6154111111111114,2.6377,0.3077,0.8089,0.9439,0.8517222222222222,0.0921777777777778,1.0071,0.0461,1.067,0.5491,0.4432222222222222,0.1058777777777778,0.5749,0.0529,1.047,1.6469,1.477666666666667,0.1692333333333333,1.7516,0.0846,1.0636,0.4691,0.45565,0.0134499999999999,0.4734,0.0067,1.0092,0.7828,0.7633666666666667,0.0194333333333333,0.8609,0.0097,1.0998,1.6758,1.2035,0.4722999999999999,2.4502,0.2362,1.4621,0.4773,0.4321166666666667,0.0451833333333333,0.519,0.0226,1.0874,52,33.252488187655835,4.881375277944704,1.7380435525893236,0.360661829595906,0.4351361653596198,1.1157006143588346,-0.5932227921593235,2.5614220049860927,0.5324189187776123,-0.8350441960641518,2.084681609242653,1.6033104481268805,-0.08380636515771829,1.5249346520216638,1.5300238095485712,15.0646,52.0,16730059.08,16824527.07,16184608.45,17304466.03,630669.34,9.5532,starter
Kyshawn George,1642273,WAS,SF,14.616,5.661,3.313,1.029,0.827,2.124,0.4446,0.7752,1.601,0.5145,3.313,0.827,1.029,1.601,raw_dbb2_flat_file,14.2003,10.083470588235295,4.116829411764705,16.6744,2.0584,1.1742,5.0968,3.858882352941176,1.2379176470588238,6.28,0.619,1.2321,3.2608,2.2964117647058826,0.9643882352941175,3.7952,0.4822,1.1639,0.9439,0.7468823529411764,0.1970176470588235,1.1275,0.0985,1.1945,0.5491,0.4805294117647059,0.0685705882352941,0.8613,0.0343,1.5686,1.6469,1.3768235294117646,0.2700764705882355,2.259,0.135,1.3717,0.4691,0.4529117647058824,0.0161882352941176,0.4527,0.0081,0.965,0.7828,0.7613705882352941,0.0214294117647059,0.7859,0.0107,1.004,1.6758,1.0793529411764706,0.5964470588235293,1.8992,0.2982,1.1333,0.4773,0.4259705882352941,0.0513294117647058,0.5402,0.0257,1.1318,54,30.33723940467243,3.1999558212409864,1.0042034247018947,0.998843916136492,1.4441797653310997,1.2709879352665314,1.788956682428669,1.2198048743901753,1.6090799463418013,-0.4584625099536965,0.7124972967875575,1.886967182593608,0.17939120952260015,1.2307149859957456,0.9111740627316827,14.4544,54.0,16694356.95,16664547.41,16184608.45,17144486.38,610626.46,9.5303,starter
Collin Gillespie,1631221,PHX,PG,12.57,3.524,4.001,1.064,0.231,1.581,0.4387,0.8248,1.851,0.5226,4.001,0.231,1.064,1.851,raw_dbb2_flat_file,14.2003,8.88535294117647,5.314947058823531,15.2275,2.6575,1.0723,5.0968,3.319176470588236,1.7776235294117644,4.4128,0.8888,0.8658,3.2608,1.9868235294117649,1.2739764705882353,4.638,0.637,1.4224,0.9439,0.6880588235294117,0.2558411764705882,1.1919,0.1279,1.2627,0.5491,0.3491176470588235,0.1999823529411765,0.331,0.1,0.6028,1.6469,1.0747058823529412,0.5721941176470589,1.8671,0.2861,1.1337,0.4691,0.4498411764705882,0.0192588235294118,0.4483,0.0096,0.9557,0.7828,0.7384588235294117,0.0443411764705883,0.847,0.0222,1.082,1.6758,1.0250588235294116,0.6507411764705884,2.1764,0.3254,1.2987,0.4773,0.4164647058823529,0.060835294117647,0.553,0.0304,1.1586,59,26.179128449953108,2.183256614646395,0.648748342089936,0.9780221581139009,0.8877123238000394,0.9929515695210251,0.18709716178587527,1.0219236100626803,0.5639998722544481,0.46415814621358203,0.9923877568503215,2.0121699111689946,0.5202068558595406,0.6622745551879258,0.2812079838857234,13.1123,59.0,16613252.6,16664547.41,16157945.17,17144486.38,639123.69,9.4382,starter
Keegan Murray,1631099,SAC,SF,15.311,6.333,2.18,1.015,1.024,1.45,0.4486,0.7848,1.562,0.5149,2.18,1.024,1.015,1.562,raw_dbb2_flat_file,14.2003,11.1313125,3.0689875000000004,16.8455,1.5345,1.1863,5.0968,4.452625,0.6441749999999997,6.6551,0.3221,1.3057,3.2608,2.650875,0.609925,2.485,0.305,0.7621,0.9439,0.7828125,0.1610874999999999,1.0955,0.0805,1.1606,0.5491,0.4605,0.0886,1.0683,0.0443,1.9455,1.6469,1.4098125,0.2370875000000001,1.5685,0.1185,0.9524,0.4691,0.4689375,0.0001625,0.4487,0.0001,0.9565,0.7828,0.76156875,0.02123125,0.7954,0.0106,1.0161,1.6758,1.0809375,0.5948625000000001,1.8594,0.2974,1.1096,0.4773,0.41033125,0.06696875,0.5484,0.0335,1.149,51,33.93080900370017,2.834458672321799,1.0364467419394372,1.2280976823817098,0.2795039802694366,1.1577640539867273,2.8337144306373956,1.1452251702876126,0.47040619330318517,-0.5837117105094368,0.8863415281115101,2.0396864915430104,-0.024649173827532855,1.6718851405671062,0.6502306764338952,15.1283,51.0,16606096.18,16541896.34,16184608.45,16984506.72,595956.64,9.4056,starter
Davion Mitchell,1630558,MIA,PG,11.68,2.928,4.983,0.971,0.22,1.709,0.4624,0.7834,1.395,0.5085,4.983,0.22,0.971,1.395,raw_dbb2_flat_file,14.2003,10.5542,3.646100000000001,13.503,1.823,0.9509,5.0968,3.9381333333333335,1.1586666666666663,3.5073,0.5793,0.6881,3.2608,2.4346,0.8262,5.3961,0.4131,1.6548,0.9439,0.7641333333333333,0.1797666666666666,1.0609,0.0899,1.124,0.5491,0.3908666666666667,0.1582333333333333,0.2991,0.0791,0.5447,1.6469,1.2644666666666666,0.3824333333333334,1.9002,0.1912,1.1538,0.4691,0.4581266666666667,0.0109733333333333,0.4679,0.0055,0.9974,0.7828,0.7705466666666667,0.0122533333333333,0.7895,0.0061,1.0086,1.6758,1.1222666666666667,0.5535333333333332,1.6718,0.2768,0.9976,0.4773,0.4400866666666667,0.0372133333333333,0.5271,0.0186,1.1043,70,28.57792889704711,2.036048373281669,0.30952409843329926,0.13852007417266657,1.3989382790939853,0.544361761462588,-0.0629919171020401,0.17102096940262485,0.6163621053936539,1.1483262658115503,-0.3442167882130924,1.42988944125971,1.2267429000438441,0.9813562669354717,0.16296515176252435,10.9475,70.0,16549628.69,16504567.76,16124616.07,16984506.72,624193.78,9.356,starter
Zach LaVine,203897,SAC,PG,18.932,3.785,3.877,0.942,0.264,2.152,0.4705,0.8469,2.335,0.478,3.877,0.264,0.942,2.335,raw_dbb2_flat_file,14.2003,11.1313125,3.0689875000000004,20.4665,1.5345,1.4413,5.0968,4.452625,0.6441749999999997,4.1071,0.3221,0.8058,3.2608,2.650875,0.609925,4.182,0.305,1.2825,0.9439,0.7828125,0.1610874999999999,1.0225,0.0805,1.0833,0.5491,0.4605,0.0886,0.3083,0.0443,0.5615,1.6469,1.4098125,0.2370875000000001,2.2705,0.1185,1.3787,0.4691,0.4689375,0.0001625,0.4706,0.0001,1.0032,0.7828,0.76156875,0.02123125,0.8575,0.0106,1.0954,1.6758,1.0809375,0.5948625000000001,2.6324,0.2974,1.5708,0.4773,0.41033125,0.06696875,0.5115,0.0335,1.0717,51,33.26269898523569,3.7417958576597736,1.6793054963474723,0.6946032878092789,0.5802079897886435,0.4128667337569087,0.009134086840556424,1.790872488661541,1.202154701509907,1.242573914939843,1.2364633694271203,1.0791722470286345,0.006362460089138127,1.6045112528759662,1.5330814684174612,14.6358,51.0,16258583.04,16184608.45,15864649.14,16664547.41,634186.87,9.1204,starter
Tobias Harris,202699,DET,SF,11.615,5.001,2.176,0.831,0.493,1.079,0.4687,0.8383,1.092,0.3723,2.176,0.493,0.831,1.092,raw_dbb2_flat_file,14.2003,8.7513125,5.448987500000001,14.3395,2.7245,1.0098,5.0968,3.5715,1.5253,5.7636,0.7626,1.1308,3.2608,2.12,1.1408,2.7464,0.5704,0.8422,0.9439,0.7265625,0.2173374999999999,0.9397,0.1087,0.9956,0.5491,0.4360625,0.1130375,0.5495,0.0565,1.0007,1.6469,1.1275,0.5194000000000001,1.3387,0.2597,0.8129,0.4691,0.4586375,0.0104624999999999,0.4739,0.0052,1.0102,0.7828,0.7500125,0.0327875,0.8547,0.0164,1.0918,1.6758,0.86675,0.8090499999999999,1.4965,0.4045,0.893,0.4773,0.41046875,0.06683125,0.4057,0.0334,0.85,63,26.664749124145118,2.133265841101312,0.5641980394421829,0.6832303600473677,0.5118702222287702,0.6065052820056817,0.21525877957127382,0.4652006823775639,0.09145292980097808,0.2053582529917269,1.9714955194283996,-0.6180019702959854,0.7915123595729991,0.7798560113538164,0.1496203916000119,11.6033,63.0,15987209.55,16024628.79,15544689.83,16344588.1,614918.47,8.9056,starter
Russell Westbrook,201566,SAC,PG,13.4,4.54,6.09,1.254,0.288,2.624,0.4394,0.7469,1.539,0.3841,6.09,0.288,1.254,1.539,raw_dbb2_flat_file,14.2003,11.1313125,3.0689875000000004,14.9345,1.5345,1.0517,5.0968,4.452625,0.6441749999999997,4.8621,0.3221,0.954,3.2608,2.650875,0.609925,6.395,0.305,1.9612,0.9439,0.7828125,0.1610874999999999,1.3345,0.0805,1.4138,0.5491,0.4605,0.0886,0.3323,0.0443,0.6052,1.6469,1.4098125,0.2370875000000001,2.7425,0.1185,1.6652,0.4691,0.4689375,0.0001625,0.4395,0.0001,0.9369,0.7828,0.76156875,0.02123125,0.7575,0.0106,0.9677,1.6758,1.0809375,0.5948625000000001,1.8364,0.2974,1.0958,0.4773,0.41033125,0.06696875,0.4176,0.0335,0.8749,65,28.562680206670333,2.7692945884898097,0.5911126776124676,1.3945746554245544,2.0725481019974583,1.4812638338655533,0.19728887973428536,0.4485845339144067,1.9488306544315142,0.156980623128781,-1.0880662741614278,-1.0318754797853305,0.9055901526873426,0.9793279288829154,0.7519342769014823,11.1516,65.0,15904468.07,15864649.14,15504694.91,16344588.1,611634.93,8.8472,starter
Jaren Jackson Jr.,1628991,UTA,PF,19.233,6.161,2.436,1.121,1.198,2.161,0.4712,0.7882,1.584,0.4956,2.436,1.198,1.121,1.584,raw_dbb2_flat_file,14.2003,11.249888888888888,2.950411111111112,20.7082,1.4752,1.4583,5.0968,4.457277777777778,0.6395222222222223,6.4808,0.3198,1.2715,3.2608,2.645388888888889,0.6154111111111114,2.7437,0.3077,0.8414,0.9439,0.8517222222222222,0.0921777777777778,1.1671,0.0461,1.2365,0.5491,0.4432222222222222,0.1058777777777778,1.2509,0.0529,2.2781,1.6469,1.477666666666667,0.1692333333333333,2.2456,0.0846,1.3635,0.4691,0.45565,0.0134499999999999,0.4779,0.0067,1.0188,0.7828,0.7633666666666667,0.0194333333333333,0.7979,0.0097,1.0193,1.6758,1.2035,0.4722999999999999,1.8202,0.2362,1.0862,0.4773,0.4321166666666667,0.0451833333333333,0.5182,0.0226,1.0857,57,31.78142679355413,4.683837262037666,1.4493857336007465,0.06870109888843134,0.5436699192168348,1.8092447601795998,0.9227372997002029,1.3790154878832215,1.319804996402504,-0.7425457278714976,0.9643736966288404,1.5895224838316797,0.3261160731137285,1.328783398443298,1.405717456135926,12.5648,57.0,15759675.82,15704669.48,15384710.17,16184608.45,600740.25,8.7315,starter
Jayson Tatum,1628369,BOS,SG,21.285,8.237,4.402,1.145,0.471,2.341,0.4481,0.8077,2.371,0.4964,4.402,0.471,1.145,2.371,raw_dbb2_flat_file,14.2003,10.554846153846151,3.6454538461538473,23.1077,1.8227,1.6273,5.0968,4.29,0.8068,8.6404,0.4034,1.6953,3.2608,2.365692307692308,0.8951076923076924,4.8496,0.4476,1.4872,0.9439,0.6874615384615385,0.2564384615384615,1.2732,0.1282,1.3489,0.5491,0.4480769230769231,0.1010230769230769,0.5215,0.0505,0.9497,1.6469,1.1839230769230769,0.4629769230769232,2.5725,0.2315,1.562,0.4691,0.4659153846153846,0.0031846153846153,0.4497,0.0016,0.9586,0.7828,0.764453846153846,0.018346153846154,0.8169,0.0092,1.0436,1.6758,1.2137692307692307,0.4620307692307692,2.602,0.231,1.5527,0.4773,0.4291384615384616,0.0481615384615384,0.5205,0.0241,1.0905,47,33.96378250331365,5.056528614599108,1.6760975541918897,2.65196815672241,1.1802357962674146,0.9301953164221113,0.6768973882919649,1.6883882306652924,1.5562338736648067,-0.18484785801863335,0.32253390321314324,0.8277727169574538,-0.7068556521692997,1.303154243362746,1.7858002071511914,15.1655,47.0,15703938.91,15704669.48,15224730.52,16024628.79,594538.45,8.6967,starter
Donovan Clingan,1642270,POR,C,9.295,8.446,1.499,0.555,1.401,1.199,0.528,0.6637,0.513,0.3882,1.499,1.401,0.555,0.513,raw_dbb2_flat_file,14.2003,9.020555555555555,5.179744444444445,11.8849,2.5899,0.8369,5.0968,3.588833333333333,1.5079666666666665,9.2,0.754,1.8051,3.2608,2.1012222222222223,1.1595777777777778,2.0788,0.5798,0.6375,0.9439,0.7107777777777778,0.2331222222222221,0.6716,0.1166,0.7115,0.5491,0.4397777777777778,0.1093222222222222,1.4557,0.0547,2.6511,1.6469,1.2561666666666669,0.3907333333333334,1.3944,0.1954,0.8467,0.4691,0.4412666666666667,0.0278333333333333,0.5419,0.0139,1.1552,0.7828,0.7468,0.036,0.6817,0.018,0.8708,1.6758,1.005111111111111,0.6706888888888889,0.8483,0.3353,0.5062,0.4773,0.4309944444444444,0.0463055555555555,0.4114,0.0232,0.8619,71,23.177778563188483,2.2267998008397503,0.24905962500339163,1.0314854914296676,0.0907291749596563,0.12570452323357167,1.5903624186773309,0.680109856501395,0.0755035500008045,-0.0009362521387010255,-0.148698392759462,-0.04783400906617182,1.2262917427917785,0.4551930825362803,0.1479021111239469,9.792,71.0,15428544.6,15384710.17,15064750.86,15704669.48,549942.11,8.4775,starter
Anthony Davis,203076,DAL,PF,19.994,9.373,3.134,1.098,1.403,2.015,0.5041,0.7754,0.819,0.4612,3.134,1.403,1.098,0.819,raw_dbb2_flat_file,14.2003,9.4712,4.729100000000001,22.3586,2.3646,1.5745,5.0968,3.9284,1.1684,9.9572,0.5842,1.9536,3.2608,2.088,1.1728,3.7204,0.5864,1.1409,0.9439,0.6827500000000001,0.2611499999999999,1.2286,0.1306,1.3016,0.5491,0.4574,0.0917,1.4488,0.0458,2.6385,1.6469,1.1912,0.4557,2.2429,0.2279,1.3619,0.4691,0.463675,0.005425,0.5068,0.0027,1.0804,0.7828,0.755695,0.027105,0.789,0.0136,1.0079,1.6758,0.893,0.7827999999999999,1.2104,0.3914,0.7223,0.4773,0.4149949999999999,0.062305,0.4924,0.0312,1.0316,45,32.600684180893,4.895101568817749,1.741298027999489,1.5881206860612844,1.5437163097106283,2.0758257912294558,1.3665368591365943,0.23452105275729945,1.3155014692575908,-0.14850000992311857,0.8061079756405395,1.1448606353114692,-0.6576977787377437,1.4380231379770685,1.5386614642120282,15.3669,45.0,15402057.3,15384710.17,15064750.86,15704669.48,527888.34,8.4572,starter
RJ Barrett,1629628,TOR,SG,18.915,6.132,3.539,0.869,0.519,2.126,0.4778,0.7242,1.532,0.5149,3.539,0.519,0.869,1.532,raw_dbb2_flat_file,14.2003,9.23675,4.9635500000000015,21.3968,2.4818,1.5068,5.0968,3.6478125,1.4489875,6.8565,0.7245,1.3453,3.2608,2.18275,1.0780500000000002,4.078,0.539,1.2506,0.9439,0.678875,0.2650249999999999,1.0015,0.1325,1.061,0.5491,0.401625,0.147475,0.5927,0.0737,1.0794,1.6469,1.1529375,0.4939625000000001,2.373,0.247,1.4409,0.4691,0.4618875,0.0072125,0.4814,0.0036,1.0262,0.7828,0.7451625,0.0376375000000001,0.743,0.0188,0.9492,1.6758,0.855875,0.8199249999999999,1.942,0.41,1.1588,0.4773,0.43621875,0.04108125,0.5354,0.0205,1.1217,61,32.09984666718184,4.788086007617647,1.3649844037144432,1.5395495925156684,0.6061160328536266,0.05148207636318288,1.0508577379789021,0.5447347926404231,1.2408889537084555,1.1395256560973424,-1.3882138878006443,1.0749736579958369,0.3779384806900729,1.0458590002527475,1.6064899487686888,11.0816,61.0,15153539.57,15064750.86,14904771.21,15384710.17,492804.21,8.2382,starter
Herbert Jones,1630529,NOP,SF,12.632,4.906,2.867,1.389,0.591,1.637,0.4466,0.797,1.297,0.4982,2.867,0.591,1.389,1.297,raw_dbb2_flat_file,14.2003,10.4724,3.7279,14.496,1.864,1.0208,5.0968,4.337199999999999,0.7596000000000007,5.2858,0.3798,1.0371,3.2608,2.329333333333333,0.9314666666666672,3.3327,0.4657,1.022,0.9439,0.7901333333333334,0.1537666666666666,1.4659,0.0769,1.553,0.5491,0.5034666666666666,0.0456333333333334,0.6138,0.0228,1.1178,1.6469,1.3388,0.3081,1.791,0.154,1.0875,0.4691,0.4649933333333333,0.0041066666666667,0.4487,0.0021,0.9565,0.7828,0.7565666666666666,0.0262333333333334,0.8101,0.0131,1.0349,1.6758,0.9537333333333332,0.7220666666666666,1.658,0.361,0.9894,0.4773,0.4297066666666666,0.0475933333333333,0.522,0.0238,1.0937,55,31.294364419890144,2.6290959352705765,0.593690027447299,0.3912083672135496,1.0330497465621948,2.4683304798004593,0.5397898095704097,0.7678293811857007,0.8373213418203351,-0.5837117105094368,1.1553426018443655,1.548004813949812,0.24740467063931115,1.3482179254189748,0.5036138062777439,12.2397,55.0,15128422.77,15064750.86,14744791.55,15384710.17,484175.62,8.2106,starter
Derik Queen,1642852,NOP,C,10.268,6.742,2.438,0.803,0.956,1.754,0.5036,0.7457,0.27,0.4131,2.438,0.956,0.803,0.27,raw_dbb2_flat_file,14.2003,10.4724,3.7279,12.132,1.864,0.8543,5.0968,4.337199999999999,0.7596000000000007,7.1218,0.3798,1.3973,3.2608,2.329333333333333,0.9314666666666672,2.9037,0.4657,0.8905,0.9439,0.7901333333333334,0.1537666666666666,0.8799,0.0769,0.9322,0.5491,0.5034666666666666,0.0456333333333334,0.9788,0.0228,1.7826,1.6469,1.3388,0.3081,1.908,0.154,1.1585,0.4691,0.4649933333333333,0.0041066666666667,0.5057,0.0021,1.078,0.7828,0.7565666666666666,0.0262333333333334,0.7588,0.0131,0.9693,1.6758,0.9537333333333332,0.7220666666666666,0.631,0.361,0.3765,0.4773,0.4297066666666666,0.0475933333333333,0.4369,0.0238,0.9154,74,23.381604221174783,2.779430822518359,0.30478689482659865,0.16415507331249543,0.8187406961477461,1.0316713140976295,0.11421637456051688,-0.04167273049447894,1.0852583484700484,-0.8078964288288923,1.2948480793828652,0.5380292143667453,1.4588375852933801,0.484347719251584,0.6295419793612774,8.6564,74.0,14712363.68,14744791.55,14424832.24,15064750.86,473226.82,7.8094,starter
Julian Champagnie,1630577,SAS,SF,9.25,4.502,1.377,0.699,0.486,0.911,0.4414,0.7921,1.546,0.3971,1.377,0.486,0.699,1.546,raw_dbb2_flat_file,14.2003,8.8863125,5.3139875,11.907,2.657,0.8385,5.0968,3.6095625,1.4872375,5.2456,0.7436,1.0292,3.2608,2.0776875,1.1831125,1.9686,0.5916,0.6037,0.9439,0.64025,0.30365,0.8508,0.1518,0.9014,0.5491,0.438375,0.110725,0.5414,0.0554,0.986,1.6469,1.095,0.5519000000000001,1.187,0.276,0.7207,0.4691,0.4674875,0.0016125,0.4422,0.0008,0.9427,0.7828,0.7385375,0.0442625,0.8142,0.0221,1.0401,1.6758,0.9138125,0.7619875,1.927,0.381,1.1499,0.4773,0.421575,0.055725,0.425,0.0279,0.8904,72,23.388171911977718,1.5905506673268701,0.10580020671091009,0.3666389153258987,-0.17953935311923896,0.29195518682522614,0.17437695464136718,1.2718982355472415,-0.1587089939295911,-0.787241661412515,1.2303701122052295,-0.2585528650858061,1.4036335096233983,0.3776019196150657,-0.2378462019388808,8.6525,72.0,14484110.04,14584811.9,14264852.59,14744791.55,448355.57,7.5983,starter
Joel Embiid,203954,PHI,PF,22.12,8.955,3.594,0.711,1.311,2.592,0.4964,0.8232,0.948,0.472,3.594,1.311,0.711,0.948,raw_dbb2_flat_file,14.2003,9.916666666666666,4.283633333333334,24.2618,2.1418,1.7085,5.0968,3.947611111111111,1.1491888888888888,9.5296,0.5746,1.8697,3.2608,2.145888888888889,1.1149111111111112,4.1515,0.5575,1.2732,0.9439,0.7621666666666667,0.1817333333333333,0.8019,0.0909,0.8496,0.5491,0.4476111111111111,0.1014888888888889,1.3617,0.0507,2.4799,1.6469,1.2115,0.4354,2.8097,0.2177,1.7061,0.4691,0.4532722222222222,0.0158277777777778,0.5043,0.0079,1.075,0.7828,0.7502888888888889,0.0325111111111111,0.8395,0.0163,1.0724,1.6758,0.9857777777777778,0.6900222222222222,1.293,0.345,0.7716,0.4773,0.4195222222222222,0.0577777777777777,0.5009,0.0289,1.0494,43,31.6900473425551,7.168959886414755,2.0779239845552864,1.4012308530515296,1.9851210388412464,0.22623024734370217,1.1712112319162318,0.3895476849996759,2.2189233899008873,-0.19988804780792757,1.7041325722595486,1.2913577559479728,-0.8216667540463225,1.316598866963762,2.9695507760218325,14.1835,43.0,14313721.04,14264852.59,13944893.28,14584811.9,474974.21,7.4342,starter
Dillon Brooks,1628415,PHX,SG,16.74,3.707,2.933,1.03,0.219,1.677,0.4381,0.8338,2.065,0.478,2.933,0.219,1.03,2.065,raw_dbb2_flat_file,14.2003,8.88535294117647,5.314947058823531,19.3975,2.6575,1.366,5.0968,3.319176470588236,1.7776235294117644,4.5958,0.8888,0.9017,3.2608,1.9868235294117649,1.2739764705882353,3.57,0.637,1.0948,0.9439,0.6880588235294117,0.2558411764705882,1.1579,0.1279,1.2267,0.5491,0.3491176470588235,0.1999823529411765,0.319,0.1,0.581,1.6469,1.0747058823529412,0.5721941176470589,1.9631,0.2861,1.192,0.4691,0.4498411764705882,0.0192588235294118,0.4477,0.0096,0.9544,0.7828,0.7384588235294117,0.0443411764705883,0.856,0.0222,1.0935,1.6758,1.0250588235294116,0.6507411764705884,2.3904,0.3254,1.4264,0.4773,0.4164647058823529,0.060835294117647,0.5084,0.0304,1.0652,62,31.86652420524551,3.0554526615013224,1.0014280756125338,0.1298042883494145,0.2281315333536205,0.5573000768976557,-0.3866836624328207,1.321726007201562,0.5929697422292136,-0.2684045466063921,1.2276792161852563,0.6270256440336665,0.4554237758943138,1.013651475506876,0.44915156471807444,9.4162,62.0,14011695.45,14099540.28,13715589.1,14264852.59,436594.98,7.1008,starter
Collin Sexton,1629012,CHI,PG,13.797,2.509,3.376,0.887,0.166,1.823,0.4688,0.848,1.45,0.4181,3.376,0.166,0.887,1.45,raw_dbb2_flat_file,14.2003,8.785941176470587,5.4143588235294136,16.5042,2.7072,1.1622,5.0968,3.529588235294117,1.5672117647058823,3.2926,0.7836,0.646,3.2608,2.090058823529412,1.1707411764705884,3.9614,0.5854,1.2149,0.9439,0.6158823529411765,0.3280176470588234,1.051,0.164,1.1135,0.5491,0.3896470588235294,0.1594529411764705,0.2457,0.0797,0.4475,1.6469,1.1739411764705885,0.4729588235294117,2.0595,0.2365,1.2505,0.4691,0.4611058823529412,0.0079941176470588,0.4728,0.004,1.0079,0.7828,0.7538823529411764,0.0289176470588236,0.8625,0.0145,1.1018,1.6758,0.949,0.7268,1.8134,0.3634,1.0821,0.4773,0.4102058823529412,0.0670941176470588,0.4516,0.0335,0.9462,65,24.18249818461007,3.0878699546386983,0.8998864063847629,-0.06053138626044525,0.43144602469453347,0.5104606996322174,-0.48163633129058736,0.4097998317043763,0.8683652395046964,1.3193682957110429,1.3526898516065478,-0.26749185133298964,0.9055901526873426,0.3966883937527771,1.007825205214386,8.9694,65.0,14005472.24,13971556.55,13715589.1,14264852.59,439072.98,7.1026,starter
Duncan Robinson,1629130,DET,SF,10.324,3.111,1.998,0.6,0.281,0.991,0.4513,0.7822,2.008,0.3718,1.998,0.281,0.6,2.008,raw_dbb2_flat_file,14.2003,8.7513125,5.448987500000001,13.0485,2.7245,0.9189,5.0968,3.5715,1.5253,3.8737,0.7627,0.76,3.2608,2.12,1.1408,2.5684,0.5704,0.7877,0.9439,0.7265625,0.2173374999999999,0.7087,0.1087,0.7508,0.5491,0.4360625,0.1130375,0.3375,0.0565,0.6146,1.6469,1.1275,0.5194000000000001,1.2507,0.2597,0.7594,0.4691,0.4586375,0.0104624999999999,0.4565,0.0052,0.9731,0.7828,0.7500125,0.0327875,0.7986,0.0164,1.0202,1.6758,0.86675,0.8090499999999999,2.4125,0.4045,1.4396,0.4773,0.41046875,0.06683125,0.4052,0.0334,0.8489,70,24.603615804472994,1.3084889215907671,0.32091269430094027,-0.47183946886982076,0.3536407231133863,-0.21082961098290362,-0.8547346630386291,2.1816581938837767,-0.053664072758613984,-0.3394757694257424,0.9448995849785257,-0.627314123280705,1.2676065873899762,0.526817777315452,-0.43922163617986815,8.325,70.0,14003360.51,13971556.55,13624933.97,14264852.59,438068.35,7.0897,starter
Domantas Sabonis,1627734,SAC,PF,16.93,10.187,4.407,0.932,0.446,2.458,0.5279,0.746,0.799,0.4755,4.407,0.446,0.932,0.799,raw_dbb2_flat_file,14.2003,11.1313125,3.0689875000000004,18.4645,1.5345,1.3003,5.0968,4.452625,0.6441749999999997,10.5091,0.3221,2.0619,3.2608,2.650875,0.609925,4.712,0.305,1.445,0.9439,0.7828125,0.1610874999999999,1.0125,0.0805,1.0727,0.5491,0.4605,0.0886,0.4903,0.0443,0.8929,1.6469,1.4098125,0.2370875000000001,2.5765,0.1185,1.5645,0.4691,0.4689375,0.0001625,0.528,0.0001,1.1256,0.7828,0.76156875,0.02123125,0.7566,0.0106,0.9665,1.6758,1.0809375,0.5948625000000001,1.0964,0.2974,0.6543,0.4773,0.41033125,0.06696875,0.509,0.0335,1.0664,47,32.55741536114795,4.100730479188089,1.0525342945905312,1.8293379424646607,2.559018859944728,1.1391077292802847,-0.7829420580932228,0.02056177823392304,1.8472261564957764,0.28727055134005164,0.22994962058200694,1.4309608944368761,-0.49372880342916503,1.4322536756909419,1.0387811097654074,12.3256,47.0,13957243.71,13944893.28,13624933.97,14264852.59,457248.99,7.0559,starter
Andrew Nembhard,1629614,IND,SG,14.915,3.392,5.645,1.101,0.219,2.107,0.451,0.8179,1.51,0.5226,5.645,0.219,1.101,1.51,raw_dbb2_flat_file,14.2003,9.299555555555555,4.900744444444445,17.3654,2.4504,1.2229,5.0968,3.769944444444444,1.326855555555556,4.0554,0.6634,0.7957,3.2608,2.2429444444444444,1.0178555555555555,6.1539,0.5089,1.8872,0.9439,0.6926111111111112,0.2512888888888888,1.2266,0.1256,1.2995,0.5491,0.4008333333333333,0.1482666666666667,0.2931,0.0741,0.5338,1.6469,1.1437777777777778,0.5031222222222222,2.3586,0.2516,1.4321,0.4691,0.4635222222222223,0.0055777777777777,0.4538,0.0028,0.9674,0.7828,0.7666499999999999,0.0161500000000001,0.826,0.0081,1.0552,1.6758,0.973388888888889,0.702411111111111,1.8612,0.3512,1.1106,0.4773,0.4178944444444444,0.0594055555555555,0.5523,0.0297,1.1571,61,31.03621783982569,3.2567080518282614,0.6319073361857888,-0.20718264595033498,2.1507184393734335,0.7794848380019926,-0.5227169918835463,0.40472388689434824,1.2181272151251394,-0.013556646413728314,0.5331943213217423,1.3553559334017882,0.3779384806900729,0.8990370805232896,0.5835831158275713,9.4033,61.0,13899240.42,13944893.28,13624933.97,14227524.0,447096.38,6.9756,starter
Ayo Dosunmu,1630245,MIN,PG,11.605,3.028,3.302,0.845,0.297,1.347,0.4813,0.8234,1.394,0.4127,3.302,0.297,0.845,1.394,raw_dbb2_flat_file,14.2003,9.3915,4.8088,14.0094,2.4044,0.9866,5.0968,3.598375,1.498425,3.7772,0.7492,0.7411,3.2608,2.197875,1.0629250000000003,3.8335,0.5315,1.1756,0.9439,0.7104375,0.2334624999999999,0.9617,0.1167,1.0189,0.5491,0.429875,0.119225,0.3566,0.0596,0.6494,1.6469,1.16025,0.48665,1.5903,0.2433,0.9656,0.4691,0.4592625,0.0098374999999999,0.4862,0.0049,1.0365,0.7828,0.7549875,0.0278125,0.8373,0.0139,1.0696,1.6758,1.0204375,0.6553625000000001,1.7217,0.3277,1.0274,0.4773,0.42216875,0.05513125,0.4403,0.0276,0.9225,61,25.997366122035068,1.774650695330584,0.4091374106906032,0.3887482491652004,0.34519645381721425,0.20466627322291658,0.38779560753918607,0.25516691028438626,0.12611872020211576,1.7871158876810829,0.7669083814222342,-0.5215369984362673,0.6486679548021412,0.6380970397995295,-0.04699864825859642,9.0105,61.0,13733976.1,13715589.1,13463621.15,14099540.28,428650.2,6.7002,starter
Ja Morant,1629630,MEM,PG,18.877,3.947,6.224,1.158,0.308,2.868,0.4386,0.847,1.547,0.5226,6.224,0.308,1.158,1.547,raw_dbb2_flat_file,14.2003,9.42378947368421,4.776510526315791,21.2653,2.3883,1.4975,5.0968,3.582263157894737,1.514536842105263,4.7043,0.7573,0.923,3.2608,2.369368421052632,0.8914315789473686,6.6697,0.4457,2.0454,0.9439,0.7777894736842105,0.1661105263157895,1.2411,0.0831,1.3149,0.5491,0.3871578947368421,0.1619421052631579,0.389,0.081,0.7084,1.6469,1.2790526315789474,0.3678473684210526,3.0519,0.1839,1.8531,0.4691,0.452621052631579,0.016478947368421,0.4468,0.0082,0.9525,0.7828,0.7797315789473684,0.0030684210526316,0.8485,0.0015,1.0839,1.6758,1.0590526315789477,0.6167473684210525,1.8554,0.3084,1.1072,0.4773,0.410321052631579,0.066978947368421,0.5561,0.0335,1.1651,38,31.12001793476565,4.852349378893987,1.8364364478307553,1.2482760040209908,2.2577924891749377,1.1614295737689273,0.6418045779457208,0.48062407052269246,2.43828306933394,0.41179834114230895,1.027255701504151,2.0818637125867077,-0.828634683037766,1.3194978253767098,2.4251170797238695,14.1377,38.0,13686238.17,13715589.1,13331637.93,14099540.28,425925.75,6.539,starter
Marcus Smart,203935,LAL,PG,12.996,3.102,3.995,1.307,0.31,1.959,0.4272,0.8179,1.752,0.4746,3.995,0.31,1.307,1.752,raw_dbb2_flat_file,14.2003,9.564941176470589,4.635358823529414,15.3137,2.3177,1.0784,5.0968,3.6745882352941175,1.4222117647058825,3.8131,0.7111,0.7481,3.2608,2.2321764705882354,1.0286235294117647,4.5093,0.5143,1.3829,0.9439,0.6849411764705883,0.2589588235294117,1.4365,0.1295,1.5219,0.5491,0.3651176470588235,0.1839823529411764,0.402,0.092,0.7321,1.6469,1.2188823529411763,0.4280176470588235,2.173,0.214,1.3194,0.4691,0.4649647058823529,0.004135294117647,0.4293,0.0021,0.9152,0.7828,0.744035294117647,0.038764705882353,0.8373,0.0194,1.0696,1.6758,0.9627058823529412,0.7130941176470588,2.1085,0.3565,1.2582,0.4773,0.4305176470588235,0.0467823529411764,0.498,0.0234,1.0434,53,28.965056342688882,2.819377662610002,0.6657046365539561,0.42203165591670805,0.8009232716349807,1.8305475012087642,0.7437217574298243,0.9074244239730687,1.0479154951330916,-0.19906605135587532,0.7669083814222342,0.7756669827902057,0.13482355903173876,1.0328508746547072,0.7921627618728861,10.0462,53.0,13642862.35,13624933.97,13304974.66,13971556.55,445888.84,6.4778,starter
Harrison Barnes,203084,SAS,SF,9.761,3.464,1.662,0.608,0.238,0.834,0.4674,0.7975,1.434,0.3723,1.662,0.238,0.608,1.434,raw_dbb2_flat_file,14.2003,8.8863125,5.3139875,12.418,2.657,0.8745,5.0968,3.6095625,1.4872375,4.2076,0.7436,0.8255,3.2608,2.0776875,1.1831125,2.2536,0.5916,0.6911,0.9439,0.64025,0.30365,0.7598,0.1518,0.805,0.5491,0.438375,0.110725,0.2934,0.0554,0.5343,1.6469,1.095,0.5519000000000001,1.11,0.276,0.674,0.4691,0.4674875,0.0016125,0.4682,0.0008,0.9981,0.7828,0.7385375,0.0442625,0.8196,0.0221,1.047,1.6758,0.9138125,0.7619875,1.815,0.381,1.0831,0.4773,0.421575,0.055725,0.4002,0.0279,0.8385,71,24.730411866021825,1.817332005738398,0.20209672984582486,-0.26776633490746854,0.07380563141943768,-0.03002522556421644,-1.07731348765701,1.0620257013892764,-0.28568637116923395,0.02687814219979752,1.329186833168318,-0.7204356531279019,1.3356200485066871,0.5423840927939867,-0.0759377149117145,7.3895,71.0,13619020.05,13624933.97,13304974.66,13971556.55,439408.69,6.3984,starter
Kel'el Ware,1642276,MIA,C,9.673,7.469,0.999,0.645,1.049,1.006,0.5389,0.6933,0.619,0.4131,0.999,1.049,0.645,0.619,raw_dbb2_flat_file,14.2003,10.5542,3.646100000000001,11.496,1.823,0.8096,5.0968,3.9381333333333335,1.1586666666666663,8.0483,0.5793,1.5791,3.2608,2.4346,0.8262,1.4121,0.4131,0.4331,0.9439,0.7641333333333333,0.1797666666666666,0.7349,0.0899,0.7786,0.5491,0.3908666666666667,0.1582333333333333,1.1281,0.0791,2.0545,1.6469,1.2644666666666666,0.3824333333333334,1.1972,0.1912,0.7269,0.4691,0.4581266666666667,0.0109733333333333,0.5444,0.0055,1.1605,0.7828,0.7705466666666667,0.0122533333333333,0.6994,0.0061,0.8935,1.6758,1.1222666666666667,0.5535333333333332,0.8958,0.2768,0.5346,0.4773,0.4400866666666667,0.0372133333333333,0.4317,0.0186,0.9045,70,21.992698867991507,1.6520084299224247,0.1613528858927271,0.5508270165256411,-0.49766369832934815,0.4010175230496776,0.5763438737985971,0.8378856175796463,-0.3121982534612964,0.054793041831614854,0.18269943547554762,0.4185590668431693,1.1487764619579115,0.28568268657586154,-0.35305138097584593,7.4894,70.0,13586282.88,13587605.38,13304974.66,13971556.55,464043.49,6.3589,starter
Coby White,1629632,CHA,PG,14.636,3.254,3.643,0.718,0.189,1.939,0.4442,0.8349,1.955,0.4127,3.643,0.189,0.718,1.955,raw_dbb2_flat_file,14.2003,8.990764705882352,5.209535294117648,17.2408,2.6048,1.2141,5.0968,3.619529411764706,1.477270588235294,3.9926,0.7386,0.7834,3.2608,1.9743529411764704,1.2864470588235295,4.2862,0.6432,1.3145,0.9439,0.615,0.3288999999999999,0.8824,0.1644,0.9348,0.5491,0.3798235294117646,0.1692764705882353,0.2736,0.0846,0.4983,1.6469,1.1689411764705882,0.4779588235294119,2.178,0.239,1.3225,0.4691,0.4548999999999999,0.0142,0.4513,0.0071,0.9621,0.7828,0.7540470588235294,0.0287529411764706,0.8493,0.0144,1.085,1.6758,1.0884705882352943,0.5873294117647057,2.2487,0.2937,1.3419,0.4773,0.4224823529411765,0.0548176470588235,0.4401,0.0274,0.9221,56,26.717548536356855,3.2353611753102967,1.044782073463614,0.588448689674247,0.650475427516686,-0.06688465638803064,-0.2629063845516271,1.1438424783142098,1.0558251980242102,0.5688777563561283,1.04585193865286,-0.5260333727212818,0.3275152074456397,0.7338936859151584,1.126295336260299,9.1723,56.0,13517592.95,13587605.38,13203654.21,13944893.28,497854.94,6.2547,starter
Jalen Williams,1631114,OKC,SG,17.963,4.471,4.94,1.253,0.407,2.047,0.4759,0.8171,1.389,0.5178,4.94,0.407,1.253,1.389,raw_dbb2_flat_file,14.2003,10.152375,4.047925000000001,19.987,2.024,1.4075,5.0968,3.7781875,1.3186125,5.1303,0.6593,1.0066,3.2608,2.4305,0.8303000000000003,5.3552,0.4152,1.6423,0.9439,0.8349375,0.1089624999999999,1.3075,0.0545,1.3852,0.5491,0.4696875,0.0794125,0.4467,0.0397,0.8135,1.6469,1.19125,0.4556500000000001,2.2748,0.2278,1.3813,0.4691,0.4647125,0.0043875,0.4781,0.0022,1.0192,0.7828,0.774775,0.008025,0.8211,0.004,1.0489,1.6758,1.098375,0.5774250000000001,1.6777,0.2887,1.0011,0.4773,0.421575,0.055725,0.5457,0.0279,1.1433,51,31.342901144376363,3.830797084423331,1.108623821831748,0.4631120536773498,1.5564345422264756,1.0411259904523698,0.2840289310365874,0.08675357495864593,1.0856665419805664,1.0016571199275417,0.4197617884940373,1.2458575299888126,-0.3969144713523361,0.9413712391743191,0.967054480253309,10.0692,51.0,13505551.82,13464954.31,13203654.21,13843572.83,475619.19,6.2523,starter
Jarrett Allen,1628386,CLE,C,12.192,8.038,1.659,0.769,0.941,1.248,0.6213,0.7064,0.072,0.3544,1.659,0.941,0.769,0.072,raw_dbb2_flat_file,14.2003,9.61441176470588,4.585888235294119,14.4849,2.2929,1.02,5.0968,3.805411764705883,1.291388235294117,8.6837,0.6457,1.7038,3.2608,2.461058823529412,0.7997411764705884,2.0589,0.3999,0.6314,0.9439,0.7529411764705882,0.1909588235294117,0.8645,0.0955,0.9159,0.5491,0.4275294117647059,0.1215705882352941,1.0018,0.0608,1.8244,1.6469,1.1886470588235294,0.4582529411764706,1.4771,0.2291,0.8969,0.4691,0.4603,0.0088,0.6257,0.0044,1.3338,0.7828,0.773,0.0098,0.7113,0.0049,0.9087,1.6758,1.1414705882352942,0.5343294117647057,0.3392,0.2672,0.2024,0.4773,0.4022529411764706,0.0750470588235294,0.3919,0.0375,0.8211,61,25.714185489424267,3.3487436157808212,0.8354250703305401,0.8160092644669615,0.07316652582443607,0.9646915321518471,0.18540815274186884,-1.0109141427604522,0.23809451930260844,1.8671096817463266,0.4055036250798759,-0.49584706227957775,0.45113893445310693,0.8179934445081507,1.1257206736008247,8.2447,61.0,13446471.33,13459621.66,13144995.0,13843572.83,531113.1,6.1498,starter
Tre Jones,1630200,CHI,PG,10.231,2.876,4.111,0.932,0.198,1.242,0.4966,0.8258,0.808,0.4127,4.111,0.198,0.932,0.808,raw_dbb2_flat_file,14.2003,8.785941176470587,5.4143588235294136,12.9382,2.7072,0.9111,5.0968,3.529588235294117,1.5672117647058823,3.6596,0.7836,0.718,3.2608,2.090058823529412,1.1707411764705884,4.6964,0.5854,1.4403,0.9439,0.6158823529411765,0.3280176470588234,1.096,0.164,1.1611,0.5491,0.3896470588235294,0.1594529411764705,0.2777,0.0797,0.5057,1.6469,1.1739411764705885,0.4729588235294117,1.4785,0.2365,0.8977,0.4691,0.4611058823529412,0.0079941176470588,0.5006,0.004,1.0671,0.7828,0.7538823529411764,0.0289176470588236,0.8403,0.0145,1.0735,1.6758,0.949,0.7268,1.1714,0.3634,0.699,0.4773,0.4102058823529412,0.0670941176470588,0.4462,0.0335,0.9348,60,23.868012933109906,2.152177664852797,0.19842299503099797,0.2797195964081721,0.9270944578050074,0.6645564352248109,-0.23076327409894842,-0.6727992473755986,-0.050742236443299074,2.289770016365305,0.8366442707298907,-0.3888939570283619,0.584437405330841,0.3548564470856031,0.25624427934757277,8.4126,60.0,13399671.95,13459621.66,13075670.48,13784913.62,547297.48,6.1479,starter
Anfernee Simons,1629014,CHI,PG,13.798,2.694,3.275,0.686,0.166,1.554,0.4326,0.8671,2.147,0.4127,3.275,0.166,0.686,2.147,raw_dbb2_flat_file,14.2003,8.785941176470587,5.4143588235294136,16.5052,2.7072,1.1623,5.0968,3.529588235294117,1.5672117647058823,3.4776,0.7836,0.6823,3.2608,2.090058823529412,1.1707411764705884,3.8604,0.5854,1.1839,0.9439,0.6158823529411765,0.3280176470588234,0.85,0.164,0.9005,0.5491,0.3896470588235294,0.1594529411764705,0.2457,0.0797,0.4475,1.6469,1.1739411764705885,0.4729588235294117,1.7905,0.2365,1.0872,0.4691,0.4611058823529412,0.0079941176470588,0.4366,0.004,0.9307,0.7828,0.7538823529411764,0.0289176470588236,0.8816,0.0145,1.1262,1.6758,0.949,0.7268,2.5104,0.3634,1.498,0.4773,0.4102058823529412,0.0670941176470588,0.4462,0.0335,0.9348,56,26.265630613655365,2.038639831459916,0.9000831151372453,0.11098477666515169,0.3633365121174479,-0.17783358601469748,-0.48163633129058736,1.585144937808337,0.4428232239625093,0.055751666657652625,1.7966750135319602,-0.3888939570283619,0.3275152074456397,0.673780830542101,0.16504670203093305,8.8742,56.0,13330016.8,13331637.93,12947686.76,13715589.1,572344.8,6.0437,starter
Bobby Portis,1626171,MIL,SF,11.368,5.96,1.61,0.663,0.353,1.043,0.4773,0.7626,1.329,0.3718,1.61,0.353,0.663,1.329,raw_dbb2_flat_file,14.2003,9.941,4.259300000000001,13.4976,2.1296,0.9505,5.0968,3.714555555555555,1.3822444444444448,6.6511,0.6911,1.305,3.2608,2.2494444444444444,1.0113555555555558,2.1157,0.5057,0.6488,0.9439,0.7022222222222223,0.2416777777777776,0.7838,0.1208,0.8304,0.5491,0.381,0.1681,0.437,0.084,0.7958,1.6469,1.2697222222222222,0.3771777777777778,1.2316,0.1886,0.7478,0.4691,0.4623055555555556,0.0067944444444444,0.4807,0.0034,1.0247,0.7828,0.7495888888888889,0.0332111111111111,0.7792,0.0166,0.9954,1.6758,1.103,0.5728,1.6154,0.2864,0.964,0.4773,0.4165777777777777,0.0607222222222222,0.4022,0.0304,0.8427,62,23.363271082002626,1.3469082340000982,0.4055443352791991,1.2256529608008486,-0.048777783906469425,0.05489268539563666,-0.3525443444552077,0.6880028637291891,-0.08516105854143433,0.41828189393648624,0.5898913652222421,-0.6831870411890231,0.7234988984562881,0.37454493053878934,-0.41179251529898253,7.9757,62.0,13322332.45,13331637.93,12947686.76,13715589.1,571311.47,6.0232,starter
Jalen Suggs,1630591,ORL,PG,11.828,3.288,3.582,1.281,0.538,1.995,0.4319,0.8254,1.661,0.4149,3.582,0.538,1.281,1.661,raw_dbb2_flat_file,14.2003,9.959933333333334,4.240366666666667,13.9482,2.1202,0.9822,5.0968,3.8836,1.2132,3.8946,0.6066,0.7641,3.2608,2.1512666666666664,1.1095333333333337,4.1368,0.5548,1.2686,0.9439,0.7268000000000001,0.2170999999999998,1.3895,0.1085,1.4721,0.5491,0.4478,0.1013,0.5887,0.0507,1.0721,1.6469,1.2436666666666667,0.4032333333333333,2.1966,0.2016,1.3338,0.4691,0.4565933333333333,0.0125066666666666,0.4382,0.0063,0.9341,0.7828,0.7623666666666666,0.0204333333333334,0.8356,0.0102,1.0675,1.6758,0.9354666666666668,0.7403333333333333,2.0312,0.3702,1.2121,0.4773,0.4337466666666666,0.0435533333333333,0.4367,0.0218,0.9149,54,25.155134079094708,2.072636720511092,0.39709883503865423,0.4975914790433902,0.5497272970313732,1.6696030662565,2.2074092504822924,0.7770740987193588,1.0852492927791721,0.11160212540034355,0.7273913774812281,-0.6024717355665163,0.19905410850303906,0.5260656941844302,0.19235419791242697,8.8101,54.0,13053651.95,13075670.48,12691719.31,13459621.66,631739.84,5.8144,starter
Kevin Porter Jr.,1629645,MIL,SG,15.608,4.415,5.228,1.478,0.353,2.321,0.4547,0.8326,1.343,0.5178,5.228,0.353,1.478,1.343,raw_dbb2_flat_file,14.2003,9.941,4.259300000000001,17.7377,2.1297,1.2491,5.0968,3.714555555555555,1.3822444444444448,5.1061,0.6911,1.0018,3.2608,2.2494444444444444,1.0113555555555558,5.7337,0.5057,1.7584,0.9439,0.7022222222222223,0.2416777777777776,1.5988,0.1208,1.6938,0.5491,0.381,0.1681,0.437,0.084,0.7958,1.6469,1.2697222222222222,0.3771777777777778,2.5096,0.1886,1.5238,0.4691,0.4623055555555556,0.0067944444444444,0.4581,0.0034,0.9766,0.7828,0.7495888888888889,0.0332111111111111,0.8492,0.0166,1.0848,1.6758,1.103,0.5728,1.6294,0.2864,0.9723,0.4773,0.4165777777777777,0.0607222222222222,0.5482,0.0304,1.1485,51,30.14420379388136,3.5419068025348874,0.6996070415588397,0.44802122501329705,1.8380627569129955,1.9832281871000168,0.2330820856438446,0.003058936994098646,1.4568093349918518,0.166090234049954,1.0702626400161925,1.2873341979482738,-0.3969144713523361,0.7759046387515387,0.7740858912796954,9.3822,51.0,13050196.39,13075670.48,12563735.59,13459621.66,629358.12,5.8157,starter
Naz Reid,1629675,MIN,PF,11.458,5.983,1.679,0.742,0.968,1.361,0.4783,0.7091,1.344,0.3734,1.679,0.968,0.742,1.344,raw_dbb2_flat_file,14.2003,9.3915,4.8088,13.8624,2.4044,0.9762,5.0968,3.598375,1.498425,6.7322,0.7492,1.3209,3.2608,2.197875,1.0629250000000003,2.2105,0.5315,0.6779,0.9439,0.7104375,0.2334624999999999,0.8587,0.1167,0.9097,0.5491,0.429875,0.119225,1.0276,0.0596,1.8714,1.6469,1.16025,0.48665,1.6043,0.2433,0.9741,0.4691,0.4592625,0.0098374999999999,0.4832,0.0049,1.0301,0.7828,0.7549875,0.0278125,0.723,0.0139,0.9236,1.6758,1.0204375,0.6553625000000001,1.6717,0.3277,0.9976,0.4773,0.42216875,0.05513125,0.401,0.0276,0.8401,71,24.300998595193338,1.870413489968722,0.23854400735564582,0.17857973316965745,-0.0022753407517230356,0.4724384191100742,0.4219771095933508,1.1003053802804017,0.2976376045384491,-0.6336030875557046,-0.3675479328120284,-0.4304142854151688,1.4738989002737795,0.3313434722141009,-0.36470859631020763,6.7016,71.0,13021983.98,13075670.48,12563735.59,13464954.31,664170.69,5.7848,starter
Bennedict Mathurin,1631097,LAC,SG,16.74,4.725,3.269,0.926,0.299,2.105,0.4449,0.8378,1.489,0.5335,3.269,0.299,0.926,1.489,raw_dbb2_flat_file,14.2003,9.250625,4.949675000000001,19.2148,2.4748,1.3531,5.0968,3.37875,1.71805,5.584,0.859,1.0956,3.2608,2.192375,1.068425,3.8032,0.5342,1.1663,0.9439,0.7555000000000001,0.1883999999999999,1.0202,0.0942,1.0808,0.5491,0.4111875,0.1379125,0.368,0.069,0.6702,1.6469,1.1773125,0.4695875,2.3398,0.2348,1.4207,0.4691,0.45813125,0.01096875,0.4504,0.0055,0.9601,0.7828,0.77625,0.00655,0.8411,0.0033,1.0745,1.6758,1.0209375,0.6548624999999999,1.8164,0.3274,1.0839,0.4773,0.4134875,0.0638125,0.5654,0.0319,1.1846,60,30.753428638522507,4.647534816119261,0.9682055771659678,0.7460339117302665,0.40164725241543425,0.11196031555752188,-0.1293233094179343,0.32709407776781174,1.1884105008635883,-0.15560301701291637,0.8827517184030441,1.5726936735093597,0.300453185485832,0.8600012323531172,1.5126066761133736,7.7199,60.0,12845739.72,12819703.03,12435751.86,13331637.93,632340.88,5.6612,starter
Myles Turner,1626167,MIL,PF,11.61,6.101,1.34,0.635,1.452,1.302,0.4869,0.7359,1.3,0.3631,1.34,1.452,0.635,1.3,raw_dbb2_flat_file,14.2003,9.941,4.259300000000001,13.7396,2.1296,0.9676,5.0968,3.714555555555555,1.3822444444444448,6.7921,0.6911,1.3326,3.2608,2.2494444444444444,1.0113555555555558,1.8457,0.5057,0.566,0.9439,0.7022222222222223,0.2416777777777776,0.7558,0.1208,0.8007,0.5491,0.381,0.1681,1.536,0.084,2.7973,1.6469,1.2697222222222222,0.3771777777777778,1.4906,0.1886,0.9051,0.4691,0.4623055555555556,0.0067944444444444,0.4903,0.0034,1.0452,0.7828,0.7495888888888889,0.0332111111111111,0.7525,0.0166,0.9613,1.6758,1.103,0.5728,1.5864,0.2864,0.9467,0.4773,0.4165777777777777,0.0607222222222222,0.3935,0.0304,0.8244,68,25.611970191174038,2.6026323681094485,0.2168239214660642,0.20476004420166,-0.3757952785546677,0.026402840329094474,1.5620867408084147,0.940211291536156,0.11641129476931895,-0.4876610599628505,0.15704069293570927,-0.559676450682672,1.2279454373109113,0.5061483600238794,0.09606073066534337,6.7875,68.0,12787659.11,12819703.03,12307768.14,13331637.93,682367.96,5.6241,starter
Draymond Green,203110,GSW,SF,8.003,5.185,4.021,0.88,0.623,1.942,0.4404,0.7213,1.058,0.3501,4.021,0.623,0.88,1.058,raw_dbb2_flat_file,14.2003,9.445555555555556,4.754744444444444,10.3804,2.3774,0.731,5.0968,3.606555555555556,1.490244444444444,5.9301,0.7451,1.1635,3.2608,2.3485555555555555,0.9122444444444446,4.4771,0.4561,1.373,0.9439,0.7605555555555555,0.1833444444444444,0.9717,0.0917,1.0295,0.5491,0.4103888888888888,0.1387111111111111,0.6924,0.0694,1.261,1.6469,1.1836111111111112,0.4632888888888888,2.1736,0.2316,1.3198,0.4691,0.4614777777777777,0.0076222222222222,0.4442,0.0038,0.9469,0.7828,0.7820055555555556,0.0007944444444444,0.7217,0.0004,0.9219,1.6758,1.1357222222222223,0.5400777777777777,1.328,0.27,0.7925,0.4773,0.3990277777777777,0.0782722222222222,0.3892,0.0391,0.8154,64,25.113510536718692,1.473155903125398,-0.181883300564552,0.784991895850697,2.0503409757062703,0.7197291632854859,0.9364949255569115,0.14945495018455446,1.4682504915851065,-0.7246170611346447,-0.46232371910695047,-0.9253030187917349,0.8595258206897102,0.5894157962604082,-0.3216591328877226,7.1587,64.0,12751085.09,12819703.03,12307768.14,13203654.21,682213.34,5.596,starter
Kyle Kuzma,1628398,MIL,SF,12.652,4.905,2.305,0.618,0.435,1.671,0.4654,0.7185,1.223,0.3768,2.305,0.435,0.618,1.223,raw_dbb2_flat_file,14.2003,9.941,4.259300000000001,14.7816,2.1296,1.0409,5.0968,3.714555555555555,1.3822444444444448,5.5961,0.6911,1.098,3.2608,2.2494444444444444,1.0113555555555558,2.8107,0.5057,0.862,0.9439,0.7022222222222223,0.2416777777777776,0.7388,0.1208,0.7827,0.5491,0.381,0.1681,0.519,0.084,0.9452,1.6469,1.2697222222222222,0.3771777777777778,1.8596,0.1886,1.1292,0.4691,0.4623055555555556,0.0067944444444444,0.4688,0.0034,0.9994,0.7828,0.7495888888888889,0.0332111111111111,0.7351,0.0166,0.9391,1.6758,1.103,0.5728,1.5094,0.2864,0.9007,0.4773,0.4165777777777777,0.0607222222222222,0.4072,0.0304,0.8531,65,25.920234546407087,2.508072704492811,0.6475105499665389,0.5808576438488231,0.569028406459777,-0.1043283976540879,0.06132104372409451,0.4893735010439726,0.950446641542926,0.04566552228315823,-0.21711185597632182,-0.5900655113418263,0.9275392818064212,0.688454522586162,0.4172103644089505,6.8491,65.0,12498762.52,12563735.59,12051800.69,12947686.76,676808.29,5.4243,starter
Nic Claxton,1629651,BKN,C,9.982,7.015,2.196,0.654,1.231,1.259,0.5624,0.608,0.091,0.3734,2.196,1.231,0.654,0.091,raw_dbb2_flat_file,14.2003,8.809833333333334,5.390466666666667,12.6772,2.6952,0.8927,5.0968,3.629055555555555,1.467744444444445,7.7489,0.7339,1.5203,3.2608,1.9996111111111112,1.261188888888889,2.8266,0.6306,0.8668,0.9439,0.7076666666666667,0.2362333333333333,0.7721,0.1181,0.818,0.5491,0.4147222222222222,0.1343777777777778,1.2982,0.0672,2.3642,1.6469,1.1893333333333334,0.4575666666666667,1.4878,0.2288,0.9034,0.4691,0.4530777777777778,0.0160222222222222,0.5704,0.008,1.2159,0.7828,0.7681388888888888,0.0146611111111112,0.6153,0.0073,0.786,1.6758,1.0036111111111112,0.6721888888888887,0.4271,0.3361,0.2549,0.4773,0.4118722222222222,0.0654277777777777,0.4061,0.0327,0.8508,66,25.322693328920906,2.570829852353143,0.427743218208276,0.4258733416222243,0.7506964625635519,0.5628128404771522,1.1028535028702473,-0.7189459448914356,0.2591310776040509,0.6343776991229129,-1.3919083246693256,-0.16960165942673813,0.8387153386224427,0.7619955302655188,0.4477379548977645,6.6143,66.0,12360694.74,12307768.14,11923816.97,12819703.03,714684.68,5.3415,starter
Kelly Oubre Jr.,1626162,PHI,SG,15.097,5.789,2.116,1.232,0.556,1.542,0.4636,0.7674,1.395,0.4742,2.116,0.556,1.232,1.395,raw_dbb2_flat_file,14.2003,9.916666666666666,4.283633333333334,17.2388,2.1418,1.214,5.0968,3.947611111111111,1.1491888888888888,6.3636,0.5746,1.2485,3.2608,2.145888888888889,1.1149111111111112,2.6735,0.5575,0.8199,0.9439,0.7621666666666667,0.1817333333333333,1.3229,0.0909,1.4015,0.5491,0.4476111111111111,0.1014888888888889,0.6067,0.0507,1.1049,1.6469,1.2115,0.4354,1.7597,0.2177,1.0685,0.4691,0.4532722222222222,0.0158277777777778,0.4715,0.0079,1.0051,0.7828,0.7502888888888889,0.0325111111111111,0.7837,0.0163,1.0011,1.6758,0.9857777777777778,0.6900222222222222,1.74,0.345,1.0383,0.4773,0.4195222222222222,0.0577777777777777,0.5031,0.0289,1.0541,57,32.3605234884446,3.3294574840857365,0.6088861632063951,1.232183086378832,-0.4389218205868422,1.0909315992006487,1.124389267411727,0.1947075282752359,0.2714601847398802,0.7259200475879359,-0.44602938043581186,0.5390951079596114,0.06799729987310932,1.081842484662347,0.6321771882885391,7.4907,57.0,12147441.86,12179784.41,11667849.52,12563735.59,722874.58,5.2011,starter
Reed Sheppard,1642263,HOU,PG,9.348,2.514,2.494,0.987,0.409,1.221,0.42,0.7921,1.585,0.4369,2.494,0.409,0.987,1.585,raw_dbb2_flat_file,14.2003,8.824733333333334,5.375566666666666,12.0358,2.6878,0.8476,5.0968,4.1628,0.9340000000000002,2.981,0.467,0.5849,3.2608,1.8478666666666668,1.4129333333333334,3.2005,0.7065,0.9815,0.9439,0.6666000000000001,0.2772999999999999,1.1256,0.1386,1.1925,0.5491,0.4863333333333333,0.0627666666666666,0.4404,0.0314,0.802,1.6469,1.1314666666666668,0.5154333333333332,1.4787,0.2577,0.8979,0.4691,0.4574066666666666,0.0116933333333333,0.4258,0.0058,0.9077,0.7828,0.7326733333333333,0.0501266666666667,0.8172,0.0251,1.0439,1.6758,0.7818666666666666,0.8939333333333334,2.032,0.447,1.2126,0.4773,0.4135466666666667,0.0637533333333333,0.4688,0.0319,0.9822,69,20.980107256780894,1.1903042262001078,0.020913016790493913,-0.349420231490803,-0.08166811510650018,0.7659171857479382,1.0447694260597908,0.7784231318397076,-0.05042584832765436,-0.32123892985551256,0.29967792306093627,0.11919633717819471,1.1625123505725439,-0.029284671315816947,-0.5163662652521889,5.7829,69.0,11783530.81,11795833.24,11329225.91,12179784.41,614937.94,4.8822,rotation
Cedric Coward,1642907,MEM,PG,10.83,4.063,2.61,0.718,0.335,1.444,0.453,0.8167,1.27,0.4259,2.61,0.335,0.718,1.27,raw_dbb2_flat_file,14.2003,9.42378947368421,4.776510526315791,13.2183,2.3883,0.9308,5.0968,3.582263157894737,1.514536842105263,4.8203,0.7573,0.9458,3.2608,2.369368421052632,0.8914315789473686,3.0557,0.4457,0.9371,0.9439,0.7777894736842105,0.1661105263157895,0.8011,0.0831,0.8487,0.5491,0.3871578947368421,0.1619421052631579,0.416,0.081,0.7576,1.6469,1.2790526315789474,0.3678473684210526,1.6279,0.1839,0.9885,0.4691,0.452621052631579,0.016478947368421,0.4612,0.0082,0.9832,0.7828,0.7797315789473684,0.0030684210526316,0.8182,0.0015,1.0452,1.6758,1.0590526315789477,0.6167473684210525,1.5784,0.3084,0.9419,0.4773,0.410321052631579,0.066978947368421,0.4594,0.0335,0.9625,60,23.22755004372167,2.0984799854778347,0.25352111660143795,1.355821273747311,-0.179314228187312,-0.3452842853586483,0.8534787199511659,0.013521352601893405,0.18559968594332832,0.9144524698265312,0.32292321949682173,-0.09213325421745307,0.584437405330841,0.2696638687265541,0.2131124164241668,6.6574,60.0,11766839.6,11795833.24,11283898.34,12225111.98,643515.65,4.862,rotation
Maxime Raynaud,1642875,SAC,C,10.416,6.911,1.307,0.554,0.799,1.22,0.5558,0.7278,0.289,0.3861,1.307,0.799,0.554,0.289,raw_dbb2_flat_file,14.2003,11.1313125,3.0689875000000004,11.9505,1.5345,0.8416,5.0968,4.452625,0.6441749999999997,7.2331,0.3221,1.4191,3.2608,2.650875,0.609925,1.612,0.305,0.4944,0.9439,0.7828125,0.1610874999999999,0.6345,0.0805,0.6722,0.5491,0.4605,0.0886,0.8433,0.0443,1.5358,1.6469,1.4098125,0.2370875000000001,1.3385,0.1185,0.8127,0.4691,0.4689375,0.0001625,0.5559,0.0001,1.185,0.7828,0.76156875,0.02123125,0.7384,0.0106,0.9433,1.6758,1.0809375,0.5948625000000001,0.5864,0.2974,0.3499,0.4773,0.41033125,0.06696875,0.4196,0.0335,0.8791,70,24.033514217122974,2.229392757564354,0.2638540762393381,0.21060578813130076,-0.3212429163127409,-0.03565586054490436,-0.30519605776875175,-0.18981586615953164,-0.03439772187308729,0.3111477940950723,0.9128980400611586,0.1405612235671579,1.1487764619579115,0.5775950527360764,0.15016197581882035,5.6796,70.0,11744149.15,11795833.24,11283898.34,12179784.41,627700.13,4.8633,rotation
Kyle Filipowski,1642271,UTA,C,9.744,6.584,1.834,0.717,0.708,1.406,0.5093,0.6987,0.663,0.3882,1.834,0.708,0.717,0.663,raw_dbb2_flat_file,14.2003,11.249888888888888,2.950411111111112,11.2192,1.4752,0.7901,5.0968,4.457277777777778,0.6395222222222223,6.9038,0.3198,1.3545,3.2608,2.645388888888889,0.6154111111111114,2.1417,0.3077,0.6568,0.9439,0.8517222222222222,0.0921777777777778,0.7631,0.0461,0.8085,0.5491,0.4432222222222222,0.1058777777777778,0.7609,0.0529,1.3857,1.6469,1.477666666666667,0.1692333333333333,1.4906,0.0846,0.9051,0.4691,0.45565,0.0134499999999999,0.516,0.0067,1.1,0.7828,0.7633666666666667,0.0194333333333333,0.7084,0.0097,0.905,1.6758,1.2035,0.4722999999999999,0.8992,0.2362,0.5366,0.4773,0.4321166666666667,0.0451833333333333,0.4108,0.0226,0.8607,71,22.205241996409775,2.3632893289124013,0.09892751848251378,0.07317343961528458,0.1462412669498743,0.5236688120672792,-0.5602483413402038,0.8491790404778788,0.26463597136517586,-0.5782917376711866,0.3512068057645353,-0.06161902608812256,1.2262917427917785,0.3160842452245045,0.2668581518416874,5.5657,71.0,11702981.05,11667849.52,11155914.62,12179784.41,625332.91,4.8243,rotation
Bub Carrington,1642267,WAS,PG,9.585,3.288,3.68,0.708,0.242,1.77,0.4178,0.7608,1.507,0.4367,3.68,0.242,0.708,1.507,raw_dbb2_flat_file,14.2003,10.083470588235295,4.116829411764705,11.6434,2.0584,0.8199,5.0968,3.858882352941176,1.2379176470588238,3.907,0.619,0.7666,3.2608,2.2964117647058826,0.9643882352941175,4.1622,0.4822,1.2764,0.9439,0.7468823529411764,0.1970176470588235,0.8065,0.0985,0.8544,0.5491,0.4805294117647059,0.0685705882352941,0.2763,0.0343,0.5032,1.6469,1.3768235294117646,0.2700764705882355,1.905,0.135,1.1567,0.4691,0.4529117647058824,0.0161882352941176,0.4259,0.0081,0.9079,0.7828,0.7613705882352941,0.0214294117647059,0.7715,0.0107,0.9856,1.6758,1.0793529411764706,0.5964470588235293,1.8052,0.2982,1.0772,0.4773,0.4259705882352941,0.0513294117647058,0.4624,0.0257,0.9688,74,25.60618895459209,1.4478155511416606,-0.056275497683767876,0.5090876975313762,0.566855827917096,-0.3267927970875373,-0.24173897035108274,0.3959722422208003,0.6239554201691281,-0.31774827618409474,-0.762632124059031,-0.024687639942246414,1.4836650979290453,0.5860637494374775,-0.30952412052847134,5.2467,74.0,11631558.13,11667849.52,11155914.62,12113126.22,631203.1,4.7195,rotation
Klay Thompson,202691,DAL,PG,11.378,2.6,2.092,0.64,0.316,1.14,0.4146,0.8341,2.255,0.3797,2.092,0.316,0.64,2.255,raw_dbb2_flat_file,14.2003,9.4712,4.729100000000001,13.7426,2.3646,0.9678,5.0968,3.9284,1.1684,3.1842,0.5842,0.6247,3.2608,2.088,1.1728,2.6784,0.5864,0.8214,0.9439,0.6827500000000001,0.2611499999999999,0.7706,0.1306,0.8164,0.5491,0.4574,0.0917,0.3618,0.0458,0.6589,1.6469,1.1912,0.4557,1.3678,0.2278,0.8305,0.4691,0.463675,0.005425,0.4173,0.0027,0.8896,0.7828,0.755695,0.027105,0.8477,0.0136,1.0829,1.6758,0.893,0.7827999999999999,2.6464,0.3914,1.5792,0.4773,0.4149949999999999,0.062305,0.4109,0.0312,0.8609,65,23.447604052892117,1.1839762858598644,0.3566555155281847,-0.1610305865909034,-0.4337470905173553,-0.4497269505936282,0.4285624793328277,1.814480568267646,-0.2258630584526676,-0.6179444919260602,1.008659464355442,-1.1825040183332929,0.9055901526873426,0.2989348362253629,-0.5214490892870415,5.9762,65.0,11610827.44,11553197.43,11105254.4,12051800.69,631136.11,4.725,rotation
Deandre Ayton,1629028,LAL,C,11.41,7.97,1.177,0.651,0.962,1.311,0.5901,0.6761,0.107,0.3544,1.177,0.962,0.651,0.107,raw_dbb2_flat_file,14.2003,9.564941176470589,4.635358823529414,13.7277,2.3177,0.9667,5.0968,3.6745882352941175,1.4222117647058825,8.6811,0.7111,1.7032,3.2608,2.2321764705882354,1.0286235294117647,1.6913,0.5143,0.5187,0.9439,0.6849411764705883,0.2589588235294117,0.7805,0.1295,0.8269,0.5491,0.3651176470588235,0.1839823529411764,1.054,0.092,1.9195,1.6469,1.2188823529411763,0.4280176470588235,1.525,0.214,0.926,0.4691,0.4649647058823529,0.004135294117647,0.5922,0.0021,1.2624,0.7828,0.744035294117647,0.038764705882353,0.6955,0.0194,0.8885,1.6758,0.9627058823529412,0.7130941176470588,0.4635,0.3565,0.2766,0.4773,0.4305176470588235,0.0467823529411764,0.3778,0.0234,0.7915,62,26.10158441736344,1.8542268225042506,0.6646574106375722,0.8149241624136924,-0.25125708332666324,0.5993472669930333,0.34698253626650233,-0.598039887980944,0.3322675232875707,1.120337142544076,0.10967957501698611,-0.8197949622954258,0.5286542152869741,0.8734058745208817,-0.17681002618827865,6.2071,62.0,11605449.45,11665183.19,11155914.62,12113126.22,611914.13,4.7028,rotation
Julian Reese,1642882,WAS,SF,16.423,7.368,2.954,1.127,0.805,2.186,0.4762,0.7523,1.183,0.5145,2.954,0.805,1.127,1.183,raw_dbb2_flat_file,14.2003,10.083470588235295,4.116829411764705,18.4814,2.0584,1.3015,5.0968,3.858882352941176,1.2379176470588238,7.987,0.619,1.5671,3.2608,2.2964117647058826,0.9643882352941175,3.4362,0.4822,1.0538,0.9439,0.7468823529411764,0.1970176470588235,1.2255,0.0985,1.2983,0.5491,0.4805294117647059,0.0685705882352941,0.8393,0.0343,1.5285,1.6469,1.3768235294117646,0.2700764705882355,2.321,0.135,1.4093,0.4691,0.4529117647058824,0.0161882352941176,0.4843,0.0081,1.0324,0.7828,0.7613705882352941,0.0214294117647059,0.763,0.0107,0.9747,1.6758,1.0793529411764706,0.5964470588235293,1.4812,0.2982,0.8839,0.4773,0.4259705882352941,0.0513294117647058,0.5402,0.0257,1.1318,32,32.37956611123204,4.14508598197828,1.3447275290165552,2.042128850768822,1.1250539777893984,1.6177360716859317,1.6779196270634906,0.43653059512205644,1.7113214708724231,0.5310061744366522,0.29344120233297405,1.886967182593608,-1.316904935045042,1.481444396958565,1.5859411993954247,11.9995,32.0,11601631.27,11665183.19,11155914.62,12051800.69,612155.55,4.6915,rotation
Jeremiah Fears,1642847,NOP,PG,11.215,3.166,2.965,0.955,0.323,1.782,0.4293,0.7832,1.137,0.4233,2.965,0.323,0.955,1.137,raw_dbb2_flat_file,14.2003,10.4724,3.7279,13.0789,1.8639,0.921,5.0968,4.337199999999999,0.7596000000000007,3.5458,0.3798,0.6957,3.2608,2.329333333333333,0.9314666666666672,3.4307,0.4657,1.0521,0.9439,0.7901333333333334,0.1537666666666666,1.0319,0.0769,1.0932,0.5491,0.5034666666666666,0.0456333333333334,0.3458,0.0228,0.6298,1.6469,1.3388,0.3081,1.936,0.154,1.1755,0.4691,0.4649933333333333,0.0041066666666667,0.4314,0.0021,0.9196,0.7828,0.7565666666666666,0.0262333333333334,0.7963,0.0131,1.0172,1.6758,0.9537333333333332,0.7220666666666666,1.498,0.361,0.8939,0.4773,0.4297066666666666,0.0475933333333333,0.4471,0.0238,0.9367,74,23.618360538496287,2.261335427238867,0.226099916505332,0.17421397834907462,0.07356762544048094,0.4450556207473617,0.30312595073700815,-0.12205647599316893,0.6729955780940641,-0.12576232425609335,-0.18614877244907055,-0.36866027274579966,1.4836650979290453,0.3216483853180267,0.34392362972294466,4.9887,74.0,11557748.85,11553197.43,11027930.9,12051800.69,617527.65,4.5043,rotation
Luke Kennard,1628379,LAL,PG,8.904,2.557,2.682,0.734,0.129,1.069,0.4678,0.8531,1.544,0.4089,2.682,0.129,0.734,1.544,raw_dbb2_flat_file,14.2003,9.564941176470589,4.635358823529414,11.2217,2.3177,0.7902,5.0968,3.6745882352941175,1.4222117647058825,3.2681,0.7111,0.6412,3.2608,2.2321764705882354,1.0286235294117647,3.1963,0.5143,0.9802,0.9439,0.6849411764705883,0.2589588235294117,0.8635,0.1295,0.9148,0.5491,0.3651176470588235,0.1839823529411764,0.221,0.092,0.4025,1.6469,1.2188823529411763,0.4280176470588235,1.283,0.214,0.779,0.4691,0.4649647058823529,0.004135294117647,0.4699,0.0021,1.0017,0.7828,0.744035294117647,0.038764705882353,0.8725,0.0194,1.1146,1.6758,0.9627058823529412,0.7130941176470588,1.9005,0.3565,1.1341,0.4773,0.4305176470588235,0.0467823529411764,0.4323,0.0234,0.9057,65,22.378417213557285,1.2152179241881116,-0.13922757860577636,-0.08324568891815966,-0.08450039186713144,-0.13160486533691937,-0.6752789723103837,0.5566758126823608,-0.3600116194860411,1.2181393392399145,1.5851428159654026,-0.7013919698368184,0.9055901526873426,0.15671459973749707,-0.49635470760124945,5.6634,65.0,11546739.59,11539865.79,11027930.9,12051800.69,606707.65,4.4943,rotation
Malik Monk,1628370,SAC,PG,12.244,2.632,3.549,0.748,0.37,1.61,0.437,0.8447,1.698,0.4089,3.549,0.37,0.748,1.698,raw_dbb2_flat_file,14.2003,11.1313125,3.0689875000000004,13.7785,1.5345,0.9703,5.0968,4.452625,0.6441749999999997,2.9541,0.3221,0.5796,3.2608,2.650875,0.609925,3.854,0.305,1.1819,0.9439,0.7828125,0.1610874999999999,0.8285,0.0805,0.8777,0.5491,0.4605,0.0886,0.4143,0.0443,0.7545,1.6469,1.4098125,0.2370875000000001,1.7285,0.1185,1.0495,0.4691,0.4689375,0.0001625,0.4371,0.0001,0.9318,0.7828,0.76156875,0.02123125,0.8553,0.0106,1.0926,1.6758,1.0809375,0.5948625000000001,1.9954,0.2974,1.1907,0.4773,0.41033125,0.06696875,0.4424,0.0335,0.9269,61,24.295363556330095,1.9953162798521273,0.3637173597423182,-0.37435960869457896,0.3590206618155337,-0.25145710413115846,0.8401510887878603,0.7167048665837464,0.344742908112637,0.07320493501474366,1.1853237172681703,-0.4743250684436229,0.6486679548021412,0.4117014291426433,0.13024770306015943,6.1817,61.0,11543787.96,11539865.79,11027930.9,12051800.69,611141.34,4.6004,rotation
Jalen Green,1630224,PHX,PG,14.749,3.581,2.888,0.889,0.271,1.882,0.4247,0.7836,1.866,0.4149,2.888,0.271,0.889,1.866,raw_dbb2_flat_file,14.2003,8.88535294117647,5.314947058823531,17.4065,2.6575,1.2258,5.0968,3.319176470588236,1.7776235294117644,4.4698,0.8888,0.877,3.2608,1.9868235294117649,1.2739764705882353,3.525,0.637,1.081,0.9439,0.6880588235294117,0.2558411764705882,1.0169,0.1279,1.0773,0.5491,0.3491176470588235,0.1999823529411765,0.371,0.1,0.6757,1.6469,1.0747058823529412,0.5721941176470589,2.1681,0.2861,1.3165,0.4691,0.4498411764705882,0.0192588235294118,0.4343,0.0096,0.9258,0.7828,0.7384588235294117,0.0443411764705883,0.8058,0.0222,1.0294,1.6758,1.0250588235294116,0.6507411764705884,2.1914,0.3254,1.3077,0.4773,0.4164647058823529,0.060835294117647,0.4453,0.0304,0.933,51,26.068318672728108,2.7080081919629007,1.0773767137500188,1.0308676785828692,0.13715898223274997,0.39369037554983033,0.5006884832754238,1.0472179810692213,1.0401639862997951,-0.024533367784964972,0.034681543691840226,-0.4091276413109241,0.006362460089138127,0.6475349492160531,0.7027068897064094,7.0863,51.0,11502001.27,11539865.79,11027930.9,12001140.47,625121.89,4.4223,rotation
Trae Young,1629027,WAS,PG,16.109,2.524,6.675,0.954,0.172,2.573,0.4332,0.8416,1.868,0.4181,6.675,0.172,0.954,1.868,raw_dbb2_flat_file,14.2003,10.083470588235295,4.116829411764705,18.1674,2.0584,1.2794,5.0968,3.858882352941176,1.2379176470588238,3.143,0.619,0.6167,3.2608,2.2964117647058826,0.9643882352941175,7.1572,0.4822,2.1949,0.9439,0.7468823529411764,0.1970176470588235,1.0525,0.0985,1.1151,0.5491,0.4805294117647059,0.0685705882352941,0.2063,0.0343,0.3757,1.6469,1.3768235294117646,0.2700764705882355,2.708,0.135,1.6443,0.4691,0.4529117647058824,0.0161882352941176,0.4413,0.0081,0.9407,0.7828,0.7613705882352941,0.0214294117647059,0.8523,0.0107,1.0888,1.6758,1.0793529411764706,0.5964470588235293,2.1662,0.2982,1.2926,0.4773,0.4259705882352941,0.0513294117647058,0.4438,0.0257,0.9298,42,27.034659235284163,4.712787166059618,1.2270524035142025,-0.19922769963163134,2.5865388988910682,0.5155972241519707,-0.7905237829577927,1.0047234377782317,1.8942537044827952,0.2198123892143095,1.1155878279605138,-0.44285044844852745,-0.5717124851525647,0.7760748622400855,2.3130158063853057,8.5081,42.0,11485192.75,11539865.79,10899947.17,12001140.47,616198.1,4.3956,rotation
Dylan Harper,1642844,SAS,PG,10.105,3.057,3.145,0.792,0.305,1.384,0.467,0.765,0.97,0.4367,3.145,0.305,0.792,0.97,raw_dbb2_flat_file,14.2003,8.8863125,5.3139875,12.762,2.657,0.8987,5.0968,3.6095625,1.4872375,3.8006,0.7436,0.7457,3.2608,2.0776875,1.1831125,3.7366,0.5916,1.1459,0.9439,0.64025,0.30365,0.9438,0.1518,0.9999,0.5491,0.438375,0.110725,0.3604,0.0554,0.6563,1.6469,1.095,0.5519000000000001,1.6599,0.2759,1.0079,0.4691,0.4674875,0.0016125,0.4678,0.0008,0.9972,0.7828,0.7385375,0.0442625,0.7871,0.0221,1.0055,1.6758,0.9138125,0.7619875,1.351,0.381,0.8062,0.4773,0.421575,0.055725,0.4646,0.0279,0.9734,66,22.059995533805694,1.7254040709393856,0.16376291284352373,0.41044272598930304,0.27985178283979273,0.14337041395386288,0.4175867830806934,-0.3699413118572754,0.23622178444648817,1.1448356121401324,-0.4000054996592165,0.024772477192905887,0.9698207021586428,0.11435904041794143,-0.08655526741618412,5.3427,66.0,11471130.53,11441211.67,10993268.64,12001140.47,613325.43,4.2877,rotation
Ace Bailey,1642846,UTA,SF,11.11,4.21,1.55,0.751,0.616,1.293,0.4486,0.7285,1.324,0.4313,1.55,0.616,0.751,1.324,raw_dbb2_flat_file,14.2003,11.249888888888888,2.950411111111112,12.5852,1.4752,0.8863,5.0968,4.457277777777778,0.6395222222222223,4.5298,0.3198,0.8888,3.2608,2.645388888888889,0.6154111111111114,1.8577,0.3077,0.5697,0.9439,0.8517222222222222,0.0921777777777778,0.7971,0.0461,0.8445,0.5491,0.4432222222222222,0.1058777777777778,0.6689,0.0529,1.2182,1.6469,1.477666666666667,0.1692333333333333,1.3776,0.0846,0.8365,0.4691,0.45565,0.0134499999999999,0.4553,0.0067,0.9706,0.7828,0.7633666666666667,0.0194333333333333,0.7382,0.0097,0.943,1.6758,1.2035,0.4722999999999999,1.5602,0.2362,0.931,0.4773,0.4321166666666667,0.0451833333333333,0.4539,0.0226,0.951,68,24.42132015131126,1.600349760180689,0.23360510297333537,-0.07084401156913443,-0.27812166464674504,0.10195136105255513,0.8178871618713799,0.5845656861799066,0.15560124115970667,-0.3770505295924656,-0.16038373838640027,0.27968957743099193,1.1315796651565542,0.5044379682518377,-0.23085022815499956,5.1019,68.0,11464784.67,11441211.67,10899947.17,12001140.47,622015.25,4.229,rotation
Sam Hauser,1630573,BOS,SF,8.753,3.857,1.251,0.556,0.337,0.624,0.4468,0.7656,1.849,0.3784,1.251,0.337,0.556,1.849,raw_dbb2_flat_file,14.2003,10.554846153846151,3.6454538461538473,10.5757,1.8227,0.7448,5.0968,4.29,0.8068,4.2604,0.4034,0.8359,3.2608,2.365692307692308,0.8951076923076924,1.6986,0.4476,0.5209,0.9439,0.6874615384615385,0.2564384615384615,0.6842,0.1282,0.7249,0.5491,0.4480769230769231,0.1010230769230769,0.3875,0.0505,0.7057,1.6469,1.1839230769230769,0.4629769230769232,0.8555,0.2315,0.5195,0.4691,0.4659153846153846,0.0031846153846153,0.4484,0.0016,0.9559,0.7828,0.764453846153846,0.018346153846154,0.7748,0.0092,0.9898,1.6758,1.2137692307692307,0.4620307692307692,2.08,0.231,1.2412,0.4773,0.4291384615384616,0.0481615384615384,0.4025,0.0241,0.8433,71,22.660981916180656,0.8011372008847173,-0.14507956090065993,-0.23549601004010676,-0.4195503911032481,-0.2975166450877535,-0.6023777190268595,1.5585991081023187,-0.705371338798963,-0.5931054005511164,0.5093740370300959,-0.6775997493981909,1.3356200485066871,0.28832731006378964,-0.8014408119970718,4.8615,71.0,11439499.89,11441211.67,10899947.17,12001140.47,626107.02,4.2045,rotation
Cason Wallace,1641717,OKC,PG,8.272,2.845,2.373,1.314,0.352,0.998,0.444,0.7865,1.136,0.4259,2.373,0.352,1.314,1.136,raw_dbb2_flat_file,14.2003,10.152375,4.047925000000001,10.296,2.024,0.7251,5.0968,3.7781875,1.3186125,3.5043,0.6593,0.6875,3.2608,2.4305,0.8303000000000003,2.7882,0.4152,0.8551,0.9439,0.8349375,0.1089624999999999,1.3685,0.0545,1.4498,0.5491,0.4696875,0.0794125,0.3917,0.0397,0.7133,1.6469,1.19125,0.4556500000000001,1.2258,0.2278,0.7443,0.4691,0.4647125,0.0043875,0.4462,0.0022,0.9512,0.7828,0.774775,0.008025,0.7905,0.004,1.0098,1.6758,1.098375,0.5774250000000001,1.4247,0.2887,0.8502,0.4773,0.421575,0.055725,0.4538,0.0279,0.9508,69,23.853492801880545,1.0728910746749944,-0.32132087077913046,0.13573873099008962,-0.35970328377513766,1.597691722979957,0.6629719921462652,-0.2456616356451348,-0.45049862056043916,0.3908544191138001,-0.32097149177720685,-0.21803173419783858,1.1625123505725439,0.35292501992871883,-0.6106766342650368,4.9863,69.0,11415860.23,11441211.67,10899947.17,11923816.97,611627.74,4.1739,rotation
Aaron Nesmith,1630174,IND,SG,14.732,4.105,3.03,0.934,0.43,1.599,0.4499,0.8284,1.951,0.5226,3.03,0.43,0.934,1.951,raw_dbb2_flat_file,14.2003,9.299555555555555,4.900744444444445,17.1824,2.4504,1.21,5.0968,3.769944444444444,1.326855555555556,4.7684,0.6634,0.9356,3.2608,2.2429444444444444,1.0178555555555555,3.5389,0.5089,1.0853,0.9439,0.6926111111111112,0.2512888888888888,1.0596,0.1256,1.1226,0.5491,0.4008333333333333,0.1482666666666667,0.5041,0.0741,0.918,1.6469,1.1437777777777778,0.5031222222222222,1.8506,0.2516,1.1237,0.4691,0.4635222222222223,0.0055777777777777,0.4527,0.0028,0.965,0.7828,0.7666499999999999,0.0161500000000001,0.8365,0.0081,1.0686,1.6758,0.973388888888889,0.702411111111111,2.3022,0.3512,1.3738,0.4773,0.4178944444444444,0.0594055555555555,0.5523,0.0297,1.1571,52,30.173582252632563,2.868664574642354,0.5986302851966179,0.23743557047401995,0.2049911437188761,0.2393850548226005,0.5855082017111687,1.168892320483693,0.4151436595470601,-0.05951282513699518,0.7762640345239734,1.3553559334017882,-0.3194291761480952,0.7799600024287965,0.3243836655605162,6.4351,52.0,11392391.21,11411882.07,10899947.17,11889154.71,609559.83,4.0694,rotation
Mark Williams,1631109,PHX,C,10.748,7.668,1.325,0.716,1.013,1.169,0.5938,0.7329,0.113,0.3723,1.325,1.013,0.716,0.113,raw_dbb2_flat_file,14.2003,8.88535294117647,5.314947058823531,13.4055,2.6575,0.944,5.0968,3.319176470588236,1.7776235294117644,8.5568,0.8888,1.6789,3.2608,1.9868235294117649,1.2739764705882353,1.962,0.637,0.6017,0.9439,0.6880588235294117,0.2558411764705882,0.8439,0.1279,0.8941,0.5491,0.3491176470588235,0.1999823529411765,1.113,0.1,2.027,1.6469,1.0747058823529412,0.5721941176470589,1.4551,0.2861,0.8835,0.4691,0.4498411764705882,0.0192588235294118,0.6034,0.0096,1.2863,0.7828,0.7384588235294117,0.0443411764705883,0.7551,0.0222,0.9646,1.6758,1.0250588235294116,0.6507411764705884,0.4384,0.3254,0.2616,0.4773,0.4164647058823529,0.060835294117647,0.4027,0.0304,0.8437,53,23.373091573990525,2.7251081749884762,0.5919932004512617,0.7630479373285396,-0.012352102376710623,0.8750952004581378,0.5296049237751874,-0.681411921729662,0.19484178260805354,1.3700043795310988,1.2255728271529474,-0.24771675588446068,-0.16898331221783042,0.483130094647329,0.5821976360793477,6.3087,53.0,11373486.95,11411882.07,10881282.88,11889154.71,642502.04,4.0813,rotation
Tristan da Silva,1641783,ORL,SF,8.594,3.883,1.443,0.686,0.384,0.914,0.4501,0.7895,1.082,0.3971,1.443,0.384,0.686,1.082,raw_dbb2_flat_file,14.2003,9.959933333333334,4.240366666666667,10.7142,2.1202,0.7545,5.0968,3.8836,1.2132,4.4896,0.6066,0.8809,3.2608,2.1512666666666664,1.1095333333333337,1.9978,0.5548,0.6127,0.9439,0.7268000000000001,0.2170999999999998,0.7946,0.1086,0.8418,0.5491,0.4478,0.1013,0.4346,0.0506,0.7915,1.6469,1.2436666666666667,0.4032333333333333,1.1156,0.2016,0.6774,0.4691,0.4565933333333333,0.0125066666666666,0.4564,0.0063,0.9729,0.7828,0.7623666666666666,0.0204333333333334,0.7997,0.0102,1.0216,1.6758,0.9354666666666668,0.7403333333333333,1.4522,0.3702,0.8666,0.4773,0.4337466666666666,0.0435533333333333,0.4189,0.0218,0.8776,70,22.512504039956116,1.4132529624423085,-0.11897962263415157,-0.09541346345678482,-0.1535826038261534,0.09310574532757024,-0.36465747776777274,0.3821885996704403,-0.27645165282453293,-0.3426069994396373,0.9650289170265622,-0.37216113149938607,1.2676065873899762,0.2700991929230697,-0.3644262960168035,4.7394,70.0,11344967.91,11411882.07,10881282.88,11889154.71,658490.77,4.0374,rotation
John Collins,1628381,LAC,PF,12.688,5.812,1.337,0.754,0.69,1.442,0.5194,0.7877,1.151,0.3784,1.337,0.69,0.754,1.151,raw_dbb2_flat_file,14.2003,9.250625,4.949675000000001,15.1628,2.4748,1.0678,5.0968,3.37875,1.71805,6.671,0.859,1.3089,3.2608,2.192375,1.068425,1.8712,0.5342,0.5738,0.9439,0.7555000000000001,0.1883999999999999,0.8482,0.0942,0.8986,0.5491,0.4111875,0.1379125,0.759,0.069,1.3823,1.6469,1.1773125,0.4695875,1.6768,0.2348,1.0182,0.4691,0.45813125,0.01096875,0.5249,0.0055,1.119,0.7828,0.77625,0.00655,0.791,0.0033,1.0105,1.6758,1.0209375,0.6548624999999999,1.4784,0.3274,0.8822,0.4773,0.4134875,0.0638125,0.4103,0.0319,0.8596,61,25.618491820006835,2.436176343160776,0.4685505194958092,0.15183123508687701,-0.34968574342863945,0.42692458454058624,-0.18037034702420682,0.7375130314613779,0.4131952778740861,0.2235493843628901,0.8416733061997081,-0.27012920048346534,0.6540540237308858,0.5070179536900955,-0.008686405575365097,5.3281,61.0,11313942.52,11329225.91,10771963.45,11889154.71,649318.68,3.9713,rotation
Bez Mbeng,1643016,UTA,PG,15.023,4.296,4.681,1.411,0.349,2.066,0.4584,0.7889,1.471,0.5292,4.681,0.349,1.411,1.471,raw_dbb2_flat_file,14.2003,11.249888888888888,2.950411111111112,16.4982,1.4752,1.1618,5.0968,4.457277777777778,0.6395222222222223,4.6158,0.3198,0.9056,3.2608,2.645388888888889,0.6154111111111114,4.9887,0.3077,1.5299,0.9439,0.8517222222222222,0.0921777777777778,1.4571,0.0461,1.5437,0.5491,0.4432222222222222,0.1058777777777778,0.4019,0.0529,0.7319,1.6469,1.477666666666667,0.1692333333333333,2.1506,0.0846,1.3058,0.4691,0.45565,0.0134499999999999,0.4651,0.0067,0.9915,0.7828,0.7633666666666667,0.0194333333333333,0.7986,0.0097,1.0202,1.6758,1.2035,0.4722999999999999,1.7072,0.2362,1.0187,0.4773,0.4321166666666667,0.0451833333333333,0.5518,0.0226,1.1561,33,32.3712538933371,3.2413407169742783,0.898706153869866,1.166226380134962,1.1242074333127512,1.9010891046133733,0.7429377791261,0.23071568497806288,1.0124800261808795,1.0505879630118415,-0.13268459064653473,1.98519166545891,-1.1497874303942675,1.4859337254303062,1.1310983142362134,9.7142,33.0,11271435.93,11283898.34,10769297.12,11777168.95,663688.19,3.8923,rotation
Alex Sarr,1642259,WAS,C,11.911,6.696,1.917,0.665,1.445,1.456,0.4778,0.6794,0.761,0.3921,1.917,1.445,0.665,0.761,raw_dbb2_flat_file,14.2003,10.083470588235295,4.116829411764705,13.9694,2.0584,0.9837,5.0968,3.858882352941176,1.2379176470588238,7.315,0.619,1.4352,3.2608,2.2964117647058826,0.9643882352941175,2.3992,0.4822,0.7358,0.9439,0.7468823529411764,0.1970176470588235,0.7635,0.0985,0.8089,0.5491,0.4805294117647059,0.0685705882352941,1.4793,0.0343,2.694,1.6469,1.3768235294117646,0.2700764705882355,1.591,0.135,0.9661,0.4691,0.4529117647058824,0.0161882352941176,0.4859,0.0081,1.0358,0.7828,0.7613705882352941,0.0214294117647059,0.6901,0.0107,0.8816,1.6758,1.0793529411764706,0.5964470588235293,1.0592,0.2982,0.6321,0.4773,0.4259705882352941,0.0513294117647058,0.4178,0.0257,0.8753,52,24.41504117582747,2.523280655285981,0.7191668445358691,0.24478650280928965,0.37349665148852507,0.5254085466632734,1.6634113736808052,1.3806342356888304,0.4620257333712354,-1.2492724370738044,0.008575152843594362,0.09920617250130567,-0.24649859305169758,0.6321675731342288,0.4062969425190971,6.0518,52.0,11138423.51,11105254.4,10643979.72,11665183.19,681027.93,3.8152,rotation
Kris Dunn,1627739,LAC,PG,7.072,2.902,3.083,1.229,0.243,1.172,0.4457,0.777,0.952,0.3891,3.083,0.243,1.229,0.952,raw_dbb2_flat_file,14.2003,9.250625,4.949675000000001,9.5468,2.4748,0.6723,5.0968,3.37875,1.71805,3.761,0.859,0.7379,3.2608,2.192375,1.068425,3.6172,0.5342,1.1093,0.9439,0.7555000000000001,0.1883999999999999,1.3232,0.0942,1.4018,0.5491,0.4111875,0.1379125,0.312,0.069,0.5682,1.6469,1.1773125,0.4695875,1.4068,0.2348,0.8542,0.4691,0.45813125,0.01096875,0.4512,0.0055,0.9618,0.7828,0.77625,0.00655,0.7803,0.0033,0.9968,1.6758,1.0209375,0.6548624999999999,1.2794,0.3274,0.7635,0.4773,0.4134875,0.0638125,0.421,0.0319,0.882,70,23.275525838524814,0.956802171957316,-0.46869506813926526,0.3737289959792832,0.19933420064470336,1.442568682483413,0.03814128407833953,-0.49067977612849983,-0.16416737590194136,0.5653871026847105,-0.5580735154232382,-0.9554371169400974,1.2267429000438441,0.2760454744773705,-0.703923320103796,4.3561,70.0,11090832.23,11105254.4,10545325.6,11665183.19,698830.86,3.7405,rotation
Tari Eason,1631106,HOU,SF,9.68,5.484,1.363,1.064,0.594,1.113,0.4549,0.7303,1.025,0.3971,1.363,0.594,1.064,1.025,raw_dbb2_flat_file,14.2003,8.824733333333334,5.375566666666666,12.3678,2.6878,0.871,5.0968,4.1628,0.9340000000000002,5.951,0.467,1.1676,3.2608,1.8478666666666668,1.4129333333333334,2.0695,0.7065,0.6347,0.9439,0.6666000000000001,0.2772999999999999,1.2026,0.1386,1.2741,0.5491,0.4863333333333333,0.0627666666666666,0.6254,0.0314,1.139,1.6469,1.1314666666666668,0.5154333333333332,1.3707,0.2577,0.8323,0.4691,0.4574066666666666,0.0116933333333333,0.4607,0.0058,0.9821,0.7828,0.7326733333333333,0.0501266666666667,0.7554,0.0251,0.965,1.6758,0.7818666666666666,0.8939333333333334,1.472,0.447,0.8784,0.4773,0.4135466666666667,0.0637533333333333,0.429,0.0319,0.8988,55,23.122583001915697,1.5977961158160894,0.192636680019264,0.7977655661106939,-0.08984633929484417,1.5367102316450714,0.5983366205811399,0.41929106553050915,0.144222748913557,-0.2079641088422157,0.15436581727381027,-0.1840556412080486,0.24740467063931115,0.3449964844688528,-0.2326733794705964,5.6131,55.0,11087451.33,11105254.4,10545325.6,11665183.19,708853.92,3.7605,rotation
Luguentz Dort,1629652,OKC,PG,9.151,3.279,1.847,0.901,0.37,0.947,0.4185,0.7912,1.676,0.4181,1.847,0.37,0.901,1.676,raw_dbb2_flat_file,14.2003,10.152375,4.047925000000001,11.175,2.024,0.787,5.0968,3.7781875,1.3186125,3.9383,0.6593,0.7727,3.2608,2.4305,0.8303000000000003,2.2622,0.4152,0.6938,0.9439,0.8349375,0.1089624999999999,0.9555,0.0545,1.0123,0.5491,0.4696875,0.0794125,0.4097,0.0397,0.7461,1.6469,1.19125,0.4556500000000001,1.1748,0.2278,0.7133,0.4691,0.4647125,0.0043875,0.4207,0.0022,0.8968,0.7828,0.774775,0.008025,0.7952,0.004,1.0158,1.6758,1.098375,0.5774250000000001,1.9647,0.2887,1.1724,0.4773,0.421575,0.055725,0.446,0.0279,0.9344,66,25.612861638222267,1.242136622253771,-0.14841387734672434,0.5381063780695987,-0.7144122304637217,0.1834353052079372,0.8040880868165622,0.6649357205903579,-0.53117759004985,-0.4992622670978407,-0.21171859852854433,-0.39339033131337514,0.9698207021586428,0.5869513311107453,-0.47473266343548337,4.5887,66.0,11030407.91,10993268.64,10545325.6,11553197.43,714303.74,3.6966,rotation
Ryan Kalkbrenner,1641750,CHA,C,8.022,5.918,1.04,0.53,1.206,1.031,0.6171,0.687,0.145,0.3723,1.04,1.206,0.53,0.145,raw_dbb2_flat_file,14.2003,8.990764705882352,5.209535294117648,10.6268,2.6048,0.7484,5.0968,3.619529411764706,1.477270588235294,6.6566,0.7386,1.306,3.2608,1.9743529411764704,1.2864470588235295,1.6832,0.6432,0.5162,0.9439,0.615,0.3288999999999999,0.6944,0.1644,0.7357,0.5491,0.3798235294117646,0.1692764705882353,1.2906,0.0846,2.3504,1.6469,1.1689411764705882,0.4779588235294119,1.27,0.239,0.7711,0.4691,0.4548999999999999,0.0142,0.6242,0.0071,1.3306,0.7828,0.7540470588235294,0.0287529411764706,0.7014,0.0144,0.896,1.6758,1.0884705882352943,0.5873294117647057,0.4387,0.2937,0.2618,0.4773,0.4224823529411765,0.0548176470588235,0.3997,0.0274,0.8374,66,21.50089408647147,1.9257665959476578,-0.03467359298356452,-0.029994724834029877,-0.2584056993063256,0.2248693952052498,1.0793292631233655,-0.6804154432386417,-0.1690710156720422,1.8336721053641352,0.22014551776198932,-0.31664184099421566,0.8387153386224427,0.21533634312861147,-0.11446027435865777,4.5591,66.0,11014612.59,10993268.64,10537993.2,11553197.43,736008.42,3.6932,rotation
Aaron Gordon,203932,DEN,SF,12.485,5.091,2.358,0.604,0.385,1.153,0.5013,0.7558,1.175,0.3768,2.358,0.385,0.604,1.175,raw_dbb2_flat_file,14.2003,9.484444444444444,4.715855555555557,14.8429,2.3579,1.0453,5.0968,3.5435,1.5533,5.8676,0.7766,1.1512,3.2608,2.3794444444444443,0.8813555555555559,2.7987,0.4407,0.8583,0.9439,0.6557777777777778,0.2881222222222221,0.7481,0.1441,0.7926,0.5491,0.3534444444444444,0.1956555555555555,0.4828,0.0978,0.8793,1.6469,1.0929444444444445,0.5539555555555558,1.43,0.277,0.8683,0.4691,0.4566777777777778,0.0124222222222222,0.5075,0.0062,1.0819,0.7828,0.7742055555555556,0.0085944444444444,0.7601,0.0043,0.971,1.6758,1.0026111111111111,0.6731888888888888,1.5116,0.3366,0.902,0.4773,0.4187833333333333,0.0585166666666666,0.4061,0.0293,0.8508,47,25.895541135376373,3.1323338012951267,0.6590623637985749,0.7467931211497476,0.5583612492160434,-0.07142270715714494,-0.12138538374042672,0.49349599725064686,0.2420118199565546,1.257451537659944,0.2403729632972406,-0.6105522479082094,-0.29670301829437684,0.6854229976188254,0.8628959327239691,6.3813,47.0,11002478.13,10993268.64,10433339.84,11553197.43,729008.95,3.6914,rotation
Kennedy Chandler,1631113,UTA,PG,16.567,4.221,5.052,1.15,0.326,2.163,0.4523,0.7853,1.72,0.5335,5.052,0.326,1.15,1.72,raw_dbb2_flat_file,14.2003,11.249888888888888,2.950411111111112,18.0422,1.4752,1.2706,5.0968,4.457277777777778,0.6395222222222223,4.5408,0.3198,0.8909,3.2608,2.645388888888889,0.6154111111111114,5.3597,0.3077,1.6437,0.9439,0.8517222222222222,0.0921777777777778,1.1961,0.0461,1.2672,0.5491,0.4432222222222222,0.1058777777777778,0.3789,0.0529,0.69,1.6469,1.477666666666667,0.1692333333333333,2.2476,0.0846,1.3647,0.4691,0.45565,0.0134499999999999,0.459,0.0067,0.9785,0.7828,0.7633666666666667,0.0194333333333333,0.795,0.0097,1.0156,1.6758,1.2035,0.4722999999999999,1.9562,0.2362,1.1673,0.4773,0.4321166666666667,0.0451833333333333,0.5561,0.0226,1.1651,31,32.137345657736034,3.6854853121886517,1.2024244677033524,1.0966928005705305,1.3743918805018478,1.0073338381763337,0.5626227692696097,0.6506022436866512,1.1659282622685825,0.8376580890553313,-0.2163676578157209,2.0818637125867077,-1.2782485293368682,1.4548199075644423,1.4878508596337392,9.6977,31.0,10991274.22,10993268.64,10433339.84,11553197.43,744849.82,3.6687,rotation
Bilal Coulibaly,1641731,WAS,PG,10.158,3.734,2.52,1.047,0.6,1.478,0.4263,0.7531,1.072,0.4369,2.52,0.6,1.047,1.072,raw_dbb2_flat_file,14.2003,10.083470588235295,4.116829411764705,12.2164,2.0584,0.8603,5.0968,3.858882352941176,1.2379176470588238,4.353,0.619,0.8541,3.2608,2.2964117647058826,0.9643882352941175,3.0022,0.4822,0.9207,0.9439,0.7468823529411764,0.1970176470588235,1.1455,0.0985,1.2136,0.5491,0.4805294117647059,0.0685705882352941,0.6343,0.0343,1.1552,1.6469,1.3768235294117646,0.2700764705882355,1.613,0.135,0.9794,0.4691,0.4529117647058824,0.0161882352941176,0.4344,0.0081,0.926,0.7828,0.7613705882352941,0.0214294117647059,0.7638,0.0107,0.9757,1.6758,1.0793529411764706,0.5964470588235293,1.3702,0.2982,0.8176,0.4773,0.4259705882352941,0.0513294117647058,0.4626,0.0257,0.9692,58,25.413147668497587,2.424632324404146,0.05643861748889267,0.9225807173411943,-0.21539203930487688,0.8340617443766627,2.564903356980378,-0.33756451696890216,0.16202877132779464,-0.02104271411354715,-0.9416209066153475,-0.020191265657231887,0.4559763063882403,0.5603859386468379,0.4750894355144413,5.0854,58.0,10894977.14,10881282.88,10433339.84,11441211.67,716883.32,3.6003,rotation
Jaylen Wells,1642377,MEM,SF,10.237,3.777,1.466,0.721,0.303,1.01,0.4421,0.7654,1.326,0.408,1.466,0.303,0.721,1.326,raw_dbb2_flat_file,14.2003,9.42378947368421,4.776510526315791,12.6253,2.3883,0.8891,5.0968,3.582263157894737,1.514536842105263,4.5343,0.7573,0.8896,3.2608,2.369368421052632,0.8914315789473686,1.9117,0.4457,0.5863,0.9439,0.7777894736842105,0.1661105263157895,0.8041,0.0831,0.8519,0.5491,0.3871578947368421,0.1619421052631579,0.384,0.081,0.6993,1.6469,1.2790526315789474,0.3678473684210526,1.1939,0.1839,0.7249,0.4691,0.452621052631579,0.016478947368421,0.4503,0.0082,0.9599,0.7828,0.7797315789473684,0.0030684210526316,0.7669,0.0015,0.9797,1.6758,1.0590526315789477,0.6167473684210525,1.6344,0.3084,0.9753,0.4773,0.410321052631579,0.066978947368421,0.4415,0.0335,0.925,66,23.96926899213364,2.0359128262284476,0.24116183600212204,-0.06809369979066597,-0.2301194570499431,0.12671908508251228,-0.6200427051076834,0.7236062400595584,-0.14733050168344144,-0.5336120302871411,0.36480883413965,0.04874818340994354,0.9955527429231322,0.44894120541676946,0.08011608645742681,4.4688,66.0,10854966.23,10881282.88,10321354.09,11329225.91,713693.84,3.5816,rotation
Dennis Schröder,203471,CLE,PG,10.449,2.596,4.221,0.79,0.174,1.553,0.4151,0.8281,1.242,0.3891,4.221,0.174,0.79,1.242,raw_dbb2_flat_file,14.2003,9.61441176470588,4.585888235294119,12.7419,2.2929,0.8973,5.0968,3.805411764705883,1.291388235294117,3.2417,0.6457,0.636,3.2608,2.461058823529412,0.7997411764705884,4.6209,0.3999,1.4171,0.9439,0.7529411764705882,0.1909588235294117,0.8855,0.0955,0.9381,0.5491,0.4275294117647059,0.1215705882352941,0.2348,0.0608,0.4276,1.6469,1.1886470588235294,0.4582529411764706,1.7821,0.2291,1.0821,0.4691,0.4603,0.0088,0.4195,0.0044,0.8943,0.7828,0.773,0.0098,0.833,0.0049,1.0641,1.6758,1.1414705882352942,0.5343294117647057,1.5092,0.2672,0.9006,0.4773,0.4022529411764706,0.0750470588235294,0.4266,0.0375,0.8938,66,24.55787835451181,2.3021641579476295,0.15980906691861865,-0.10772150892483968,0.876180911274612,-0.056269172380540924,-0.5670899663964893,-0.10317001230828447,0.4295349231054299,-0.5411501111548603,0.6669536067479248,-0.8295386369597118,0.9698207021586428,0.4466204117801353,0.37671870088365716,4.3818,66.0,10783343.33,10663977.18,10209368.33,11329225.91,740359.85,3.5302,rotation
Khris Middleton,203114,DAL,SF,9.851,3.874,2.818,0.722,0.271,1.445,0.4522,0.8301,1.071,0.3526,2.818,0.271,0.722,1.071,raw_dbb2_flat_file,14.2003,9.4712,4.729100000000001,12.2156,2.3646,0.8602,5.0968,3.9284,1.1684,4.4582,0.5842,0.8747,3.2608,2.088,1.1728,3.4044,0.5864,1.044,0.9439,0.6827500000000001,0.2611499999999999,0.8526,0.1306,0.9033,0.5491,0.4574,0.0917,0.3169,0.0459,0.5771,1.6469,1.1912,0.4557,1.6728,0.2278,1.0157,0.4691,0.463675,0.005425,0.4549,0.0027,0.9697,0.7828,0.755695,0.027105,0.8437,0.0136,1.0778,1.6758,0.893,0.7827999999999999,1.4624,0.3914,0.8727,0.4773,0.4149949999999999,0.062305,0.3838,0.0312,0.8041,57,22.671065052105213,1.8716719939539148,0.1639550150072599,-0.11460452786654213,1.096786011093504,0.29832403014721526,-0.9587057239714782,0.401301991174112,0.6424028224732471,-0.3895754496480382,1.770202198948032,-1.0258742710267077,0.38343159287273315,0.2895651819101021,-0.037142171421787024,4.7169,57.0,10434267.73,10382679.62,9873411.05,10881282.88,682590.99,3.2803,rotation
Keldon Johnson,1629640,SAS,SG,11.506,4.901,1.565,0.645,0.322,1.017,0.4866,0.7671,1.071,0.3915,1.565,0.322,0.645,1.071,raw_dbb2_flat_file,14.2003,8.8863125,5.3139875,14.163,2.657,0.9974,5.0968,3.6095625,1.4872375,5.6446,0.7436,1.1075,3.2608,2.0776875,1.1831125,2.1566,0.5916,0.6614,0.9439,0.64025,0.30365,0.7968,0.1518,0.8442,0.5491,0.438375,0.110725,0.3774,0.0554,0.6873,1.6469,1.095,0.5519000000000001,1.2929,0.2759,0.7851,0.4691,0.4674875,0.0016125,0.4874,0.0008,1.039,0.7828,0.7385375,0.0442625,0.7892,0.0221,1.0082,1.6758,0.9138125,0.7619875,1.452,0.381,0.8665,0.4773,0.421575,0.055725,0.4194,0.0279,0.8787,73,23.50844086807319,2.2815102813667143,0.04957712805616504,0.78382334218653,-0.8235284894678522,-0.6105444243363486,-0.07995213965589475,-0.30434124468107077,-0.46639950766926846,1.3901957218606187,-0.31870714971083297,-0.8495437353231158,1.3077620231409637,-0.1400873187609907,-0.06781483534631513,3.6069,73.0,10344489.81,10321354.09,9873411.05,10769297.12,660265.86,3.1984,rotation
Sion James,1642883,CHA,PG,7.192,3.088,2.237,0.719,0.246,1.036,0.4127,0.8062,1.048,0.4266,2.237,0.246,0.719,1.048,raw_dbb2_flat_file,14.2003,8.990764705882352,5.209535294117648,9.7968,2.6048,0.6899,5.0968,3.619529411764706,1.477270588235294,3.8266,0.7386,0.7508,3.2608,1.9743529411764704,1.2864470588235295,2.8802,0.6432,0.8833,0.9439,0.615,0.3288999999999999,0.8834,0.1644,0.9359,0.5491,0.3798235294117646,0.1692764705882353,0.3306,0.0846,0.6021,1.6469,1.1689411764705882,0.4779588235294119,1.275,0.239,0.7742,0.4691,0.4548999999999999,0.0142,0.4198,0.0071,0.8949,0.7828,0.7540470588235294,0.0287529411764706,0.8206,0.0144,1.0483,1.6758,1.0884705882352943,0.5873294117647057,1.3417,0.2937,0.8006,0.4773,0.4224823529411765,0.0548176470588235,0.454,0.0274,0.9512,74,21.989610580337292,1.454029820544306,-0.4195178800185582,0.43454770023830575,-0.29766293568511903,-0.06346030670819523,0.1839612485709797,-0.38562382188133126,-0.3726671441118311,-0.5306781501406049,0.37871193094294586,-0.21353535991282407,1.4836650979290453,0.10499663119329077,-0.3045326009849099,3.5051,74.0,10296802.54,10209368.33,9873411.05,10657311.36,617154.5,3.1743,rotation
Jake LaRavia,1631222,LAL,SF,8.327,4.08,1.653,0.903,0.446,1.107,0.4548,0.7449,0.904,0.3971,1.653,0.446,0.903,0.904,raw_dbb2_flat_file,14.2003,9.564941176470589,4.635358823529414,10.6447,2.3177,0.7496,5.0968,3.6745882352941175,1.4222117647058825,4.7911,0.7111,0.94,3.2608,2.2321764705882354,1.0286235294117647,2.1673,0.5143,0.6647,0.9439,0.6849411764705883,0.2589588235294117,1.0325,0.1295,1.0939,0.5491,0.3651176470588235,0.1839823529411764,0.538,0.092,0.9798,1.6469,1.2188823529411763,0.4280176470588235,1.321,0.214,0.8021,0.4691,0.4649647058823529,0.004135294117647,0.4569,0.0021,0.974,0.7828,0.744035294117647,0.038764705882353,0.7643,0.0194,0.9764,1.6758,0.9627058823529412,0.7130941176470588,1.2605,0.3565,0.7522,0.4773,0.4305176470588235,0.0467823529411764,0.4205,0.0234,0.881,65,22.40539199202006,1.977735812446448,-0.13207670356933074,0.088857425700595,-0.0029090077584142293,0.9348545377171134,0.15721668244856704,0.022969271116137918,0.0622646236043328,-0.32695084937016977,0.31723041293519866,-0.34236224194828324,0.9275392818064212,0.2569494159555693,0.03858113324134964,3.8582,65.0,10182427.75,10097382.57,9761425.29,10574655.21,597290.71,3.0482,rotation
Isaiah Joe,1630198,OKC,PG,9.684,2.553,1.88,0.717,0.194,0.854,0.4432,0.839,1.891,0.4127,1.88,0.194,0.717,1.891,raw_dbb2_flat_file,14.2003,10.152375,4.047925000000001,11.708,2.024,0.8245,5.0968,3.7781875,1.3186125,3.2123,0.6593,0.6303,3.2608,2.4305,0.8303000000000003,2.2952,0.4152,0.7039,0.9439,0.8349375,0.1089624999999999,0.7715,0.0545,0.8174,0.5491,0.4696875,0.0794125,0.2337,0.0397,0.4256,1.6469,1.19125,0.4556500000000001,1.0818,0.2278,0.6569,0.4691,0.4647125,0.0043875,0.4454,0.0022,0.9495,0.7828,0.774775,0.008025,0.843,0.004,1.0769,1.6758,1.098375,0.5774250000000001,2.1797,0.2887,1.3007,0.4773,0.421575,0.055725,0.4406,0.0279,0.9231,66,21.458473819377538,1.408094917808011,-0.0435681122733771,-0.13497867211409664,-0.692158627344476,-0.44664503588177634,-0.5757137277374521,1.0274883716841192,-0.6782980638246582,0.3629291897424556,0.8994065711067796,-0.5147924370087474,0.9698207021586428,0.03434630800179926,-0.34142912894074684,3.7656,66.0,10153655.41,10097382.57,9710765.07,10545325.6,596429.91,3.0255,rotation
Dejounte Murray,1627749,NOP,PG,14.02,4.308,4.853,1.322,0.247,2.33,0.4445,0.8306,1.461,0.4089,4.853,0.247,1.322,1.461,raw_dbb2_flat_file,14.2003,10.4724,3.7279,15.884,1.864,1.1186,5.0968,4.337199999999999,0.7596000000000007,4.6878,0.3798,0.9198,3.2608,2.329333333333333,0.9314666666666672,5.3187,0.4657,1.6311,0.9439,0.7901333333333334,0.1537666666666666,1.3989,0.0769,1.482,0.5491,0.5034666666666666,0.0456333333333334,0.2698,0.0228,0.4913,1.6469,1.3388,0.3081,2.484,0.154,1.5083,0.4691,0.4649933333333333,0.0041066666666667,0.4466,0.0021,0.952,0.7828,0.7565666666666666,0.0262333333333334,0.8437,0.0131,1.0778,1.6758,0.9537333333333332,0.7220666666666666,1.822,0.361,1.0872,0.4773,0.4297066666666666,0.0475933333333333,0.4327,0.0238,0.9066,35,26.917262932918362,2.6710605777086154,0.7778876380949129,1.2329786165168162,1.346743464505209,1.701791953246953,-0.2926975600931344,0.42430193774812697,1.539899014960676,0.4048170337994733,0.9156782786119002,-0.6923992212667919,-1.021326331451667,0.760459135155704,0.673029267658076,6.7971,35.0,10060211.3,9985396.81,9649439.53,10433339.84,555642.94,2.9022,rotation
Leaky Black,1641778,WAS,SF,12.878,5.69,2.479,0.984,0.694,1.571,0.4575,0.7762,1.218,0.4956,2.479,0.694,0.984,1.218,raw_dbb2_flat_file,14.2003,10.083470588235295,4.116829411764705,14.9364,2.0584,1.0518,5.0968,3.858882352941176,1.2379176470588238,6.309,0.619,1.2378,3.2608,2.2964117647058826,0.9643882352941175,2.9612,0.4822,0.9081,0.9439,0.7468823529411764,0.1970176470588235,1.0825,0.0985,1.1468,0.5491,0.4805294117647059,0.0685705882352941,0.7283,0.0343,1.3264,1.6469,1.3768235294117646,0.2700764705882355,1.706,0.135,1.0359,0.4691,0.4529117647058824,0.0161882352941176,0.4656,0.0081,0.9925,0.7828,0.7613705882352941,0.0214294117647059,0.7869,0.0107,1.0052,1.6758,1.0793529411764706,0.5964470588235293,1.5162,0.2982,0.9048,0.4773,0.4259705882352941,0.0513294117647058,0.5213,0.0257,1.0922,33,28.91919205979797,2.903805210356434,0.6766821777185643,1.0165681475977324,0.7028123368916042,1.1117668522168074,1.1176872113573617,0.5021157620464203,0.6971515098025475,-0.05453383816143338,0.7307966895585,1.5349677997712037,-1.248891473928331,1.0566262007118783,0.6997400105457926,7.0475,33.0,10004789.01,9985396.81,9537453.78,10433339.84,553986.16,2.8251,rotation
Zaccharie Risacher,1642258,ATL,SF,9.645,3.983,1.203,0.745,0.537,1.03,0.4589,0.697,1.155,0.4089,1.203,0.537,0.745,1.155,raw_dbb2_flat_file,14.2003,9.143944444444443,5.056355555555555,12.1732,2.5282,0.8572,5.0968,3.657666666666666,1.4391333333333338,4.7026,0.7196,0.9227,3.2608,2.035888888888889,1.224911111111111,1.8155,0.6125,0.5568,0.9439,0.709111111111111,0.2347888888888889,0.8624,0.1174,0.9137,0.5491,0.4205,0.1286,0.6013,0.0643,1.0951,1.6469,1.1113888888888888,0.5355111111111113,1.2978,0.2678,0.788,0.4691,0.4601722222222222,0.0089277777777778,0.4634,0.0045,0.9878,0.7828,0.7444944444444445,0.0383055555555555,0.7162,0.0192,0.9149,1.6758,1.0002222222222223,0.6755777777777776,1.4928,0.3378,0.8908,0.4773,0.4212388888888889,0.0560611111111111,0.4369,0.028,0.9154,65,22.275137263689498,1.692014642018234,0.15596485340076197,0.03476796072405077,-0.3156345009538754,0.33299884378915534,0.4767005735674669,0.4582673933027025,0.024006504747713295,-0.12342089846709164,-0.5629703793471352,-0.03692362404947736,0.9275392818064212,0.2409584918764051,-0.16540691418659387,3.5019,65.0,9984383.61,9985396.81,9537453.78,10382679.62,536964.93,2.8047,rotation
Jakob Poeltl,1627751,TOR,C,10.229,7.349,1.874,0.777,0.983,1.369,0.618,0.6378,0.096,0.3631,1.874,0.983,0.777,0.096,raw_dbb2_flat_file,14.2003,9.23675,4.9635500000000015,12.7108,2.4818,0.8951,5.0968,3.6478125,1.4489875,8.0735,0.7245,1.584,3.2608,2.18275,1.0780500000000002,2.413,0.539,0.74,0.9439,0.678875,0.2650249999999999,0.9095,0.1325,0.9636,0.5491,0.401625,0.147475,1.0567,0.0737,1.9244,1.6469,1.1529375,0.4939625000000001,1.616,0.247,0.9812,0.4691,0.4618875,0.0072125,0.6216,0.0036,1.3251,0.7828,0.7451625,0.0376375000000001,0.6566,0.0188,0.8388,1.6758,0.855875,0.8199249999999999,0.506,0.41,0.3019,0.4773,0.43621875,0.04108125,0.3836,0.0205,0.8037,52,24.716138234501894,2.0960063268104223,0.43532086396327335,0.5613441595034838,0.3856757750094313,1.1604116742012112,0.3553398319660521,-0.45687210175303494,0.5111765705241389,1.7757136396350068,-0.6186467254543051,-0.6865397977499003,-0.24649859305169758,0.6752356316329747,0.03391040757020724,4.2612,52.0,9951595.78,9985396.81,9537453.78,10382679.62,527177.55,2.6993,rotation
Derrick Jones Jr.,1627884,LAC,SF,9.385,3.791,1.214,0.784,0.637,0.912,0.4911,0.7432,0.979,0.3855,1.214,0.637,0.784,0.979,raw_dbb2_flat_file,14.2003,9.250625,4.949675000000001,11.8598,2.4748,0.8352,5.0968,3.37875,1.71805,4.65,0.859,0.9123,3.2608,2.192375,1.068425,1.7482,0.5342,0.5361,0.9439,0.7555000000000001,0.1883999999999999,0.8782,0.0942,0.9304,0.5491,0.4111875,0.1379125,0.706,0.069,1.2857,1.6469,1.1773125,0.4695875,1.1468,0.2348,0.6963,0.4691,0.45813125,0.01096875,0.4966,0.0055,1.0586,0.7828,0.77625,0.00655,0.7465,0.0033,0.9536,1.6758,1.0209375,0.6548624999999999,1.3064,0.3274,0.7796,0.4773,0.4134875,0.0638125,0.4174,0.0319,0.8745,57,24.068678713679073,1.7896732711877346,0.09690549850745021,0.002619871935731771,-0.3754594744958154,0.3889031351710583,1.0051360143281125,0.10897953288266111,-0.22500107918976833,0.9161474661455529,-0.008498778387576138,-0.4000975904535451,0.38343159287273315,0.461145394319069,-0.09568441847890836,3.8561,57.0,9930577.12,9902740.66,9537453.78,10321354.09,542217.93,2.6692,rotation
Jordan Poole,1629673,NOP,PG,13.223,2.498,3.266,0.846,0.316,1.842,0.4108,0.8512,2.051,0.4127,3.266,0.316,0.846,2.051,raw_dbb2_flat_file,14.2003,10.4724,3.7279,15.087,1.864,1.0624,5.0968,4.337199999999999,0.7596000000000007,2.8778,0.3798,0.5646,3.2608,2.329333333333333,0.9314666666666672,3.7317,0.4657,1.1444,0.9439,0.7901333333333334,0.1537666666666666,0.9229,0.0769,0.9778,0.5491,0.5034666666666666,0.0456333333333334,0.3388,0.0228,0.617,1.6469,1.3388,0.3081,1.996,0.154,1.212,0.4691,0.4649933333333333,0.0041066666666667,0.4129,0.0021,0.8802,0.7828,0.7565666666666666,0.0262333333333334,0.8643,0.0131,1.1041,1.6758,0.9537333333333332,0.7220666666666666,2.412,0.361,1.4393,0.4773,0.4297066666666666,0.0475933333333333,0.4365,0.0238,0.9145,51,24.97752311718442,2.582928908549796,0.6211107623660987,-0.44509843697146023,0.2765474599523895,0.07180150564530331,0.24824746947633705,1.4192138640054246,0.7679120127874888,-0.7715332534684617,1.3945313851911396,-0.6069681098515296,0.006362460089138127,0.5024403818663011,0.6022388141856753,4.2104,51.0,9920810.36,9902740.66,9537453.78,10336685.47,516642.64,2.6439,rotation
Moses Moody,1630541,GSW,PG,9.853,2.881,1.798,0.825,0.38,1.0,0.4389,0.7809,1.592,0.4266,1.798,0.38,0.825,1.592,raw_dbb2_flat_file,14.2003,9.445555555555556,4.754744444444444,12.2304,2.3774,0.8613,5.0968,3.606555555555556,1.490244444444444,3.6261,0.7451,0.7114,3.2608,2.3485555555555555,0.9122444444444446,2.2541,0.4561,0.6913,0.9439,0.7605555555555555,0.1833444444444444,0.9167,0.0917,0.9712,0.5491,0.4103888888888888,0.1387111111111111,0.4494,0.0694,0.8184,1.6469,1.1836111111111112,0.4632888888888888,1.2316,0.2316,0.7478,0.4691,0.4614777777777777,0.0076222222222222,0.4427,0.0038,0.9437,0.7828,0.7820055555555556,0.0007944444444444,0.7813,0.0004,0.9981,1.6758,1.1357222222222223,0.5400777777777777,1.862,0.27,1.1111,0.4773,0.3990277777777777,0.0782722222222222,0.4657,0.0391,0.9757,61,22.45138599516091,1.7364559529659362,0.05919254002365214,0.24866126420272602,-0.7198744785020819,0.05057053763032353,1.1153274733949394,0.491753593765571,-0.4413233652067414,0.2686815406141629,-0.5348282189873528,0.049502535760481414,0.6486679548021412,0.16642070253834618,-0.0776780074272338,3.3716,61.0,9877890.48,9873411.05,9425468.02,10321354.09,535504.41,2.5098,rotation
Keon Ellis,1631165,CLE,PG,7.717,2.339,1.798,1.041,0.484,0.911,0.446,0.7858,1.272,0.4127,1.798,0.484,1.041,1.272,raw_dbb2_flat_file,14.2003,9.61441176470588,4.585888235294119,10.0099,2.2929,0.7049,5.0968,3.805411764705883,1.291388235294117,2.9847,0.6457,0.5856,3.2608,2.461058823529412,0.7997411764705884,2.1979,0.3999,0.674,0.9439,0.7529411764705882,0.1909588235294117,1.1365,0.0955,1.204,0.5491,0.4275294117647059,0.1215705882352941,0.5448,0.0608,0.9922,1.6469,1.1886470588235294,0.4582529411764706,1.1401,0.2291,0.6923,0.4691,0.4603,0.0088,0.4504,0.0044,0.9601,0.7828,0.773,0.0098,0.7907,0.0049,1.0101,1.6758,1.1414705882352942,0.5343294117647057,1.5392,0.2672,0.9185,0.4773,0.4022529411764706,0.0750470588235294,0.4502,0.0375,0.9432,66,21.555844338135117,1.2354807536603114,-0.37759924486446744,-0.34598990823229075,-0.7577730389657671,0.8032425972581445,1.8632427751475125,-0.052581270295201855,-0.5860709281142142,0.5374618733133659,-0.3163224324900303,-0.29896647132808635,0.9698207021586428,0.04729826148194521,-0.4800788909661867,2.867,66.0,9727410.95,9761425.29,9313482.26,10190704.03,626830.85,2.3295,rotation
Jordan Goodwin,1630692,PHX,PG,7.943,3.703,2.282,1.06,0.244,1.053,0.4187,0.776,1.177,0.4181,2.282,0.244,1.06,1.177,raw_dbb2_flat_file,14.2003,8.88535294117647,5.314947058823531,10.6005,2.6575,0.7465,5.0968,3.319176470588236,1.7776235294117644,4.5918,0.8888,0.9009,3.2608,1.9868235294117649,1.2739764705882353,2.919,0.637,0.8952,0.9439,0.6880588235294117,0.2558411764705882,1.1879,0.1279,1.2585,0.5491,0.3491176470588235,0.1999823529411765,0.344,0.1,0.6265,1.6469,1.0747058823529412,0.5721941176470589,1.3391,0.2861,0.8131,0.4691,0.4498411764705882,0.0192588235294118,0.4283,0.0096,0.913,0.7828,0.7384588235294117,0.0443411764705883,0.7982,0.0222,1.0197,1.6758,1.0250588235294116,0.6507411764705884,1.5024,0.3254,0.8965,0.4773,0.4164647058823529,0.060835294117647,0.4485,0.0304,0.9397,58,21.187743505240796,1.0891861710919868,-0.26142305564810914,1.143975634674344,-0.2714980932297633,0.9792541708016836,0.28901434126997827,-0.11463679383125017,-0.271264753047689,-0.23397258807005739,-0.14198270922088788,-0.33718565275070295,0.4559763063882403,-0.0016654795403252575,-0.5975878402396266,3.1814,58.0,9709599.88,9761425.29,9313482.26,10190704.03,643701.2,2.2539,rotation
Collin Murray-Boyles,1642867,TOR,SF,8.285,4.526,1.511,0.766,0.691,1.032,0.5067,0.6915,0.603,0.4025,1.511,0.691,0.766,0.603,raw_dbb2_flat_file,14.2003,9.23675,4.9635500000000015,10.7668,2.4818,0.7582,5.0968,3.6478125,1.4489875,5.2505,0.7245,1.0302,3.2608,2.18275,1.0780500000000002,2.05,0.539,0.6287,0.9439,0.678875,0.2650249999999999,0.8985,0.1325,0.9519,0.5491,0.401625,0.147475,0.7647,0.0737,1.3926,1.6469,1.1529375,0.4939625000000001,1.279,0.247,0.7766,0.4691,0.4618875,0.0072125,0.5103,0.0036,1.0878,0.7828,0.7451625,0.0376375000000001,0.7103,0.0188,0.9074,1.6758,0.855875,0.8199249999999999,1.013,0.41,0.6045,0.4773,0.43621875,0.04108125,0.423,0.0205,0.8862,58,21.254626101254846,1.7819850131194226,-0.10906729950910946,0.3696336992624532,-0.10718046981591178,0.46072953485793394,1.3014030665979304,-0.44081155213472206,-0.0069957639809270465,1.345125978048963,-0.6709367966956942,-0.29580147702468484,0.4514450539894442,0.11567385361730374,-0.10117338084430341,3.1437,58.0,9694857.76,9710765.07,9313482.26,10190704.03,647619.26,2.234,rotation
Oso Ighodaro,1642345,PHX,SF,6.699,4.416,1.573,0.695,0.565,1.0,0.5382,0.6101,0.319,0.3889,1.573,0.565,0.695,0.319,raw_dbb2_flat_file,14.2003,8.88535294117647,5.314947058823531,9.3565,2.6575,0.6589,5.0968,3.319176470588236,1.7776235294117644,5.3048,0.8888,1.0408,3.2608,1.9868235294117649,1.2739764705882353,2.21,0.637,0.6777,0.9439,0.6880588235294117,0.2558411764705882,0.8229,0.1279,0.8718,0.5491,0.3491176470588235,0.1999823529411765,0.665,0.1,1.2111,1.6469,1.0747058823529412,0.5721941176470589,1.2861,0.2861,0.7809,0.4691,0.4498411764705882,0.0192588235294118,0.5478,0.0096,1.1678,0.7828,0.7384588235294117,0.0443411764705883,0.6323,0.0222,0.8077,1.6758,1.0250588235294116,0.6507411764705884,0.6444,0.3254,0.3845,0.4773,0.4164647058823529,0.060835294117647,0.4193,0.0304,0.8785,70,20.613043262809327,1.4278850675994117,-0.37483439652901246,0.4028207947226383,0.035048293433871655,0.19323811533439691,0.7982033202384619,-1.1315170529438814,0.004712539634676568,2.5193372332590274,-2.0982894328292088,-0.3647114091116101,1.2676065873899762,0.03690893973225697,-0.3539798367772431,2.627,70.0,9686277.52,9710765.07,9230826.1,10209368.33,659238.72,2.2661,rotation
Cam Spencer,1642285,MEM,PG,8.648,2.317,3.256,0.689,0.175,1.063,0.4456,0.87,1.324,0.4127,3.256,0.175,0.689,1.324,raw_dbb2_flat_file,14.2003,9.42378947368421,4.776510526315791,11.0363,2.3883,0.7772,5.0968,3.582263157894737,1.514536842105263,3.0743,0.7573,0.6032,3.2608,2.369368421052632,0.8914315789473686,3.7017,0.4457,1.1352,0.9439,0.7777894736842105,0.1661105263157895,0.7721,0.0831,0.818,0.5491,0.3871578947368421,0.1619421052631579,0.256,0.081,0.4662,1.6469,1.2790526315789474,0.3678473684210526,1.2469,0.1839,0.7571,0.4691,0.452621052631579,0.016478947368421,0.4538,0.0082,0.9674,0.7828,0.7797315789473684,0.0030684210526316,0.8715,0.0015,1.1133,1.6758,1.0590526315789477,0.6167473684210525,1.6324,0.3084,0.9741,0.4773,0.410321052631579,0.066978947368421,0.4462,0.0335,0.9348,57,20.267754964190626,1.5482105592692286,-0.1756973813160926,-0.2629204585126502,0.2563169116621662,-0.44459042607387494,-0.40088656600702854,0.10458108822544279,-0.4171196743599183,0.6561440981415835,1.561897519529517,-0.3888939570283619,0.39174575691694,-0.12403977658618223,-0.2288833222825129,3.0325,57.0,9568839.12,9649439.53,9038850.52,10190704.03,723022.68,2.106,rotation
Corey Kispert,1630557,ATL,SF,9.983,3.301,1.577,0.468,0.292,0.978,0.4686,0.7727,1.42,0.385,1.577,0.292,0.468,1.42,raw_dbb2_flat_file,14.2003,9.143944444444443,5.056355555555555,12.5112,2.5282,0.8811,5.0968,3.657666666666666,1.4391333333333338,4.0206,0.7196,0.7888,3.2608,2.035888888888889,1.224911111111111,2.1895,0.6125,0.6715,0.9439,0.709111111111111,0.2347888888888889,0.5854,0.1174,0.6202,0.5491,0.4205,0.1286,0.3563,0.0643,0.6489,1.6469,1.1113888888888888,0.5355111111111113,1.2458,0.2678,0.7565,0.4691,0.4601722222222222,0.0089277777777778,0.4731,0.0045,1.0085,0.7828,0.7444944444444445,0.0383055555555555,0.7919,0.0192,1.0116,1.6758,1.0002222222222223,0.6755777777777776,1.7578,0.3378,1.0489,0.4773,0.4212388888888889,0.0560611111111111,0.413,0.028,0.8653,59,22.271501516035332,1.7541587902916915,0.2196600096035043,-0.3820570688127093,0.016825233142493005,-0.6470953785391484,-0.7598484520902038,0.9548408000157446,-0.06174445131022747,0.18030841288057983,0.8222936534132124,-0.48204453671907854,0.5194585151061551,0.24051214366736956,-0.12103966115323786,2.9566,59.0,9526601.82,9537453.78,9134838.31,10094716.24,703512.87,2.1217,rotation
Will Riley,1642860,WAS,SF,9.126,3.57,1.581,0.689,0.336,1.143,0.4478,0.7636,0.922,0.4025,1.581,0.336,0.689,0.922,raw_dbb2_flat_file,14.2003,10.083470588235295,4.116829411764705,11.1844,2.0584,0.7876,5.0968,3.858882352941176,1.2379176470588238,4.189,0.619,0.8219,3.2608,2.2964117647058826,0.9643882352941175,2.0632,0.4822,0.6327,0.9439,0.7468823529411764,0.1970176470588235,0.7875,0.0985,0.8343,0.5491,0.4805294117647059,0.0685705882352941,0.3703,0.0343,0.6744,1.6469,1.3768235294117646,0.2700764705882355,1.278,0.135,0.776,0.4691,0.4529117647058824,0.0161882352941176,0.4559,0.0081,0.9719,0.7828,0.7613705882352941,0.0214294117647059,0.7743,0.0107,0.9891,1.6758,1.0793529411764706,0.5964470588235293,1.2202,0.2982,0.7281,0.4773,0.4259705882352941,0.0513294117647058,0.4282,0.0257,0.8971,69,21.384012345906577,2.0419524999083896,-0.030371745573413794,-0.2791342902584712,-0.09544659684780436,0.06798419666861373,-0.6891885077669083,-0.05254736394248695,-0.008644820828194955,-0.35826314950910315,0.5002243406446236,-0.19895508598359948,1.199593126273265,0.1315581569484137,0.08442805689779305,2.3908,69.0,9429640.82,9518789.48,8892202.5,9998728.45,738011.16,2.025,rotation
Moussa Diabaté,1631217,CHA,SF,7.116,5.641,1.276,0.666,0.604,0.89,0.5316,0.6746,0.316,0.3971,1.276,0.604,0.666,0.316,raw_dbb2_flat_file,14.2003,8.990764705882352,5.209535294117648,9.7208,2.6048,0.6845,5.0968,3.619529411764706,1.477270588235294,6.3796,0.7386,1.2517,3.2608,1.9743529411764704,1.2864470588235295,1.9192,0.6432,0.5886,0.9439,0.615,0.3288999999999999,0.8304,0.1644,0.8798,0.5491,0.3798235294117646,0.1692764705882353,0.6886,0.0846,1.2541,1.6469,1.1689411764705882,0.4779588235294119,1.129,0.239,0.6855,0.4691,0.4548999999999999,0.0142,0.5387,0.0071,1.1484,0.7828,0.7540470588235294,0.0287529411764706,0.689,0.0144,0.8802,1.6758,1.0884705882352943,0.5873294117647057,0.6097,0.2937,0.3638,0.4773,0.4224823529411765,0.0548176470588235,0.4245,0.0274,0.8894,59,20.2047470116604,1.9053296014166698,-0.30618307876374923,1.0597174834999248,-0.22345248377260946,0.2197749625093512,0.9173157978120169,-1.1965400612946078,-0.25435429107114044,2.2343953019947183,-1.0607138627167707,-0.26786501807052576,0.5194585151061551,-0.013216183843758736,-0.013112626753697522,2.7428,59.0,9371872.17,9422801.69,8812212.67,9998728.45,728179.27,1.9747,rotation
Jamal Shead,1642347,TOR,PG,7.682,2.104,3.84,0.834,0.196,1.36,0.4076,0.7812,1.016,0.4266,3.84,0.196,0.834,1.016,raw_dbb2_flat_file,14.2003,9.23675,4.9635500000000015,10.1638,2.4818,0.7157,5.0968,3.6478125,1.4489875,2.8285,0.7245,0.555,3.2608,2.18275,1.0780500000000002,4.379,0.539,1.3429,0.9439,0.678875,0.2650249999999999,0.9665,0.1325,1.0239,0.5491,0.401625,0.147475,0.2697,0.0737,0.4912,1.6469,1.1529375,0.4939625000000001,1.607,0.247,0.9758,0.4691,0.4618875,0.0072125,0.4112,0.0036,0.8766,0.7828,0.7451625,0.0376375000000001,0.8,0.0188,1.022,1.6758,0.855875,0.8199249999999999,1.426,0.41,0.8509,0.4773,0.43621875,0.04108125,0.4471,0.0205,0.9367,73,21.434407234104025,1.4258084275825227,-0.3473257678573602,-0.49080517660514655,0.7130552568944435,0.2211031516861266,-0.2934815383968582,-0.2434694568245681,0.15253712785845217,-0.8308743658825704,-0.1001411756362935,-0.36866027274579966,1.419434548457745,0.031145038286223878,-0.3272010154658303,2.2192,73.0,9359097.79,9422801.69,8750887.14,9902740.66,743577.29,1.9567,rotation
Brice Sensabaugh,1641729,UTA,SF,10.651,3.653,1.543,0.656,0.316,1.351,0.455,0.794,1.428,0.408,1.543,0.316,0.656,1.428,raw_dbb2_flat_file,14.2003,11.249888888888888,2.950411111111112,12.1262,1.4752,0.8539,5.0968,4.457277777777778,0.6395222222222223,3.9728,0.3198,0.7795,3.2608,2.645388888888889,0.6154111111111114,1.8507,0.3077,0.5676,0.9439,0.8517222222222222,0.0921777777777778,0.7021,0.0461,0.7438,0.5491,0.4432222222222222,0.1058777777777778,0.3689,0.0529,0.6718,1.6469,1.477666666666667,0.1692333333333333,1.4356,0.0846,0.8717,0.4691,0.45565,0.0134499999999999,0.4617,0.0067,0.9842,0.7828,0.7633666666666667,0.0194333333333333,0.8037,0.0097,1.0267,1.6758,1.2035,0.4722999999999999,1.6641,0.2361,0.993,0.4773,0.4321166666666667,0.0451833333333333,0.4306,0.0226,0.9022,64,21.44287552616263,1.902709536540332,0.14710783463884242,-0.4112714917039954,-0.28434417303892295,-0.2341820364968634,-0.6962545021992379,0.7792599388496613,0.251246538301256,-0.1766518087032806,1.0382264881103322,-0.1542567516569458,0.8595258206897102,0.13878458671873212,-0.01498319839337583,2.5374,64.0,9344291.67,9326813.9,8750887.14,9902740.66,742174.11,1.9451,rotation
Ronald Holland II,1641842,DET,SF,7.689,3.798,1.157,0.814,0.397,1.072,0.4496,0.757,0.643,0.4025,1.157,0.397,0.814,0.643,raw_dbb2_flat_file,14.2003,8.7513125,5.448987500000001,10.4135,2.7245,0.7333,5.0968,3.5715,1.5253,4.5606,0.7626,0.8948,3.2608,2.12,1.1408,1.7274,0.5704,0.5297,0.9439,0.7265625,0.2173374999999999,0.9227,0.1087,0.9775,0.5491,0.4360625,0.1130375,0.4535,0.0565,0.8259,1.6469,1.1275,0.5194000000000001,1.3317,0.2597,0.8086,0.4691,0.4586375,0.0104624999999999,0.4548,0.0052,0.9695,0.7828,0.7500125,0.0327875,0.7734,0.0164,0.988,1.6758,0.86675,0.8090499999999999,1.0475,0.4045,0.6251,0.4773,0.41046875,0.06683125,0.4359,0.0334,0.9133,72,19.27767255642653,1.7338424510510095,-0.17564569798966786,-0.05201965539650647,-0.3939492137182872,0.5463550950757857,-0.2692665529313237,-0.37616331616642,0.07990953187010162,-0.3927066796619331,0.4837548871507752,-0.05554793001891673,1.4036335096233983,-0.12702991958588647,-0.13554432794561916,2.1617,72.0,9308341.58,9326813.9,8750887.14,9902740.66,761362.37,1.9369,rotation
Obi Toppin,1630167,IND,SF,10.026,4.25,1.703,0.571,0.32,0.999,0.5043,0.809,1.209,0.3784,1.703,0.32,0.571,1.209,raw_dbb2_flat_file,14.2003,9.299555555555555,4.900744444444445,12.4764,2.4504,0.8786,5.0968,3.769944444444444,1.326855555555556,4.9134,0.6634,0.964,3.2608,2.2429444444444444,1.0178555555555555,2.2119,0.5089,0.6783,0.9439,0.6926111111111112,0.2512888888888888,0.6966,0.1256,0.738,0.5491,0.4008333333333333,0.1482666666666667,0.3941,0.0741,0.7177,1.6469,1.1437777777777778,0.5031222222222222,1.2506,0.2516,0.7594,0.4691,0.4635222222222223,0.0055777777777777,0.5071,0.0028,1.081,0.7828,0.7666499999999999,0.0161500000000001,0.8171,0.0081,1.0438,1.6758,0.973388888888889,0.702411111111111,1.5602,0.3512,0.931,0.4773,0.4178944444444444,0.0594055555555555,0.4081,0.0297,0.855,49,20.017555481303596,1.683124404693809,0.21310204677552955,0.1636047880354128,0.03673725999746284,-0.2536423910918295,-0.569066602417306,0.5845656861799066,-0.05382897844334077,1.2449266176043714,1.2834383512409628,-0.5733036359693306,-0.16067609606095487,-0.0361970428771569,-0.1717540187790277,3.2329,49.0,9296161.79,9326813.9,8732222.84,9902740.66,759316.47,1.9194,rotation
Jay Huff,1630643,IND,C,7.36,4.242,1.022,0.423,1.138,0.827,0.5129,0.73,0.759,0.3433,1.022,1.138,0.423,0.759,raw_dbb2_flat_file,14.2003,9.299555555555555,4.900744444444445,9.8104,2.4504,0.6909,5.0968,3.769944444444444,1.326855555555556,4.9054,0.6634,0.9624,3.2608,2.2429444444444444,1.0178555555555555,1.5309,0.5089,0.4695,0.9439,0.6926111111111112,0.2512888888888888,0.5486,0.1256,0.5812,0.5491,0.4008333333333333,0.1482666666666667,1.2121,0.0741,2.2074,1.6469,1.1437777777777778,0.5031222222222222,1.0786,0.2516,0.6549,0.4691,0.4635222222222223,0.0055777777777777,0.5157,0.0028,1.0993,0.7828,0.7666499999999999,0.0161500000000001,0.7381,0.0081,0.9429,1.6758,0.973388888888889,0.702411111111111,1.1102,0.3512,0.6625,0.4773,0.4178944444444444,0.0594055555555555,0.373,0.0297,0.7815,65,17.60043458068126,1.3301495836143609,-0.21879234281628912,-0.760852692405386,-0.3928173306276327,-0.40926386503469087,0.8363486288957079,1.5500355791623217,-0.5453698249146695,-0.5849792529476239,0.907281127718193,-0.9300750984710342,0.7612000577885756,-0.34257418215819885,-0.633564139481447,2.4002,65.0,9257225.41,9272154.18,8654899.34,9902740.66,764787.85,1.8944,rotation
Danny Wolf,1642874,BKN,SF,8.596,4.545,1.689,0.616,0.548,1.141,0.4373,0.7427,0.967,0.4089,1.689,0.548,0.616,0.967,raw_dbb2_flat_file,14.2003,8.809833333333334,5.390466666666667,11.2912,2.6952,0.7951,5.0968,3.629055555555555,1.467744444444445,5.2789,0.7339,1.0357,3.2608,1.9996111111111112,1.261188888888889,2.3196,0.6306,0.7114,0.9439,0.7076666666666667,0.2362333333333333,0.7341,0.1181,0.7777,0.5491,0.4147222222222222,0.1343777777777778,0.6152,0.0672,1.1204,1.6469,1.1893333333333334,0.4575666666666667,1.3698,0.2288,0.8317,0.4691,0.4530777777777778,0.0160222222222222,0.4453,0.008,0.9493,0.7828,0.7681388888888888,0.0146611111111112,0.75,0.0073,0.9581,1.6758,1.0036111111111112,0.6721888888888887,1.3031,0.3361,0.7776,0.4773,0.4118722222222222,0.0654277777777777,0.4416,0.0327,0.9252,59,20.977683508662256,1.8307024205268303,-0.01024558379100892,0.38699122248656487,0.13247499625997314,-0.12095815521705926,0.546855804002739,0.10279578857264951,0.14273859775101552,-0.6901735309818166,0.05554909631072159,0.05061061400688727,0.5194585151061551,0.081674565996849,-0.06639202810836553,2.4902,59.0,9144159.79,9134838.31,8558911.55,9710765.07,784006.55,1.8141,rotation
Ziaire Williams,1630533,BKN,SF,9.179,3.739,1.253,0.922,0.42,1.069,0.4361,0.7926,1.158,0.3971,1.253,0.42,0.922,1.158,raw_dbb2_flat_file,14.2003,8.809833333333334,5.390466666666667,11.8742,2.6952,0.8362,5.0968,3.629055555555555,1.467744444444445,4.4729,0.7339,0.8776,3.2608,1.9996111111111112,1.261188888888889,1.8836,0.6306,0.5776,0.9439,0.7076666666666667,0.2362333333333333,1.0401,0.1181,1.1019,0.5491,0.4147222222222222,0.1343777777777778,0.4872,0.0672,0.8873,1.6469,1.1893333333333334,0.4575666666666667,1.2978,0.2288,0.788,0.4691,0.4530777777777778,0.0160222222222222,0.4441,0.008,0.9467,0.7828,0.7681388888888888,0.0146611111111112,0.7999,0.0073,1.0218,1.6758,1.0036111111111112,0.6721888888888887,1.4941,0.3361,0.8916,0.4773,0.4118722222222222,0.0654277777777777,0.4298,0.0327,0.9005,56,22.199967087924975,2.0138338381498073,0.0996191382983363,-0.1056201760568786,-0.2550983835956863,0.961745209521067,-0.09917797266739092,0.4607034137884647,0.024006504747713295,-0.727748291148538,0.9686887955807524,-0.16915619643249669,0.3154181317560222,0.23173010846895328,0.06435299245708831,2.6539,56.0,9142607.99,9134838.31,8558911.55,9806752.86,789587.28,1.8081,rotation
Kristaps Porziņģis,204001,GSW,PF,14.065,5.311,1.925,0.645,1.008,1.198,0.4703,0.817,1.498,0.3768,1.925,1.008,0.645,1.498,raw_dbb2_flat_file,14.2003,9.445555555555556,4.754744444444444,16.4424,2.3774,1.1579,5.0968,3.606555555555556,1.490244444444444,6.0561,0.7451,1.1882,3.2608,2.3485555555555555,0.9122444444444446,2.3811,0.4561,0.7302,0.9439,0.7605555555555555,0.1833444444444444,0.7367,0.0917,0.7805,0.5491,0.4103888888888888,0.1387111111111111,1.0774,0.0694,1.9621,1.6469,1.1836111111111112,0.4632888888888888,1.4296,0.2316,0.8681,0.4691,0.4614777777777777,0.0076222222222222,0.4741,0.0038,1.0107,0.7828,0.7820055555555556,0.0007944444444444,0.8174,0.0004,1.0442,1.6758,1.1357222222222223,0.5400777777777777,1.768,0.27,1.055,0.4773,0.3990277777777777,0.0782722222222222,0.4159,0.0391,0.8714,43,24.551566036881624,3.6046612964831772,0.6948780594331765,-0.11692123993112667,0.17240256875809679,-0.05638899207825943,0.5336558264196883,1.2810446621804121,0.01918345927312795,-0.820655545456405,1.3111356695807346,-0.17361345041706308,-0.8216667540463225,0.364754122503849,0.7266156217235601,3.4606,43.0,9116936.59,9038850.52,8484920.96,9710765.07,764731.46,1.803,rotation
Luke Kornet,1628436,SAS,PF,6.781,5.788,1.451,0.501,0.949,0.703,0.5944,0.7401,0.081,0.3631,1.451,0.949,0.501,0.081,raw_dbb2_flat_file,14.2003,8.8863125,5.3139875,9.438,2.657,0.6646,5.0968,3.6095625,1.4872375,6.5316,0.7436,1.2815,3.2608,2.0776875,1.1831125,2.0426,0.5916,0.6264,0.9439,0.64025,0.30365,0.6528,0.1518,0.6916,0.5491,0.438375,0.110725,1.0044,0.0554,1.8292,1.6469,1.095,0.5519000000000001,0.979,0.276,0.5945,0.4691,0.4674875,0.0016125,0.5952,0.0008,1.2688,0.7828,0.7385375,0.0442625,0.7622,0.0221,0.9737,1.6758,0.9138125,0.7619875,0.462,0.381,0.2757,0.4773,0.421575,0.055725,0.391,0.0279,0.8192,66,20.339003721413242,1.5913084442458076,-0.5440158298582402,0.09090410056498771,-0.17418871124819876,-0.4200662035430232,0.3699500768549763,-1.1701028161312539,-0.6990274042446378,1.6685810096836842,0.3295325461476782,-0.6027638391051732,1.0639764620023326,-0.19694872842351197,-0.5403432977805938,2.2079,66.0,9040895.59,8942862.72,8462923.76,9614777.28,739655.47,1.7598,rotation
Egor Dëmin,1642856,BKN,PG,9.389,2.943,2.877,0.804,0.294,1.467,0.4152,0.7934,1.6,0.4367,2.877,0.294,0.804,1.6,raw_dbb2_flat_file,14.2003,8.809833333333334,5.390466666666667,12.0842,2.6952,0.851,5.0968,3.629055555555555,1.467744444444445,3.6769,0.7339,0.7214,3.2608,1.9996111111111112,1.261188888888889,3.5076,0.6306,1.0757,0.9439,0.7076666666666667,0.2362333333333333,0.9221,0.1181,0.9769,0.5491,0.4147222222222222,0.1343777777777778,0.3612,0.0672,0.6578,1.6469,1.1893333333333334,0.4575666666666667,1.6958,0.2288,1.0297,0.4691,0.4530777777777778,0.0160222222222222,0.4232,0.008,0.9022,0.7828,0.7681388888888888,0.0146611111111112,0.8007,0.0073,1.0229,1.6758,1.0036111111111112,0.6721888888888887,1.9361,0.3361,1.1553,0.4773,0.4118722222222222,0.0654277777777777,0.4694,0.0327,0.9834,55,23.028498260897276,1.5299391458664195,0.030433720410662616,0.2957586754277006,0.12542526422442046,0.06906202590143493,0.42385860951048454,0.6167077865378856,0.29301345120472067,-0.41199592531238555,-0.08386946813117548,0.13268546003323578,0.26328465797433936,0.24318655850804402,-0.2435595635555073,2.6057,55.0,9033131.24,8942862.72,8462923.76,9614777.28,769429.46,1.7486,rotation
Jose Alvarado,1630631,NYK,PG,8.453,2.491,3.123,0.978,0.193,1.17,0.4162,0.7883,1.424,0.4089,3.123,0.193,0.978,1.424,raw_dbb2_flat_file,14.2003,9.263352941176471,4.936947058823529,10.9215,2.4685,0.7691,5.0968,3.6023529411764708,1.4944470588235292,3.2382,0.7472,0.6353,3.2608,2.238647058823529,1.0221529411764707,3.6341,0.5111,1.1145,0.9439,0.686235294117647,0.2576647058823529,1.1068,0.1288,1.1726,0.5491,0.3651764705882353,0.1839235294117647,0.285,0.092,0.519,1.6469,1.1476470588235292,0.4992529411764708,1.4196,0.2496,0.862,0.4691,0.4636705882352941,0.0054294117647058,0.4189,0.0027,0.893,0.7828,0.7486411764705883,0.0341588235294118,0.8054,0.0171,1.0289,1.6758,1.005941176470588,0.6698588235294118,1.7589,0.3349,1.0496,0.4773,0.4239882352941176,0.0533117647058823,0.4356,0.0267,0.9126,62,21.40948364516216,1.1864275983943742,-0.1982795461011214,-0.110966409304513,0.21073074284819598,0.7015394117670329,-0.17353285792710602,0.31789695038060894,-0.14391853650067754,-0.5620940331833693,0.025383425117487066,-0.6272017941340918,0.7128985042734416,0.027829772344825462,-0.5194801089241731,2.3032,62.0,9025521.55,8942862.72,8462923.76,9614777.28,781292.27,1.7397,rotation
Sam Merrill,1630241,CLE,PG,9.553,2.404,2.205,0.685,0.162,0.841,0.4358,0.8411,1.994,0.4089,2.205,0.162,0.685,1.994,raw_dbb2_flat_file,14.2003,9.61441176470588,4.585888235294119,11.8459,2.2929,0.8342,5.0968,3.805411764705883,1.291388235294117,3.0497,0.6457,0.5984,3.2608,2.461058823529412,0.7997411764705884,2.6049,0.3999,0.7989,0.9439,0.7529411764705882,0.1909588235294117,0.7805,0.0955,0.8269,0.5491,0.4275294117647059,0.1215705882352941,0.2228,0.0608,0.4058,1.6469,1.1886470588235294,0.4582529411764706,1.0701,0.2291,0.6498,0.4691,0.4603,0.0088,0.4402,0.0044,0.9384,0.7828,0.773,0.0098,0.846,0.0049,1.0807,1.6758,1.1414705882352942,0.5343294117647057,2.2612,0.2672,1.3493,0.4773,0.4022529411764706,0.0750470588235294,0.4464,0.0375,0.9353,56,22.373595158151197,1.179493007420913,-0.016441975305995084,-0.28572747260978365,-0.48331193382840254,-0.4158258887632577,-0.661167362843354,1.1649211208196615,-0.6968067685898761,0.18141519882870769,0.9691424604144361,-0.38439758274334734,0.3275152074456397,0.15607318344337393,-0.5250502160643465,2.478,56.0,8965782.48,8892202.5,8412263.53,9518789.48,780237.97,1.6996,rotation
T.J. McConnell,204456,IND,PG,8.691,2.36,4.073,0.919,0.192,1.23,0.4978,0.7945,0.523,0.3811,4.073,0.192,0.919,0.523,raw_dbb2_flat_file,14.2003,9.299555555555555,4.900744444444445,11.1414,2.4504,0.7846,5.0968,3.769944444444444,1.326855555555556,3.0234,0.6634,0.5932,3.2608,2.2429444444444444,1.0178555555555555,4.5819,0.5089,1.4051,0.9439,0.6926111111111112,0.2512888888888888,1.0446,0.1256,1.1067,0.5491,0.4008333333333333,0.1482666666666667,0.2661,0.0741,0.4846,1.6469,1.1437777777777778,0.5031222222222222,1.4816,0.2516,0.8996,0.4691,0.4635222222222223,0.0055777777777777,0.5006,0.0028,1.0671,0.7828,0.7666499999999999,0.0161500000000001,0.8026,0.0081,1.0253,1.6758,0.973388888888889,0.702411111111111,0.8742,0.3512,0.5217,0.4773,0.4178944444444444,0.0594055555555555,0.4108,0.0297,0.8607,59,18.902937495261398,0.9448153575774827,-0.15502329143014734,-0.31011058117704426,0.8498811984973217,0.48854486168127104,-0.3217047573309175,-1.173965051585207,-0.045838220650805304,2.289770016365305,-0.039703404902992796,-1.1847522054757995,0.5202068558595406,-0.3055839707839358,-0.7135515506109108,2.2755,59.0,8908315.12,8846874.93,8332273.71,9422801.69,767819.7,1.6561,rotation
Caris LeVert,1627747,DET,PG,9.271,2.622,3.003,0.856,0.442,1.27,0.4319,0.7415,1.209,0.3878,3.003,0.442,0.856,1.209,raw_dbb2_flat_file,14.2003,8.7513125,5.448987500000001,11.9955,2.7245,0.8447,5.0968,3.5715,1.5253,3.3846,0.7626,0.6641,3.2608,2.12,1.1408,3.5734,0.5704,1.0959,0.9439,0.7265625,0.2173374999999999,0.9647,0.1087,1.022,0.5491,0.4360625,0.1130375,0.4985,0.0565,0.9078,1.6469,1.1275,0.5194000000000001,1.5297,0.2597,0.9288,0.4691,0.4586375,0.0104624999999999,0.4371,0.0052,0.9318,0.7828,0.7500125,0.0327875,0.7579,0.0164,0.9682,1.6758,0.86675,0.8090499999999999,1.6135,0.4045,0.9628,0.4773,0.41046875,0.06683125,0.4212,0.0334,0.8825,59,22.23659967853967,1.7781909365932629,0.012985654065435897,0.024763138005256858,0.1697976001409771,0.2149393222624228,1.5002608205233603,0.0727101807572003,0.030253121161756855,0.07320493501474366,-1.078768155587072,-0.9509407426550828,0.5202068558595406,0.13785042873733838,-0.04415500207807176,2.301,59.0,8878393.59,8750887.14,8366935.97,9350810.85,743640.62,1.647,rotation
Mike Conley,201144,MIN,PG,7.039,2.195,3.429,0.822,0.205,0.968,0.4048,0.8687,1.337,0.3758,3.429,0.205,0.822,1.337,raw_dbb2_flat_file,14.2003,9.3915,4.8088,9.4434,2.4044,0.665,5.0968,3.598375,1.498425,2.9442,0.7492,0.5777,3.2608,2.197875,1.0629250000000003,3.9605,0.5315,1.2146,0.9439,0.7104375,0.2334624999999999,0.9387,0.1167,0.9945,0.5491,0.429875,0.119225,0.2646,0.0596,0.4819,1.6469,1.16025,0.48665,1.2113,0.2433,0.7355,0.4691,0.4592625,0.0098374999999999,0.4097,0.0049,0.8734,0.7828,0.7549875,0.0278125,0.8826,0.0139,1.1275,1.6758,1.0204375,0.6553625000000001,1.6647,0.3277,0.9934,0.4773,0.42216875,0.05513125,0.4034,0.0276,0.8452,60,21.28754050095456,1.1499611110500516,-0.48903475314598943,-0.3835380411970839,0.43083910824582694,0.12590623058670236,-0.3334644318867756,0.15904830045952875,-0.4734367589446834,-0.8832341709538435,1.8199203099678458,-1.3511180540213095,0.584437405330841,0.011609237103231512,-0.5487712729324045,2.1893,60.0,8814271.08,8750887.14,8332273.71,9313482.26,742767.5,1.5997,rotation
Walter Clayton Jr.,1642383,MEM,PG,8.395,2.396,3.189,0.726,0.262,1.453,0.4141,0.8397,1.089,0.4266,3.189,0.262,0.726,1.089,raw_dbb2_flat_file,14.2003,9.42378947368421,4.776510526315791,10.7833,2.3883,0.7594,5.0968,3.582263157894737,1.514536842105263,3.1533,0.7573,0.6187,3.2608,2.369368421052632,0.8914315789473686,3.6347,0.4457,1.1147,0.9439,0.7777894736842105,0.1661105263157895,0.8091,0.0831,0.8572,0.5491,0.3871578947368421,0.1619421052631579,0.343,0.081,0.6247,1.6469,1.2790526315789474,0.3678473684210526,1.6369,0.1839,0.9939,0.4691,0.452621052631579,0.016478947368421,0.4223,0.0082,0.9002,0.7828,0.7797315789473684,0.0030684210526316,0.8412,0.0015,1.0746,1.6758,1.0590526315789477,0.6167473684210525,1.3974,0.3084,0.8339,0.4773,0.410321052631579,0.066978947368421,0.4601,0.0335,0.964,65,21.063285580754048,1.7201296108454889,-0.22546469569424812,-0.18967842137144905,0.21113535381400042,-0.3178894879199651,0.28117455823273996,-0.29169739087704044,0.19983715114734218,-0.4434118083551498,0.8575650375221853,-0.0763959442199041,0.9055901526873426,-0.01822052380584028,-0.09079189909958245,1.9279,65.0,8743146.79,8654899.34,8252283.88,9230826.1,768562.95,1.5489,rotation
Jarace Walker,1641716,IND,SF,8.398,4.113,1.647,0.705,0.424,1.207,0.444,0.7303,1.048,0.408,1.647,0.424,0.705,1.048,raw_dbb2_flat_file,14.2003,9.299555555555555,4.900744444444445,10.8484,2.4504,0.764,5.0968,3.769944444444444,1.326855555555556,4.7764,0.6634,0.9371,3.2608,2.2429444444444444,1.0178555555555555,2.1559,0.5089,0.6612,0.9439,0.6926111111111112,0.2512888888888888,0.8306,0.1256,0.88,0.5491,0.4008333333333333,0.1482666666666667,0.4981,0.0741,0.9071,1.6469,1.1437777777777778,0.5031222222222222,1.4586,0.2516,0.8857,0.4691,0.4635222222222223,0.0055777777777777,0.4468,0.0028,0.9525,0.7828,0.7666499999999999,0.0161500000000001,0.7384,0.0081,0.9433,1.6758,0.973388888888889,0.702411111111111,1.3992,0.3512,0.8349,0.4773,0.4178944444444444,0.0594055555555555,0.4377,0.0297,0.917,65,20.361096750161852,1.678999667276745,-0.09369000736075515,0.07987307389093147,-0.013042807139961358,0.2204826117673499,-0.04416415887282533,0.282873918327832,0.2891748457884219,-0.6432050807734139,-0.15672385983221218,-0.022024179273926484,0.9275392818064212,0.005978334698622891,-0.17469883778070977,1.8821,65.0,8702359.98,8654899.34,8174960.38,9134838.31,733433.53,1.5238,rotation
Precious Achiuwa,1630173,SAC,SF,8.511,5.56,1.275,0.763,0.641,0.952,0.4994,0.6402,0.475,0.3915,1.275,0.641,0.763,0.475,raw_dbb2_flat_file,14.2003,11.1313125,3.0689875000000004,10.0455,1.5345,0.7074,5.0968,4.452625,0.6441749999999997,5.8821,0.3221,1.1541,3.2608,2.650875,0.609925,1.58,0.305,0.4845,0.9439,0.7828125,0.1610874999999999,0.8435,0.0805,0.8936,0.5491,0.4605,0.0886,0.6853,0.0443,1.248,1.6469,1.4098125,0.2370875000000001,1.0705,0.1185,0.65,0.4691,0.4689375,0.0001625,0.4995,0.0001,1.0648,0.7828,0.76156875,0.02123125,0.6508,0.0106,0.8314,1.6758,1.0809375,0.5948625000000001,0.7724,0.2974,0.4609,0.4773,0.41033125,0.06696875,0.425,0.0335,0.8904,66,22.18618679807773,1.7039236716840032,-0.2449942704234227,0.7556552368803678,-0.52497746186215,0.266125988908271,0.9006602395072402,-0.8916627281919215,-0.3508241166363237,1.006953136548465,-1.7597506665667717,-0.2585528650858061,0.9955527429231322,0.23003834977765328,-0.15690457008433195,1.9168,66.0,8697920.54,8652233.02,8174960.38,9134838.31,748145.06,1.5217,rotation
Patrick Williams,1630172,CHI,SF,8.236,3.79,1.474,0.713,0.493,1.117,0.4252,0.7289,1.101,0.3971,1.474,0.493,0.713,1.101,raw_dbb2_flat_file,14.2003,8.785941176470587,5.4143588235294136,10.9432,2.7072,0.7706,5.0968,3.529588235294117,1.5672117647058823,4.5736,0.7836,0.8973,3.2608,2.090058823529412,1.1707411764705884,2.0594,0.5854,0.6316,0.9439,0.6158823529411765,0.3280176470588234,0.877,0.164,0.9291,0.5491,0.3896470588235294,0.1594529411764705,0.5727,0.0797,1.043,1.6469,1.1739411764705885,0.4729588235294117,1.3535,0.2365,0.8218,0.4691,0.4611058823529412,0.0079941176470588,0.4292,0.004,0.9149,0.7828,0.7538823529411764,0.0289176470588236,0.7434,0.0145,0.9497,1.6758,0.949,0.7268,1.4644,0.3634,0.8739,0.4773,0.4102058823529412,0.0670941176470588,0.4306,0.0335,0.9022,63,22.318514880388037,1.4854870351061107,-0.07582521207075542,-0.04407431025870906,-0.09882452997498675,0.38465723962306575,0.33235240159273494,0.4050497149983614,0.11585897114054568,-1.1943015632186695,-0.06522689597749971,-0.1542567516569458,0.7915123595729991,0.24628381237917463,-0.3128554326524478,1.9501,63.0,8691814.65,8652233.02,8174960.38,9134838.31,745642.91,1.5165,rotation
Aaron Wiggins,1630598,OKC,PG,9.341,2.934,1.97,0.825,0.281,1.098,0.4534,0.79,1.288,0.4181,1.97,0.281,0.825,1.288,raw_dbb2_flat_file,14.2003,10.152375,4.047925000000001,11.365,2.024,0.8003,5.0968,3.7781875,1.3186125,3.5933,0.6593,0.705,3.2608,2.4305,0.8303000000000003,2.3852,0.4152,0.7315,0.9439,0.8349375,0.1089624999999999,0.8795,0.0545,0.9318,0.5491,0.4696875,0.0794125,0.3207,0.0397,0.584,1.6469,1.19125,0.4556500000000001,1.3258,0.2278,0.805,0.4691,0.4647125,0.0043875,0.4556,0.0022,0.9712,0.7828,0.774775,0.008025,0.794,0.004,1.0143,1.6758,1.098375,0.5774250000000001,1.5767,0.2887,0.9409,0.4773,0.421575,0.055725,0.446,0.0279,0.9344,64,21.345795469067316,1.291483282639648,-0.11103921437498711,0.2182519120732148,-0.6314669824738055,-0.07681527045955333,0.10634739650231625,0.01065465722115198,-0.2923045627380646,0.7189758642271119,-0.2396129542516064,-0.39339033131337514,0.8413596032160422,0.01935814967565296,-0.4350956918518671,1.8576,64.0,8603943.16,8572243.19,8172294.05,8942862.72,737223.4,1.4544,rotation
Ja'Kobe Walter,1642266,TOR,PG,8.31,2.751,1.816,0.864,0.228,0.958,0.4277,0.7889,1.248,0.4369,1.816,0.228,0.864,1.248,raw_dbb2_flat_file,14.2003,9.23675,4.9635500000000015,10.7918,2.4818,0.76,5.0968,3.6478125,1.4489875,3.4755,0.7245,0.6819,3.2608,2.18275,1.0780500000000002,2.355,0.539,0.7222,0.9439,0.678875,0.2650249999999999,0.9965,0.1325,1.0557,0.5491,0.401625,0.147475,0.3017,0.0737,0.5494,1.6469,1.1529375,0.4939625000000001,1.205,0.247,0.7317,0.4691,0.4618875,0.0072125,0.4313,0.0036,0.9194,0.7828,0.7451625,0.0376375000000001,0.8077,0.0188,1.0318,1.6758,0.855875,0.8199249999999999,1.658,0.41,0.9894,0.4773,0.43621875,0.04108125,0.4574,0.0205,0.9583,65,20.98117668963435,1.5409155114148985,-0.22379267129814415,0.10903783643734763,-0.6518324010859639,0.32383364208118864,-0.04260848120521906,0.14775014807660664,-0.4834029845874929,-0.12925297792751117,0.0788476069200229,-0.13709699706759085,0.9055901526873426,-0.029142418355220315,-0.23474296105527084,1.8397,65.0,8575061.5,8558911.55,8092304.22,8942862.72,747711.3,1.4371,rotation
Kentavious Caldwell-Pope,203484,MEM,PG,8.303,2.357,2.481,0.935,0.269,1.074,0.4274,0.86,1.17,0.3816,2.481,0.269,0.935,1.17,raw_dbb2_flat_file,14.2003,9.42378947368421,4.776510526315791,10.6913,2.3883,0.7529,5.0968,3.582263157894737,1.514536842105263,3.1143,0.7573,0.611,3.2608,2.369368421052632,0.8914315789473686,2.9267,0.4457,0.8975,0.9439,0.7777894736842105,0.1661105263157895,1.0181,0.0831,1.0786,0.5491,0.3871578947368421,0.1619421052631579,0.35,0.081,0.6374,1.6469,1.2790526315789474,0.3678473684210526,1.2579,0.1839,0.7638,0.4691,0.452621052631579,0.016478947368421,0.4356,0.0082,0.9286,0.7828,0.7797315789473684,0.0030684210526316,0.8615,0.0015,1.1005,1.6758,1.0590526315789477,0.6167473684210525,1.4784,0.3084,0.8822,0.4773,0.410321052631579,0.066978947368421,0.4151,0.0335,0.8697,56,23.973230678520164,1.3761266079380634,-0.2435619009226684,-0.22583588274495348,-0.26630558583527275,0.39779959516563307,0.3360530394934106,-0.15510778744171658,-0.39971832799945695,0.020845129943470556,1.3294445551706624,-1.0880801583480026,0.3275152074456397,0.36885221665968093,-0.3671071987428931,2.027,56.0,8492581.32,8492253.36,8078972.59,8892202.5,718748.07,1.3772,rotation
Tre Johnson,1642848,WAS,PG,10.236,2.804,2.334,0.693,0.283,1.431,0.4231,0.8124,1.424,0.4367,2.334,0.283,0.693,1.424,raw_dbb2_flat_file,14.2003,10.083470588235295,4.116829411764705,12.2944,2.0584,0.8658,5.0968,3.858882352941176,1.2379176470588238,3.423,0.619,0.6716,3.2608,2.2964117647058826,0.9643882352941175,2.8162,0.4822,0.8637,0.9439,0.7468823529411764,0.1970176470588235,0.7915,0.0985,0.8385,0.5491,0.4805294117647059,0.0685705882352941,0.3173,0.0343,0.5779,1.6469,1.3768235294117646,0.2700764705882355,1.566,0.135,0.9509,0.4691,0.4529117647058824,0.0161882352941176,0.4312,0.0081,0.9192,0.7828,0.7613705882352941,0.0214294117647059,0.8231,0.0107,1.0515,1.6758,1.0793529411764706,0.5964470588235293,1.7222,0.2982,1.0277,0.4773,0.4259705882352941,0.0513294117647058,0.4624,0.0257,0.9688,60,22.62737348051596,1.6059187031286621,0.07178190018255315,0.060364330742245904,-0.3408214387042624,-0.3781580422850683,0.07969213417570493,0.2560100559846042,0.08767756415127878,-0.132743631598929,0.43682517203266086,-0.024687639942246414,0.584437405330841,0.18983006455562593,-0.18253011336395647,1.8551,60.0,8490837.54,8492253.36,8012314.4,8892202.5,748634.32,1.3647,rotation
Miles McBride,1630540,NYK,PG,9.756,2.406,2.518,0.855,0.218,0.9,0.426,0.8008,1.754,0.4158,2.518,0.218,0.855,1.754,raw_dbb2_flat_file,14.2003,9.263352941176471,4.936947058823529,12.2245,2.4685,0.8609,5.0968,3.6023529411764708,1.4944470588235292,3.1532,0.7472,0.6187,3.2608,2.238647058823529,1.0221529411764707,3.0291,0.5111,0.9289,0.9439,0.686235294117647,0.2576647058823529,0.9838,0.1288,1.0423,0.5491,0.3651764705882353,0.1839235294117647,0.31,0.092,0.5646,1.6469,1.1476470588235292,0.4992529411764708,1.1496,0.2496,0.698,0.4691,0.4636705882352941,0.0054294117647058,0.4287,0.0027,0.9139,0.7828,0.7486411764705883,0.0341588235294118,0.8179,0.0171,1.0448,1.6758,1.005941176470588,0.6698588235294118,2.0889,0.3349,1.2465,0.4773,0.4239882352941176,0.0533117647058823,0.4425,0.0267,0.9271,50,23.3675152175657,1.2821954997349758,0.05803195838400371,-0.1897711328108685,-0.19725198100464325,0.28034440114727893,0.022461718003862083,0.8743731125245219,-0.5710424926210885,-0.22000997338438416,0.3159496305660543,-0.47207688130111625,-0.05786808938216219,0.2882816438354836,-0.4425559654385403,2.1128,50.0,8367538.56,8389599.75,7932324.57,8812212.67,773606.16,1.2855,rotation
Ajay Mitchell,1642349,OKC,PG,9.798,2.729,2.669,0.911,0.24,1.217,0.463,0.8281,0.986,0.4266,2.669,0.24,0.911,0.986,raw_dbb2_flat_file,14.2003,10.152375,4.047925000000001,11.822,2.024,0.8325,5.0968,3.7781875,1.3186125,3.3883,0.6593,0.6648,3.2608,2.4305,0.8303000000000003,3.0842,0.4152,0.9458,0.9439,0.8349375,0.1089624999999999,0.9655,0.0545,1.0229,0.5491,0.4696875,0.0794125,0.2797,0.0397,0.5094,1.6469,1.19125,0.4556500000000001,1.4448,0.2278,0.8773,0.4691,0.4647125,0.0043875,0.4652,0.0022,0.9917,0.7828,0.774775,0.008025,0.8321,0.004,1.063,1.6758,1.098375,0.5774250000000001,1.2747,0.2887,0.7607,0.4773,0.421575,0.055725,0.4545,0.0279,0.9522,55,21.856851235863072,1.8936672934916365,-0.021143314490334898,0.028193461263769044,-0.1600952073115996,0.2176788020062912,-0.215083708024471,-0.49860534571054976,-0.104053633929439,1.0540786166832594,0.6460328399556277,-0.20229442420028962,0.26328465797433936,0.08733735530953225,0.04859966543475434,1.7108,55.0,8176074.9,8213622.13,7772344.91,8652233.02,721029.15,1.1627,rotation
Daniel Gafford,1629655,DAL,PF,9.938,5.968,1.318,0.657,1.132,1.082,0.5957,0.7021,0.333,0.385,1.318,1.132,0.657,0.333,raw_dbb2_flat_file,14.2003,9.4712,4.729100000000001,12.3026,2.3646,0.8664,5.0968,3.9284,1.1684,6.5522,0.5842,1.2856,3.2608,2.088,1.1728,1.9044,0.5864,0.584,0.9439,0.6827500000000001,0.2611499999999999,0.7876,0.1306,0.8344,0.5491,0.4574,0.0917,1.1778,0.0458,2.145,1.6469,1.1912,0.4557,1.3098,0.2278,0.7953,0.4691,0.463675,0.005425,0.5984,0.0027,1.2756,0.7828,0.755695,0.027105,0.7157,0.0136,0.9143,1.6758,0.893,0.7827999999999999,0.7244,0.3914,0.4323,0.4773,0.4149949999999999,0.062305,0.4162,0.0312,0.872,57,22.17727953691796,2.5444715914180187,-0.0373435331213045,0.09990767998500863,-0.3156921525978889,0.16424473931097136,0.7588072956840324,-0.6776211175792007,-0.17176563404562098,1.73435769817624,-0.4973613893529936,-0.16844296380636256,0.3261160731137285,0.048166877954173716,0.05946142582287121,1.5848,57.0,8061108.19,8172294.05,7612365.26,8572243.19,761539.15,1.0916,rotation
Gary Trent Jr.,1629018,MIL,PG,9.62,2.047,1.794,0.782,0.116,0.841,0.4176,0.8016,1.758,0.4181,1.794,0.116,0.782,1.758,raw_dbb2_flat_file,14.2003,9.941,4.259300000000001,11.7496,2.1296,0.8274,5.0968,3.714555555555555,1.3822444444444448,2.7381,0.6911,0.5372,3.2608,2.2494444444444444,1.0113555555555558,2.2997,0.5057,0.7053,0.9439,0.7022222222222223,0.2416777777777776,0.9028,0.1208,0.9565,0.5491,0.381,0.1681,0.2,0.084,0.3642,1.6469,1.2697222222222222,0.3771777777777778,1.0296,0.1886,0.6252,0.4691,0.4623055555555556,0.0067944444444444,0.421,0.0034,0.8975,0.7828,0.7495888888888889,0.0332111111111111,0.8182,0.0166,1.0452,1.6758,1.103,0.5728,2.0444,0.2864,1.22,0.4773,0.4165777777777777,0.0607222222222222,0.4485,0.0304,0.9397,64,23.144665503824676,1.2662290817956792,-0.035385028170091655,-0.574616317840141,-0.6891240451009424,0.0029720770806117864,-0.8399144160923967,0.7993331452051151,-0.7608753620079377,-0.48879030608358726,0.32292321949682173,-0.33718565275070295,0.8413596032160422,0.2586387995509252,-0.45538075336143624,1.3737,64.0,7994641.98,8078972.59,7452385.6,8558911.55,740300.52,1.0523,rotation
De'Anthony Melton,1629001,GSW,PG,10.438,3.04,2.668,1.219,0.313,1.369,0.4126,0.8216,1.441,0.4181,2.668,0.313,1.219,1.441,raw_dbb2_flat_file,14.2003,9.445555555555556,4.754744444444444,12.8154,2.3774,0.9025,5.0968,3.606555555555556,1.490244444444444,3.7851,0.7451,0.7426,3.2608,2.3485555555555555,0.9122444444444446,3.1241,0.4561,0.9581,0.9439,0.7605555555555555,0.1833444444444444,1.3107,0.0917,1.3886,0.5491,0.4103888888888888,0.1387111111111111,0.3824,0.0694,0.6964,1.6469,1.1836111111111112,0.4632888888888888,1.6006,0.2316,0.9719,0.4691,0.4614777777777777,0.0076222222222222,0.4164,0.0038,0.8877,0.7828,0.7820055555555556,0.0007944444444444,0.822,0.0004,1.0501,1.6758,1.1357222222222223,0.5400777777777777,1.711,0.27,1.021,0.4773,0.3990277777777777,0.0782722222222222,0.4572,0.0391,0.9579,44,23.299354633950397,1.983639716389021,0.17426716022610672,0.3960724528793203,-0.13318857808560253,1.3997643114854705,0.5900620098999453,0.2371235922997201,0.14241270815782028,-0.6493603749688244,0.4112553459531845,-0.14159337135260414,-0.44325138620996407,0.27921511405388805,0.12086867699107409,1.9612,44.0,7977913.44,8078972.59,7452385.6,8558911.55,748235.28,1.0472,rotation
Vít Krejčí,1630249,POR,PG,8.134,2.509,2.241,0.732,0.286,0.955,0.4498,0.778,1.451,0.4158,2.241,0.286,0.732,1.451,raw_dbb2_flat_file,14.2003,9.020555555555555,5.179744444444445,10.7239,2.5899,0.7552,5.0968,3.588833333333333,1.5079666666666665,3.263,0.754,0.6402,3.2608,2.1012222222222223,1.1595777777777778,2.8208,0.5798,0.8651,0.9439,0.7107777777777778,0.2331222222222221,0.8486,0.1166,0.899,0.5491,0.4397777777777778,0.1093222222222222,0.3407,0.0547,0.6205,1.6469,1.2561666666666669,0.3907333333333334,1.1504,0.1954,0.6985,0.4691,0.4412666666666667,0.0278333333333333,0.4637,0.0139,0.9885,0.7828,0.7468,0.036,0.796,0.018,1.0169,1.6758,1.005111111111111,0.6706888888888889,1.7863,0.3353,1.0659,0.4773,0.4309944444444444,0.0463055555555555,0.439,0.0232,0.9198,56,21.701655093650288,1.1082958400461052,-0.23714919559172815,-0.0879739723285411,-0.33771942129976124,-0.1826276755664669,0.26314305724709075,0.3641013347525582,-0.5697769401585093,1.0017188116119864,-0.19312236137983543,-0.5507634312888574,0.3275152074456397,0.06669359947987939,-0.5822382826528789,1.4596,56.0,7911519.21,7997649.6,7292405.95,8492253.36,749672.45,0.9826,rotation
Day'Ron Sharpe,1630549,BKN,C,8.082,6.38,1.623,0.734,0.766,1.318,0.554,0.6732,0.179,0.3723,1.623,0.766,0.734,0.179,raw_dbb2_flat_file,14.2003,8.809833333333334,5.390466666666667,10.7772,2.6952,0.7589,5.0968,3.629055555555555,1.467744444444445,7.1139,0.7339,1.3958,3.2608,1.9996111111111112,1.261188888888889,2.2536,0.6306,0.6911,0.9439,0.7076666666666667,0.2362333333333333,0.8521,0.1181,0.9027,0.5491,0.4147222222222222,0.1343777777777778,0.8332,0.0672,1.5174,1.6469,1.1893333333333334,0.4575666666666667,1.5468,0.2288,0.9392,0.4691,0.4530777777777778,0.0160222222222222,0.562,0.008,1.198,0.7828,0.7681388888888888,0.0146611111111112,0.6805,0.0073,0.8693,1.6758,1.0036111111111112,0.6721888888888887,0.5151,0.3361,0.3074,0.4773,0.4118722222222222,0.0654277777777777,0.405,0.0327,0.8485,60,19.270671920713617,2.094395975957606,-0.0007546072231014999,0.16085803245833036,0.24499807289113648,0.910759759676022,-0.33645853427447586,-0.4266455875254121,0.3751270532849024,0.44712727138264835,-0.1711660421313266,-0.19487419063364803,0.37362365361923977,-0.10366823009081239,0.03250692289030184,1.3109,60.0,7893982.78,7932324.57,7292405.95,8462923.76,737661.16,0.971,rotation
Grant Williams,1629684,CHA,SF,8.821,4.375,1.718,0.661,0.536,1.147,0.4547,0.7839,1.266,0.385,1.718,0.536,0.661,1.266,raw_dbb2_flat_file,14.2003,8.990764705882352,5.209535294117648,11.4258,2.6048,0.8046,5.0968,3.619529411764706,1.477270588235294,5.1136,0.7386,1.0033,3.2608,1.9743529411764704,1.2864470588235295,2.3612,0.6432,0.7241,0.9439,0.615,0.3288999999999999,0.8254,0.1644,0.8745,0.5491,0.3798235294117646,0.1692764705882353,0.6206,0.0846,1.1302,1.6469,1.1689411764705882,0.4779588235294119,1.386,0.239,0.8416,0.4691,0.4548999999999999,0.0142,0.4618,0.0071,0.9844,0.7828,0.7540470588235294,0.0287529411764706,0.7983,0.0144,1.0198,1.6758,1.0884705882352943,0.5873294117647057,1.5597,0.2937,0.9307,0.4773,0.4224823529411765,0.0548176470588235,0.4124,0.0274,0.864,42,23.47754942395396,1.859514528406187,0.015119410365467822,0.28596310315749374,0.1694544747049171,0.2020837310593818,0.5741103539560105,0.5836287552238444,0.16945331867675856,-0.17352057868938744,0.9394097671472436,-0.49321912030074194,-0.6367703238779319,0.38857448872418504,-0.04582188407673917,1.8227,42.0,7847506.02,7932324.57,7212416.12,8412263.53,786518.12,0.9465,rotation
Adem Bona,1641737,PHI,SF,6.543,4.274,0.826,0.539,0.866,0.943,0.5287,0.7026,0.34,0.3889,0.826,0.866,0.539,0.34,raw_dbb2_flat_file,14.2003,9.916666666666666,4.283633333333334,8.6848,2.1418,0.6116,5.0968,3.947611111111111,1.1491888888888888,4.8486,0.5746,0.9513,3.2608,2.145888888888889,1.1149111111111112,1.3835,0.5575,0.4243,0.9439,0.7621666666666667,0.1817333333333333,0.6299,0.0909,0.6673,0.5491,0.4476111111111111,0.1014888888888889,0.9167,0.0507,1.6695,1.6469,1.2115,0.4354,1.1607,0.2177,0.7048,0.4691,0.4532722222222222,0.0158277777777778,0.5366,0.0079,1.1439,0.7828,0.7502888888888889,0.0325111111111111,0.7189,0.0163,0.9184,1.6758,0.9857777777777778,0.6900222222222222,0.685,0.345,0.4088,0.4773,0.4195222222222222,0.0577777777777777,0.4178,0.0289,0.8753,65,18.735557909666966,1.6800461961190474,-0.5014143859413852,0.1240002984254685,-0.6996521617282903,-0.489643418634421,2.06856817639371,-1.055438259311619,-0.20207918901274186,2.168639471702955,-0.5135620188655898,-0.3926478680657691,0.9275392818064212,-0.19358346639099724,-0.17395167797173125,1.1666,65.0,7816323.32,7932324.57,7132426.29,8412263.53,783860.69,0.9275,rotation
Simone Fontecchio,1631323,MIA,SF,8.23,3.566,1.332,0.566,0.283,0.869,0.438,0.7933,1.293,0.3768,1.332,0.283,0.566,1.293,raw_dbb2_flat_file,14.2003,10.5542,3.646100000000001,10.053,1.823,0.7079,5.0968,3.9381333333333335,1.1586666666666663,4.1453,0.5793,0.8133,3.2608,2.4346,0.8262,1.7451,0.4131,0.5352,0.9439,0.7641333333333333,0.1797666666666666,0.6559,0.0899,0.6949,0.5491,0.3908666666666667,0.1582333333333333,0.3621,0.0791,0.6594,1.6469,1.2644666666666666,0.3824333333333334,1.0602,0.1912,0.6438,0.4691,0.4581266666666667,0.0109733333333333,0.4435,0.0055,0.9454,0.7828,0.7705466666666667,0.0122533333333333,0.7994,0.0061,1.0212,1.6758,1.1222666666666667,0.5535333333333332,1.5698,0.2768,0.9367,0.4773,0.4400866666666667,0.0372133333333333,0.3954,0.0186,0.8284,66,19.663141571536,1.4675637724995354,-0.24358091636566948,-0.30584287352937517,-0.37821515678377987,-0.3976490150945801,-0.7305750465848387,0.6025547605363036,-0.367809402163185,-0.7465356712318987,0.9595390991952801,-0.8098323217812112,0.9955527429231322,-0.07970721710523208,-0.3256515840092901,1.0464,66.0,7723087.18,7772344.91,7052436.47,8332273.71,782920.75,0.8594,rotation
Jaylin Williams,1631119,OKC,SF,6.963,4.755,1.857,0.544,0.555,0.907,0.4457,0.7475,1.043,0.3889,1.857,0.555,0.544,1.043,raw_dbb2_flat_file,14.2003,10.152375,4.047925000000001,8.987,2.024,0.6329,5.0968,3.7781875,1.3186125,5.4143,0.6593,1.0623,3.2608,2.4305,0.8303000000000003,2.2722,0.4152,0.6968,0.9439,0.8349375,0.1089624999999999,0.5985,0.0545,0.6341,0.5491,0.4696875,0.0794125,0.5947,0.0397,1.083,1.6469,1.19125,0.4556500000000001,1.1348,0.2278,0.6891,0.4691,0.4647125,0.0043875,0.4479,0.0022,0.9548,0.7828,0.774775,0.008025,0.7515,0.004,0.96,1.6758,1.098375,0.5774250000000001,1.3317,0.2887,0.7947,0.4773,0.421575,0.055725,0.4168,0.0279,0.8732,60,19.00116429658875,1.3163483189992484,-0.44446563977431797,0.4697450479987015,0.09033972514722514,-0.6007443521402286,0.44338945695791365,0.15638823925941586,-0.24478976135698544,-0.6087615506205839,0.08299818546713432,-0.4112721740352085,0.5874719762228662,-0.16097588567094448,-0.4336104904292275,1.1479,60.0,7697365.12,7772344.91,7052436.47,8270948.17,762307.36,0.8582,rotation
Tim Hardaway Jr.,203501,DEN,SG,10.826,2.518,1.925,0.607,0.137,0.821,0.424,0.8206,1.964,0.3811,1.925,0.137,0.607,1.964,raw_dbb2_flat_file,14.2003,9.484444444444444,4.715855555555557,13.1839,2.3579,0.9284,5.0968,3.5435,1.5533,3.2946,0.7766,0.6464,3.2608,2.3794444444444443,0.8813555555555559,2.3657,0.4407,0.7255,0.9439,0.6557777777777778,0.2881222222222221,0.7511,0.1441,0.7957,0.5491,0.3534444444444444,0.1956555555555555,0.2348,0.0978,0.4276,1.6469,1.0929444444444445,0.5539555555555558,1.098,0.277,0.6667,0.4691,0.4566777777777778,0.0124222222222222,0.4302,0.0062,0.9171,0.7828,0.7742055555555556,0.0085944444444444,0.8249,0.0043,1.0538,1.6758,1.0026111111111111,0.6731888888888888,2.3006,0.3366,1.3728,0.4773,0.4187833333333333,0.0585166666666666,0.4104,0.0293,0.8598,72,24.707018002319,1.864440561402377,-0.12846418682633398,-0.6816083669259998,-0.667944712213027,-0.7583441853620865,-0.8289232894502377,1.1661198273006026,-0.7744733166892833,-0.999525571749279,0.507729875176747,-0.9988597399771726,1.2302767279367228,0.025362687169392207,-0.3464027990501846,0.9634,72.0,7633597.23,7692355.09,7049770.14,8252283.88,777575.27,0.8159,rotation
Yves Missi,1642274,NOP,C,7.865,6.6,1.273,0.469,1.246,1.062,0.5424,0.6325,0.102,0.4131,1.273,1.246,0.469,0.102,raw_dbb2_flat_file,14.2003,10.4724,3.7279,9.729,1.864,0.6851,5.0968,4.337199999999999,0.7596000000000007,6.9798,0.3798,1.3694,3.2608,2.329333333333333,0.9314666666666672,1.7387,0.4657,0.5332,0.9439,0.7901333333333334,0.1537666666666666,0.5459,0.0769,0.5783,0.5491,0.5034666666666666,0.0456333333333334,1.2688,0.0228,2.3107,1.6469,1.3388,0.3081,1.216,0.154,0.7384,0.4691,0.4649933333333333,0.0041066666666667,0.5445,0.0021,1.1607,0.7828,0.7565666666666666,0.0262333333333334,0.6456,0.0131,0.8247,1.6758,0.9537333333333332,0.7220666666666666,0.463,0.361,0.2763,0.4773,0.4297066666666666,0.0475933333333333,0.4369,0.0238,0.9154,64,22.17087142386022,2.1378164790826593,-0.23715009175845453,0.10489180732623868,-0.20942444166789806,-0.4210070735576524,1.011851838586258,-0.5997006854659782,-0.2752368239223133,0.057022213590427286,-0.8246001780297344,0.5380292143667453,0.6836847769547084,0.3111679772419592,0.07034961463863378,0.9608,64.0,7559678.63,7612365.26,6972446.64,8172294.05,772349.88,0.7679,rotation
Buddy Hield,1627741,ATL,PG,8.761,2.589,2.096,0.774,0.239,1.082,0.4281,0.8116,1.589,0.3816,2.096,0.239,0.774,1.589,raw_dbb2_flat_file,14.2003,9.143944444444443,5.056355555555555,11.2892,2.5282,0.795,5.0968,3.657666666666666,1.4391333333333338,3.3086,0.7196,0.6492,3.2608,2.035888888888889,1.224911111111111,2.7085,0.6125,0.8306,0.9439,0.709111111111111,0.2347888888888889,0.8914,0.1174,0.9444,0.5491,0.4205,0.1286,0.3033,0.0643,0.5524,1.6469,1.1113888888888888,0.5355111111111113,1.3498,0.2678,0.8196,0.4691,0.4601722222222222,0.0089277777777778,0.4326,0.0045,0.9222,0.7828,0.7444944444444445,0.0383055555555555,0.8308,0.0192,1.0613,1.6758,1.0002222222222223,0.6755777777777776,1.9268,0.3378,1.1498,0.4773,0.4212388888888889,0.0560611111111111,0.4096,0.028,0.8582,58,20.42469896372437,0.9381120780179291,-0.12594973781318566,-0.04569755595336655,-0.4134491070661645,-0.03606550926951202,-0.030064828345637194,0.6010252765138301,-0.2543379888606947,-0.08387448019907565,0.6158139545889773,-1.2117304511858815,0.4559763063882403,-0.10316352567485708,-0.7189358602955254,1.0708,58.0,7532799.38,7532375.43,6921786.41,8172294.05,766538.27,0.7492,rotation
Marvin Bagley III,1628963,DAL,SF,8.914,4.815,1.203,0.495,0.521,0.929,0.5382,0.7105,0.521,0.385,1.203,0.521,0.495,0.521,raw_dbb2_flat_file,14.2003,9.4712,4.729100000000001,11.2785,2.3645,0.7942,5.0968,3.9284,1.1684,5.3992,0.5842,1.0593,3.2608,2.088,1.1728,1.7894,0.5864,0.5488,0.9439,0.6827500000000001,0.2611499999999999,0.6256,0.1306,0.6628,0.5491,0.4574,0.0917,0.5669,0.0459,1.0324,1.6469,1.1912,0.4557,1.1568,0.2278,0.7024,0.4691,0.463675,0.005425,0.5409,0.0027,1.1531,0.7828,0.755695,0.027105,0.7241,0.0136,0.925,1.6758,0.893,0.7827999999999999,0.9124,0.3914,0.5445,0.4773,0.4149949999999999,0.062305,0.4162,0.0312,0.872,54,19.072231607307934,1.9892207270975342,-0.012638863328804375,0.46051622403095244,-0.3388355679589961,-0.5048578776813946,0.3030789960873695,-0.6293220604944654,-0.20851051071708743,2.3032823623003784,-0.4184051764566893,-0.42244675761687195,0.17939120952260015,-0.1522511968647403,0.04678068426180957,1.134,54.0,7528610.58,7492380.51,6892456.81,8172294.05,778626.6,0.746,rotation
Will Richard,1642954,GSW,PG,7.757,2.613,1.967,0.963,0.196,1.038,0.448,0.8051,1.063,0.4266,1.967,0.196,0.963,1.063,raw_dbb2_flat_file,14.2003,9.445555555555556,4.754744444444444,10.1344,2.3774,0.7137,5.0968,3.606555555555556,1.490244444444444,3.3581,0.7451,0.6589,3.2608,2.3485555555555555,0.9122444444444446,2.4231,0.4561,0.7431,0.9439,0.7605555555555555,0.1833444444444444,1.0547,0.0917,1.1174,0.5491,0.4103888888888888,0.1387111111111111,0.2654,0.0694,0.4833,1.6469,1.1836111111111112,0.4632888888888888,1.2696,0.2316,0.7709,0.4691,0.4614777777777777,0.0076222222222222,0.4518,0.0038,0.9631,0.7828,0.7820055555555556,0.0007944444444444,0.8055,0.0004,1.029,1.6758,1.1357222222222223,0.5400777777777777,1.333,0.27,0.7954,0.4773,0.3990277777777777,0.0782722222222222,0.4657,0.0391,0.9757,65,20.83323863239724,1.2797540239910288,-0.3531090051803555,0.00019460655915781396,-0.6059090564671569,0.5231307934476086,-0.3271926054569845,-0.4002945570651252,-0.38120962323423907,0.5863310247132193,0.027707954761075355,0.049502535760481414,0.9055901526873426,-0.04882072406547995,-0.4445170445455798,0.9782,65.0,7522094.07,7452385.6,6921786.41,8172294.05,774233.96,0.7452,rotation
Cam Thomas,1630560,MIL,PG,13.972,2.577,2.778,0.596,0.178,1.657,0.4299,0.8324,1.499,0.4149,2.778,0.178,0.596,1.499,raw_dbb2_flat_file,14.2003,9.941,4.259300000000001,16.1016,2.1296,1.1339,5.0968,3.714555555555555,1.3822444444444448,3.2681,0.6911,0.6412,3.2608,2.2494444444444444,1.0113555555555558,3.2837,0.5057,1.007,0.9439,0.7022222222222223,0.2416777777777776,0.7168,0.1208,0.7594,0.5491,0.381,0.1681,0.262,0.084,0.4771,1.6469,1.2697222222222222,0.3771777777777778,1.8456,0.1886,1.1207,0.4691,0.4623055555555556,0.0067944444444444,0.4333,0.0034,0.9237,0.7828,0.7495888888888889,0.0332111111111111,0.849,0.0166,1.0846,1.6758,1.103,0.5728,1.7854,0.2864,1.0654,0.4773,0.4165777777777777,0.0607222222222222,0.4453,0.0304,0.933,45,24.110678121133937,3.392667869424415,0.8206914626351764,-0.08324568891815966,-0.02556206118161375,-0.6339569633687725,-0.3538478677835962,0.36258367249216583,0.5299881498226374,-0.059439904499147045,1.0388783497220926,-0.4091276413109241,-0.37902083673866377,0.3871350902174441,1.2526496004750751,1.3385,45.0,7509098.39,7452385.6,6892456.81,8172294.05,787746.09,0.7389,rotation
Taurean Prince,1627752,MIL,SF,8.488,3.61,1.739,0.705,0.304,1.075,0.452,0.7816,1.58,0.3744,1.739,0.304,0.705,1.58,raw_dbb2_flat_file,14.2003,9.941,4.259300000000001,10.6177,2.1297,0.7477,5.0968,3.714555555555555,1.3822444444444448,4.3011,0.6911,0.8439,3.2608,2.2494444444444444,1.0113555555555558,2.2447,0.5057,0.6884,0.9439,0.7022222222222223,0.2416777777777776,0.8258,0.1208,0.8749,0.5491,0.381,0.1681,0.388,0.084,0.7066,1.6469,1.2697222222222222,0.3771777777777778,1.2636,0.1886,0.7673,0.4691,0.4623055555555556,0.0067944444444444,0.4554,0.0034,0.9708,0.7828,0.7495888888888889,0.0332111111111111,0.7982,0.0166,1.0197,1.6758,1.103,0.5728,1.8664,0.2864,1.1137,0.4773,0.4165777777777777,0.0607222222222222,0.4048,0.0304,0.8481,48,23.963952889679106,0.9255214966662884,-0.1371647781772423,-0.21062096795484841,0.06589415646366836,0.2034990295753792,-0.5998541495867419,1.1583422036724855,-0.0323912394288554,-0.3739192995785707,0.9375798278701495,-0.634763845668481,-0.22868955717766587,0.4482885658401719,-0.7126377681443683,1.1969,48.0,7447210.26,7372395.78,6857794.55,8012314.4,769191.15,0.7062,rotation
Isaiah Hartenstein,1628392,OKC,PF,8.803,8.192,2.495,0.813,0.965,1.416,0.5837,0.6563,0.076,0.3544,2.495,0.965,0.813,0.076,raw_dbb2_flat_file,14.2003,10.152375,4.047925000000001,10.827,2.024,0.7624,5.0968,3.7781875,1.3186125,8.8513,0.6593,1.7366,3.2608,2.4305,0.8303000000000003,2.9102,0.4152,0.8925,0.9439,0.8349375,0.1089624999999999,0.8675,0.0545,0.9191,0.5491,0.4696875,0.0794125,1.0047,0.0397,1.8297,1.6469,1.19125,0.4556500000000001,1.6438,0.2278,0.9981,0.4691,0.4647125,0.0043875,0.5859,0.0022,1.249,0.7828,0.774775,0.008025,0.6603,0.004,0.8435,1.6758,1.098375,0.5774250000000001,0.3647,0.2887,0.2176,0.4773,0.421575,0.055725,0.3823,0.0279,0.801,53,23.97195059056206,2.1132443982068607,-0.29833831112347664,1.104768332634044,0.7141498250397249,0.5105833471302165,0.3706228402093517,-1.352718933772697,0.3605966127695891,1.4774175087521997,-1.4825210458419664,-0.7527079508154775,-0.0018218775034289372,0.2874682275406465,-0.211900416272756,0.9946,53.0,7332624.83,7212416.12,6812466.98,7886997.0,751288.46,0.6298,rotation
Neemias Queta,1629674,BOS,C,7.898,6.187,1.185,0.571,1.006,0.946,0.5927,0.6897,0.078,0.3734,1.185,1.006,0.571,0.078,raw_dbb2_flat_file,14.2003,10.554846153846151,3.6454538461538473,9.7207,1.8227,0.6845,5.0968,4.29,0.8068,6.5904,0.4034,1.293,3.2608,2.365692307692308,0.8951076923076924,1.6326,0.4476,0.5007,0.9439,0.6874615384615385,0.2564384615384615,0.6992,0.1282,0.7408,0.5491,0.4480769230769231,0.1010230769230769,1.0565,0.0505,1.9241,1.6469,1.1839230769230769,0.4629769230769232,1.1775,0.2315,0.715,0.4691,0.4659153846153846,0.0031846153846153,0.5943,0.0016,1.2669,0.7828,0.764453846153846,0.018346153846154,0.6989,0.0092,0.8928,1.6758,1.2137692307692307,0.4620307692307692,0.309,0.231,0.1844,0.4773,0.4291384615384616,0.0481615384615384,0.3975,0.0241,0.8328,62,20.300695188448483,1.860968213895804,-0.23902195068007545,-0.05762309249804539,-0.3030624855496489,0.24574621035718208,0.35472077302534477,-1.1112263108565192,-0.35092911313778424,1.1671497494791447,0.17333791490393616,-0.36718690340803545,0.5286542152869741,0.043663339819480215,-0.17093463603790035,0.8095,62.0,7309643.76,7132426.29,6793802.69,7886997.0,738058.99,0.6214,rotation
Scoot Henderson,1630703,POR,PG,11.458,2.752,3.585,0.846,0.248,2.067,0.4174,0.8041,1.414,0.4259,3.585,0.248,0.846,1.414,raw_dbb2_flat_file,14.2003,9.020555555555555,5.179744444444445,14.0479,2.5899,0.9893,5.0968,3.588833333333333,1.5079666666666665,3.506,0.754,0.6879,3.2608,2.1012222222222223,1.1595777777777778,4.1648,0.5798,1.2772,0.9439,0.7107777777777778,0.2331222222222221,0.9626,0.1166,1.0198,0.5491,0.4397777777777778,0.1093222222222222,0.3027,0.0547,0.5513,1.6469,1.2561666666666669,0.3907333333333334,2.2624,0.1954,1.3737,0.4691,0.4412666666666667,0.0278333333333333,0.4313,0.0139,0.9194,0.7828,0.7468,0.036,0.8221,0.018,1.0502,1.6758,1.005111111111111,0.6706888888888889,1.7493,0.3353,1.0439,0.4773,0.4309944444444444,0.0463055555555555,0.4491,0.0232,0.9409,45,23.95605320185785,2.558831332757376,0.4167106976611923,0.13731482546021634,0.5686091421022482,0.20774818793476849,-0.03476869816798034,0.3017085529364227,1.1893409828262942,-0.12925297792751117,0.4135798755967754,-0.32369652989566183,-0.37902083673866377,0.3665673168617194,0.58288279455944,1.1291,45.0,7308089.29,7172421.21,6793802.69,7886997.0,745002.9,0.6228,rotation
Alex Caruso,1627936,OKC,PG,7.471,2.769,2.476,1.185,0.385,0.991,0.4331,0.8005,1.124,0.3891,2.476,0.385,1.185,1.124,raw_dbb2_flat_file,14.2003,10.152375,4.047925000000001,9.495,2.024,0.6686,5.0968,3.7781875,1.3186125,3.4283,0.6593,0.6726,3.2608,2.4305,0.8303000000000003,2.8912,0.4152,0.8867,0.9439,0.8349375,0.1089624999999999,1.2395,0.0545,1.3132,0.5491,0.4696875,0.0794125,0.4247,0.0397,0.7734,1.6469,1.19125,0.4556500000000001,1.2188,0.2278,0.7401,0.4691,0.4647125,0.0043875,0.4353,0.0022,0.9279,0.7828,0.774775,0.008025,0.8045,0.004,1.0277,1.6758,1.098375,0.5774250000000001,1.4127,0.2887,0.843,0.4773,0.421575,0.055725,0.417,0.0279,0.8737,56,20.82643936897755,1.1644439743758368,-0.4788845815178758,0.0652780370314658,-0.2902450679787037,1.1559506142811904,0.9216848323751431,-0.265897132450368,-0.4615722046080052,0.010373168929217098,0.004462658325189875,-1.045364602640373,0.3275152074456397,-0.04972514302755141,-0.5371381282047859,0.8561,56.0,7276949.25,7132426.29,6732477.16,7852334.74,764594.08,0.5883,rotation
Kobe Sanders,1642920,LAC,PG,8.164,2.504,2.085,0.764,0.204,1.231,0.448,0.8001,1.13,0.4266,2.085,0.204,0.764,1.13,raw_dbb2_flat_file,14.2003,9.250625,4.949675000000001,10.6388,2.4748,0.7492,5.0968,3.37875,1.71805,3.363,0.859,0.6598,3.2608,2.192375,1.068425,2.6192,0.5342,0.8032,0.9439,0.7555000000000001,0.1883999999999999,0.8582,0.0942,0.9092,0.5491,0.4111875,0.1379125,0.273,0.069,0.4972,1.6469,1.1773125,0.4695875,1.4658,0.2348,0.89,0.4691,0.45813125,0.01096875,0.4535,0.0055,0.9667,0.7828,0.77625,0.00655,0.8034,0.0033,1.0263,1.6758,1.0209375,0.6548624999999999,1.4574,0.3274,0.8697,0.4773,0.4134875,0.0638125,0.4585,0.0319,0.9606,65,20.816697292419963,1.3865524507587164,-0.25388911042801693,0.004737467090700779,-0.4736687058100627,-0.14975391864004728,-0.26761025437397024,-0.19051990685087447,-0.07083288178674052,0.64567213712733,-0.0211071677542839,-0.11236693850001407,0.9055901526873426,-0.05102100674465886,-0.358732795442123,0.6878,65.0,7210696.34,7049770.14,6665818.97,7852334.74,791982.49,0.5448,rotation
Santi Aldama,1630583,MEM,PF,10.902,5.523,2.135,0.746,0.604,1.106,0.4716,0.6857,1.277,0.392,2.135,0.604,0.746,1.277,raw_dbb2_flat_file,14.2003,9.42378947368421,4.776510526315791,13.2903,2.3883,0.9359,5.0968,3.582263157894737,1.514536842105263,6.2803,0.7573,1.2322,3.2608,2.369368421052632,0.8914315789473686,2.5807,0.4457,0.7914,0.9439,0.7777894736842105,0.1661105263157895,0.8291,0.0831,0.8784,0.5491,0.3871578947368421,0.1619421052631579,0.685,0.081,1.2475,1.6469,1.2790526315789474,0.3678473684210526,1.2899,0.1839,0.7832,0.4691,0.452621052631579,0.016478947368421,0.4798,0.0082,1.0228,0.7828,0.7797315789473684,0.0030684210526316,0.6872,0.0015,0.8779,1.6758,1.0590526315789477,0.6167473684210525,1.5854,0.3084,0.9461,0.4773,0.410321052631579,0.066978947368421,0.4255,0.0335,0.8915,50,24.477855092674123,1.9360921693631346,0.13735458441240755,-0.018930827020024785,0.3767736750779098,0.3441327521332323,-0.346318641103504,0.9383344557947226,-0.20348422300257518,-0.7034908190790434,-1.004167349821147,-0.008157878874659108,-0.24777534046629698,0.35492550884658186,-0.3233784397072386,0.9038,50.0,7190034.97,7052436.47,6665818.97,7692355.09,752113.39,0.5452,rotation
Quinten Post,1642366,GSW,C,8.03,4.964,1.303,0.476,0.729,0.981,0.485,0.6966,0.891,0.3734,1.303,0.729,0.476,0.891,raw_dbb2_flat_file,14.2003,9.445555555555556,4.754744444444444,10.4074,2.3774,0.7329,5.0968,3.606555555555556,1.490244444444444,5.7091,0.7451,1.1201,3.2608,2.3485555555555555,0.9122444444444446,1.7591,0.4561,0.5395,0.9439,0.7605555555555555,0.1833444444444444,0.5677,0.0917,0.6014,0.5491,0.4103888888888888,0.1387111111111111,0.7984,0.0694,1.454,1.6469,1.1836111111111112,0.4632888888888888,1.2126,0.2316,0.7363,0.4691,0.4614777777777777,0.0076222222222222,0.4888,0.0038,1.042,0.7828,0.7820055555555556,0.0007944444444444,0.697,0.0004,0.8904,1.6758,1.1357222222222223,0.5400777777777777,1.161,0.27,0.6928,0.4773,0.3990277777777777,0.0782722222222222,0.4125,0.0391,0.8642,60,19.193972450615572,1.356851443674241,-0.08415381556232433,-0.4254309538620449,-0.19142051994134068,-0.32619153807596063,-0.444174789957565,1.7187726036417987,-0.2819213377751083,-1.1846264560682362,0.13776413673181634,-0.022561477859261925,0.37362365361923977,-0.11463910200682559,-0.6102924086946587,0.6445,60.0,7061752.61,6972446.64,6594494.7,7452385.6,754789.98,0.4656,rotation
Isaiah Collier,1642268,UTA,PG,9.66,2.792,4.782,0.921,0.282,2.032,0.4513,0.7352,0.757,0.4369,4.782,0.282,0.921,0.757,raw_dbb2_flat_file,14.2003,11.249888888888888,2.950411111111112,11.1352,1.4752,0.7842,5.0968,4.457277777777778,0.6395222222222223,3.1118,0.3198,0.6105,3.2608,2.645388888888889,0.6154111111111114,5.0897,0.3077,1.5609,0.9439,0.8517222222222222,0.0921777777777778,0.9671,0.0461,1.0246,0.5491,0.4432222222222222,0.1058777777777778,0.3349,0.0529,0.6099,1.6469,1.477666666666667,0.1692333333333333,2.1166,0.0846,1.2852,0.4691,0.45565,0.0134499999999999,0.458,0.0067,0.9763,0.7828,0.7633666666666667,0.0194333333333333,0.7449,0.0097,0.9516,1.6758,1.2035,0.4722999999999999,0.9932,0.2362,0.5927,0.4773,0.4321166666666667,0.0451833333333333,0.4595,0.0226,0.9627,60,23.715548813364688,2.410995495839611,-0.15624288569554118,-0.22815366873043447,1.1923169458898366,0.2231577614940276,0.21767231563110595,-0.9732963749333113,0.9586940465212724,0.8027515523411493,-1.3809570092535832,-0.08988506707494519,0.584437405330841,0.3345760972268552,0.46413585563534937,0.6457,60.0,7056987.89,6979112.46,6601827.1,7532375.43,763025.3,0.458,rotation
Ryan Dunn,1642346,PHX,SF,7.11,4.134,1.221,0.716,0.488,0.836,0.4531,0.6445,0.837,0.3889,1.221,0.488,0.716,0.837,raw_dbb2_flat_file,14.2003,8.88535294117647,5.314947058823531,9.7675,2.6575,0.6878,5.0968,3.319176470588236,1.7776235294117644,5.0228,0.8888,0.9855,3.2608,1.9868235294117649,1.2739764705882353,1.858,0.637,0.5698,0.9439,0.6880588235294117,0.2558411764705882,0.8439,0.1279,0.8941,0.5491,0.3491176470588235,0.1999823529411765,0.588,0.1,1.0708,1.6469,1.0747058823529412,0.5721941176470589,1.1221,0.2861,0.6813,0.4691,0.4498411764705882,0.0192588235294118,0.4627,0.0096,0.9864,0.7828,0.7384588235294117,0.0443411764705883,0.6667,0.0222,0.8517,1.6758,1.0250588235294116,0.6507411764705884,1.1624,0.3254,0.6936,0.4773,0.4164647058823529,0.060835294117647,0.4193,0.0304,0.8785,66,20.200220531796504,1.1122930663312096,-0.2973825941641397,0.23046792327195462,-0.2778549857156515,0.26754128742426836,0.4095736264603363,-0.16085658246329354,-0.26573278331729006,-0.14533950856434552,-1.4687903215087879,-0.3647114091116101,0.9955527429231322,-0.013771884176308412,-0.5792938939263685,0.5773,66.0,7046263.92,6947116.53,6652487.33,7452385.6,708530.69,0.4617,rotation
Javon Small,1642914,MEM,PG,9.292,2.901,2.971,0.821,0.246,1.316,0.4473,0.8058,1.258,0.4266,2.971,0.246,0.821,1.258,raw_dbb2_flat_file,14.2003,9.42378947368421,4.776510526315791,11.6803,2.3883,0.8225,5.0968,3.582263157894737,1.514536842105263,3.6583,0.7573,0.7178,3.2608,2.369368421052632,0.8914315789473686,3.4167,0.4457,1.0478,0.9439,0.7777894736842105,0.1661105263157895,0.9041,0.0831,0.9578,0.5491,0.3871578947368421,0.1619421052631579,0.327,0.081,0.5955,1.6469,1.2790526315789474,0.3678473684210526,1.4999,0.1839,0.9107,0.4691,0.452621052631579,0.016478947368421,0.4555,0.0082,0.971,0.7828,0.7797315789473684,0.0030684210526316,0.8073,0.0015,1.0313,1.6758,1.0590526315789477,0.6167473684210525,1.5664,0.3084,0.9347,0.4773,0.410321052631579,0.066978947368421,0.4601,0.0335,0.964,47,21.27313244322976,1.8197512716779944,-0.04901694471715132,0.27851434769572186,0.06412670290504348,0.007423731664397694,0.15573802963692038,-0.006714144203339791,-0.016888708069310806,0.7154852105556941,0.06954948834566974,-0.0763959442199041,-0.2505597377960631,0.009692717649787108,-0.010772280575188876,0.78,47.0,7041579.18,6921786.41,6601827.1,7532375.43,757236.39,0.4505,rotation
Jordan Clarkson,203903,NYK,PG,10.522,2.451,2.726,0.647,0.17,1.445,0.4242,0.8208,1.281,0.3816,2.726,0.17,0.647,1.281,raw_dbb2_flat_file,14.2003,9.263352941176471,4.936947058823529,12.9905,2.4685,0.9148,5.0968,3.6023529411764708,1.4944470588235292,3.1982,0.7472,0.6275,3.2608,2.238647058823529,1.0221529411764707,3.2371,0.5111,0.9927,0.9439,0.686235294117647,0.2576647058823529,0.7758,0.1288,0.8219,0.5491,0.3651764705882353,0.1839235294117647,0.262,0.092,0.4771,1.6469,1.1476470588235292,0.4992529411764708,1.6946,0.2496,1.029,0.4691,0.4636705882352941,0.0054294117647058,0.4269,0.0027,0.91,0.7828,0.7486411764705883,0.0341588235294118,0.8379,0.0171,1.0704,1.6758,1.005941176470588,0.6698588235294118,1.6159,0.3349,0.9643,0.4773,0.4239882352941176,0.0533117647058823,0.4083,0.0267,0.8554,58,22.08706917267841,2.0166209729270315,0.20871086278585,-0.14805098507220973,-0.056986846192427616,-0.4319203322584838,-0.3538478677835962,0.07675728011824687,0.29111512251085236,-0.28284173946991265,0.7808555592837639,-1.2409568840384717,0.4559763063882403,0.11796029997465321,0.14736038115031289,0.6251,58.0,7041411.2,6921786.41,6572497.5,7612365.26,784020.89,0.4437,rotation
Jonathan Kuminga,1630228,ATL,SF,11.352,4.766,1.82,0.682,0.439,1.404,0.4713,0.7089,0.828,0.3889,1.82,0.439,0.682,0.828,raw_dbb2_flat_file,14.2003,9.143944444444443,5.056355555555555,13.8802,2.5282,0.9775,5.0968,3.657666666666666,1.4391333333333338,5.4856,0.7196,1.0763,3.2608,2.035888888888889,1.224911111111111,2.4325,0.6125,0.746,0.9439,0.709111111111111,0.2347888888888889,0.7994,0.1174,0.8469,0.5491,0.4205,0.1286,0.5033,0.0643,0.9166,1.6469,1.1113888888888888,0.5355111111111113,1.6718,0.2678,1.0151,0.4691,0.4601722222222222,0.0089277777777778,0.4758,0.0045,1.0143,0.7828,0.7444944444444445,0.0383055555555555,0.7281,0.0192,0.9301,1.6758,1.0002222222222223,0.6755777777777776,1.1658,0.3378,0.6957,0.4773,0.4212388888888889,0.0560611111111111,0.4169,0.028,0.8735,46,22.81916958041394,3.0200082424380454,0.47764423694538,0.5133222101775445,0.2328351673281017,0.11008932751954094,-0.017919036695601378,-0.1544854519620699,0.6407537656259789,0.2648516232557039,-0.3452076053729193,-0.4094097434382648,-0.36471647941108787,0.3077474644139273,0.7827021151179148,0.7769,46.0,7017123.62,6921786.41,6572497.5,7532375.43,771859.66,0.4276,rotation
Sandro Mamukelashvili,1630572,TOR,PF,8.39,4.203,1.369,0.602,0.434,0.794,0.4945,0.7349,0.945,0.3915,1.369,0.434,0.602,0.945,raw_dbb2_flat_file,14.2003,9.23675,4.9635500000000015,10.8718,2.4818,0.7656,5.0968,3.6478125,1.4489875,4.9275,0.7245,0.9668,3.2608,2.18275,1.0780500000000002,1.908,0.539,0.5851,0.9439,0.678875,0.2650249999999999,0.7345,0.1325,0.7782,0.5491,0.401625,0.147475,0.5077,0.0737,0.9246,1.6469,1.1529375,0.4939625000000001,1.041,0.247,0.6321,0.4691,0.4618875,0.0072125,0.4981,0.0036,1.0618,0.7828,0.7451625,0.0376375000000001,0.7537,0.0188,0.9628,1.6758,0.855875,0.8199249999999999,1.355,0.41,0.8086,0.4773,0.43621875,0.04108125,0.412,0.0205,0.8632,66,18.59110670867278,1.5940852927131428,-0.2904143709943784,-0.6101950133988754,-0.31200610058009687,-0.06592522408329486,-0.743921783539442,0.50591150096853,-0.6002056698058863,-0.3273303817622506,0.1783798912712121,-0.24082977635616495,1.0639764620023326,-0.4300132297078265,-0.5385958877675441,0.4499,66.0,6863996.43,6803134.84,6473843.38,7212416.12,750439.82,0.3342,rotation
Nique Clifford,1642363,SAC,PG,8.66,3.198,2.473,0.853,0.285,1.39,0.4264,0.76,1.059,0.4149,2.473,0.285,0.853,1.059,raw_dbb2_flat_file,14.2003,11.1313125,3.0689875000000004,10.1945,1.5345,0.7179,5.0968,4.452625,0.6441749999999997,3.5201,0.3221,0.6906,3.2608,2.650875,0.609925,2.778,0.305,0.8519,0.9439,0.7828125,0.1610874999999999,0.9335,0.0805,0.989,0.5491,0.4605,0.0886,0.3293,0.0443,0.5997,1.6469,1.4098125,0.2370875000000001,1.5085,0.1185,0.916,0.4691,0.4689375,0.0001625,0.4265,0.0001,0.9092,0.7828,0.76156875,0.02123125,0.7706,0.0106,0.9844,1.6758,1.0809375,0.5948625000000001,1.3564,0.2974,0.8094,0.4773,0.41033125,0.06696875,0.4484,0.0335,0.9395,68,23.24683901644717,1.4883304316003962,-0.34128680915613746,0.15038713841832943,-0.36658167019381344,0.10809961225155834,0.1737695306225692,-0.36083533829492037,-0.003284019096586697,-0.29680435415558587,-0.7835528908513282,-0.3394338398932096,1.0982818011012434,0.272229633812416,-0.2769811449167698,0.3641,68.0,6812024.37,6793802.69,6409851.52,7132426.29,715442.49,0.3098,rotation
D'Angelo Russell,1626156,DAL,PG,10.93,2.585,3.859,0.746,0.229,1.613,0.42,0.7878,1.536,0.4089,3.859,0.229,0.746,1.536,raw_dbb2_flat_file,14.2003,9.4712,4.729100000000001,13.2946,2.3646,0.9362,5.0968,3.9284,1.1684,3.1692,0.5842,0.6218,3.2608,2.088,1.1728,4.4454,0.5864,1.3633,0.9439,0.6827500000000001,0.2611499999999999,0.8766,0.1306,0.9287,0.5491,0.4574,0.0917,0.2749,0.0459,0.5006,1.6469,1.1912,0.4557,1.8408,0.2278,1.1177,0.4691,0.463675,0.005425,0.4227,0.0027,0.9011,0.7828,0.755695,0.027105,0.8014,0.0136,1.0238,1.6758,0.893,0.7827999999999999,1.9274,0.3914,1.1501,0.4773,0.4149949999999999,0.062305,0.4401,0.0312,0.9221,45,22.946709343363455,2.0909641202255758,0.268529994415878,-0.17493730250378978,0.7578322037768052,-0.08674588453107566,-0.252714666603217,0.6020370513540917,0.5223948350471637,-0.4294491936694766,-0.06759776062605485,-0.5260333727212818,-0.37902083673866377,0.23230722594818654,0.20707540935822694,0.4341,45.0,6675652.38,6665818.97,6153884.07,7052436.47,739183.55,0.2233,rotation
Pelle Larsson,1641796,MIA,PG,8.749,2.699,2.526,0.729,0.21,1.117,0.4572,0.7824,0.936,0.4158,2.526,0.21,0.729,0.936,raw_dbb2_flat_file,14.2003,10.5542,3.646100000000001,10.5721,1.8231,0.7445,5.0968,3.9381333333333335,1.1586666666666663,3.2783,0.5793,0.6432,3.2608,2.4346,0.8262,2.9391,0.4131,0.9013,0.9439,0.7641333333333333,0.1797666666666666,0.8189,0.0899,0.8676,0.5491,0.3908666666666667,0.1582333333333333,0.2891,0.0791,0.5265,1.6469,1.2644666666666666,0.3824333333333334,1.3082,0.1912,0.7943,0.4691,0.4581266666666667,0.0109733333333333,0.4627,0.0055,0.9864,0.7828,0.7705466666666667,0.0122533333333333,0.7885,0.0061,1.0073,1.6758,1.1222666666666667,0.5535333333333332,1.2128,0.2768,0.7237,0.4773,0.4400866666666667,0.0372133333333333,0.4344,0.0186,0.9101,63,21.697088770200267,2.065577425980095,-0.26700958421862137,-0.07378912209739681,-0.2579436258753138,-0.28433086105757843,-0.1413897474744269,-0.602986783397544,-0.32014671691480256,0.9668122748978042,-0.36746208464897784,-0.6541800398441739,0.777129053744742,0.06608619993374759,0.18668392449296003,0.2475,63.0,6664549.79,6665818.97,6217875.93,7049770.14,703790.78,0.2105,rotation
Ausar Thompson,1641709,DET,SG,9.326,4.438,2.532,1.333,0.604,1.354,0.486,0.6574,0.52,0.4266,2.532,0.604,1.333,0.52,raw_dbb2_flat_file,14.2003,8.7513125,5.448987500000001,12.0505,2.7245,0.8486,5.0968,3.5715,1.5253,5.2006,0.7626,1.0204,3.2608,2.12,1.1408,3.1024,0.5704,0.9514,0.9439,0.7265625,0.2173374999999999,1.4417,0.1087,1.5274,0.5491,0.4360625,0.1130375,0.6605,0.0565,1.2029,1.6469,1.1275,0.5194000000000001,1.6137,0.2597,0.9798,0.4691,0.4586375,0.0104624999999999,0.4912,0.0052,1.0471,0.7828,0.7500125,0.0327875,0.6738,0.0164,0.8608,1.6758,0.86675,0.8090499999999999,0.9245,0.4045,0.5517,0.4773,0.41046875,0.06683125,0.46,0.0334,0.9638,65,23.472822848998938,2.1151291834347283,-0.3345636927887732,0.5069502873584605,-0.11979278154047933,1.4751462952588035,1.4069604305178673,-1.2183975909812503,0.0406814463257076,1.5489534301773613,-2.990159045285816,-0.1759626476614819,0.6878796615070365,-0.14500398311131782,-0.1789515807222429,0.2635,65.0,6632967.14,6665818.97,6153884.07,7001776.25,717237.01,0.1961,rotation
Kevin Huerter,1628989,DET,SG,9.542,3.028,2.525,0.852,0.326,1.062,0.4376,0.7841,1.454,0.4181,2.525,0.326,0.852,1.454,raw_dbb2_flat_file,14.2003,8.7513125,5.448987500000001,12.2665,2.7245,0.8638,5.0968,3.5715,1.5253,3.7906,0.7626,0.7437,3.2608,2.12,1.1408,3.0954,0.5704,0.9493,0.9439,0.7265625,0.2173374999999999,0.9607,0.1087,1.0178,0.5491,0.4360625,0.1130375,0.3825,0.0565,0.6966,1.6469,1.1275,0.5194000000000001,1.3217,0.2597,0.8025,0.4691,0.4586375,0.0104624999999999,0.4428,0.0052,0.9439,0.7828,0.7500125,0.0327875,0.8005,0.0164,1.0226,1.6758,0.86675,0.8090499999999999,1.8585,0.4045,1.109,0.4773,0.41046875,0.06683125,0.4515,0.0334,0.9459,65,22.863281911226633,1.1648796039495062,-0.2952858621130302,-0.37230873810905735,-0.12500122936823507,-0.08047044551537554,-0.05316565393393721,0.40004530464788296,-0.42087603050263694,-0.4731184336463993,-0.05711783931224344,-0.31698331872364666,0.6878796615070365,-0.2291442097915947,-0.8136850142160064,0.2769,65.0,6632175.24,6665818.97,6153884.07,7049770.14,721772.03,0.1966,rotation
Jusuf Nurkić,203994,UTA,C,9.084,8.322,2.844,0.858,0.784,1.813,0.4983,0.623,0.446,0.371,2.844,0.784,0.858,0.446,raw_dbb2_flat_file,14.2003,11.249888888888888,2.950411111111112,10.5592,1.4752,0.7436,5.0968,4.457277777777778,0.6395222222222223,8.6418,0.3198,1.6955,3.2608,2.645388888888889,0.6154111111111114,3.1517,0.3077,0.9665,0.9439,0.8517222222222222,0.0921777777777778,0.9041,0.0461,0.9578,0.5491,0.4432222222222222,0.1058777777777778,0.8369,0.0529,1.5241,1.6469,1.477666666666667,0.1692333333333333,1.8976,0.0846,1.1522,0.4691,0.45565,0.0134499999999999,0.505,0.0067,1.0765,0.7828,0.7633666666666667,0.0194333333333333,0.6327,0.0097,0.8083,1.6758,1.2035,0.4722999999999999,0.6822,0.2362,0.4071,0.4773,0.4321166666666667,0.0451833333333333,0.3936,0.0226,0.8246,50,23.49401534598123,2.389770113819316,-0.0499190945620701,0.7985224275315802,1.0376119014509904,1.1369252571552875,-0.32500594387138904,0.12839293197302568,1.0648116002144408,-0.8235006311405819,-1.0661274087772814,-0.4567895140507171,-0.4015291547194319,0.500426683690452,0.2899372068586259,0.3439,50.0,6629676.9,6652487.33,6153884.07,7049770.14,734243.4,0.2028,rotation
Justin Edwards,1642348,PHI,SF,8.062,3.278,1.325,0.808,0.385,0.903,0.4586,0.7356,1.008,0.408,1.325,0.385,0.808,1.008,raw_dbb2_flat_file,14.2003,9.916666666666666,4.283633333333334,10.2038,2.1418,0.7186,5.0968,3.947611111111111,1.1491888888888888,3.8526,0.5746,0.7559,3.2608,2.145888888888889,1.1149111111111112,1.8825,0.5575,0.5773,0.9439,0.7621666666666667,0.1817333333333333,0.8989,0.0909,0.9523,0.5491,0.4476111111111111,0.1014888888888889,0.4357,0.0507,0.7935,1.6469,1.2115,0.4354,1.1207,0.2177,0.6805,0.4691,0.4532722222222222,0.0158277777777778,0.4665,0.0079,0.9945,0.7828,0.7502888888888889,0.0325111111111111,0.7519,0.0163,0.9605,1.6758,0.9857777777777778,0.6900222222222222,1.353,0.345,0.8074,0.4773,0.4195222222222222,0.0577777777777777,0.4369,0.0289,0.9154,59,20.42149212997027,1.2994311551668072,-0.21516307744444635,-0.48473537520886134,-0.25607620634302847,0.4621448333739317,-0.3591056249995138,0.19630149798767146,-0.26804146290346553,-0.026352768036391448,0.09031794257551254,-0.03692362404947736,0.5194585151061551,0.013392867327317539,-0.4456883466588741,0.258,59.0,6620008.79,6652487.33,6153884.07,6985778.28,712873.69,0.1766,rotation
Jaden Ivey,1631093,CHI,PG,10.835,2.944,2.715,0.767,0.335,1.629,0.442,0.7652,1.369,0.4149,2.715,0.335,0.767,1.369,raw_dbb2_flat_file,14.2003,8.785941176470587,5.4143588235294136,13.5422,2.7072,0.9537,5.0968,3.529588235294117,1.5672117647058823,3.7276,0.7836,0.7314,3.2608,2.090058823529412,1.1707411764705884,3.3004,0.5854,1.0121,0.9439,0.6158823529411765,0.3280176470588234,0.931,0.164,0.9863,0.5491,0.3896470588235294,0.1594529411764705,0.4147,0.0797,0.7552,1.6469,1.1739411764705885,0.4729588235294117,1.8655,0.2365,1.1327,0.4691,0.4611058823529412,0.0079941176470588,0.446,0.004,0.9508,0.7828,0.7538823529411764,0.0289176470588236,0.7797,0.0145,0.996,1.6758,0.949,0.7268,1.7324,0.3634,1.0338,0.4773,0.4102058823529412,0.0670941176470588,0.4484,0.0335,0.9395,43,22.848894223886052,2.170443219105098,0.31723508153062596,0.34276337521325617,-0.01430038930005623,0.09953873805197003,0.8432870020027559,0.2732102282690524,0.5614687673292901,0.38387311177096445,-0.5720206932847706,-0.3394338398932096,-0.5074819356812644,0.2192961329264845,0.2709158143449984,0.2772,43.0,6537808.58,6572497.5,6089892.21,6921786.41,736400.27,0.1338,rotation
Jock Landale,1629111,ATL,C,7.74,5.186,1.282,0.483,0.644,0.892,0.5235,0.6714,0.479,0.3631,1.282,0.644,0.483,0.479,raw_dbb2_flat_file,14.2003,9.143944444444443,5.056355555555555,10.2682,2.5282,0.7231,5.0968,3.657666666666666,1.4391333333333338,5.9056,0.7196,1.1587,3.2608,2.035888888888889,1.224911111111111,1.8945,0.6125,0.581,0.9439,0.709111111111111,0.2347888888888889,0.6004,0.1174,0.6361,0.5491,0.4205,0.1286,0.7083,0.0643,1.2899,1.6469,1.1113888888888888,0.5355111111111113,1.1598,0.2678,0.7042,0.4691,0.4601722222222222,0.0089277777777778,0.528,0.0045,1.1256,0.7828,0.7444944444444445,0.0383055555555555,0.6906,0.0192,0.8822,1.6758,1.0002222222222223,0.6755777777777776,0.8168,0.3378,0.4874,0.4773,0.4212388888888889,0.0560611111111111,0.3911,0.028,0.8194,61,19.24694824845474,1.6195331695651194,-0.11554691940445488,-0.3434222794514858,-0.07192390220723067,-0.18396823485342229,-0.723060842746252,0.5754796149442386,-0.38572790584203986,-0.3107911266136644,0.017936673415203747,-0.514227084975513,0.45113893445310693,-0.10706159603450045,-0.38135485925680646,0.0653,61.0,6418271.78,6473843.38,5961908.48,6857794.55,697515.96,0.055,rotation
Javonte Green,1629750,DET,PG,6.843,2.71,1.465,0.975,0.291,0.751,0.4314,0.8025,0.985,0.3891,1.465,0.291,0.975,0.985,raw_dbb2_flat_file,14.2003,8.7513125,5.448987500000001,9.5675,2.7245,0.6738,5.0968,3.5715,1.5253,3.4726,0.7626,0.6813,3.2608,2.12,1.1408,2.0354,0.5704,0.6242,0.9439,0.7265625,0.2173374999999999,1.0837,0.1087,1.1481,0.5491,0.4360625,0.1130375,0.3475,0.0565,0.6329,1.6469,1.1275,0.5194000000000001,1.0107,0.2597,0.6137,0.4691,0.4586375,0.0104624999999999,0.4366,0.0052,0.9307,0.7828,0.7500125,0.0327875,0.8189,0.0164,1.0461,1.6758,0.86675,0.8090499999999999,1.3895,0.4045,0.8292,0.4773,0.41046875,0.06683125,0.4225,0.0334,0.8852,61,19.174032841043303,1.3705998826628254,-0.4646231969628704,0.10634920469418971,-0.8673551755378108,0.6224369341628356,0.3164535819003138,-0.3050190929404857,-0.7907740389363667,0.055751666657652625,0.33919492700193976,-0.921714309802494,0.6486679548021412,-0.26952362775553823,-0.3715464586841344,0.0763,61.0,6414704.23,6409851.52,5897916.62,6857794.55,722746.79,0.0512,rotation
GG Jackson,1641713,MEM,SF,9.986,4.103,1.274,0.588,0.558,1.23,0.4553,0.7327,1.068,0.4089,1.274,0.558,0.588,1.068,raw_dbb2_flat_file,14.2003,9.42378947368421,4.776510526315791,12.3743,2.3883,0.8714,5.0968,3.582263157894737,1.514536842105263,4.8603,0.7573,0.9536,3.2608,2.369368421052632,0.8914315789473686,1.7197,0.4457,0.5274,0.9439,0.7777894736842105,0.1661105263157895,0.6711,0.0831,0.711,0.5491,0.3871578947368421,0.1619421052631579,0.639,0.081,1.1637,1.6469,1.2790526315789474,0.3678473684210526,1.4139,0.1839,0.8585,0.4691,0.452621052631579,0.016478947368421,0.4635,0.0082,0.9881,0.7828,0.7797315789473684,0.0030684210526316,0.7342,0.0015,0.9379,1.6758,1.0590526315789477,0.6167473684210525,1.3764,0.3084,0.8213,0.4773,0.410321052631579,0.066978947368421,0.4424,0.0335,0.9269,52,20.904318302945004,2.1544612552592137,0.1938615868693166,0.13115110904948585,-0.40079397294968305,-0.34386767148667324,0.6669777093523416,0.24014986673138927,0.21546200471553834,-0.12028966845319673,-0.23358130947017028,0.06551005878243918,0.04336428728917815,0.07266777254133983,0.16475266598492055,0.0078,52.0,6370741.82,6409851.52,5897916.62,6857794.55,699697.1,0.0281,rotation
Ochai Agbaji,1630534,BKN,PG,7.6,2.726,1.655,0.677,0.323,0.881,0.4455,0.7831,0.989,0.4158,1.655,0.323,0.677,0.989,raw_dbb2_flat_file,14.2003,8.809833333333334,5.390466666666667,10.2952,2.6952,0.725,5.0968,3.629055555555555,1.467744444444445,3.4599,0.7339,0.6788,3.2608,1.9996111111111112,1.261188888888889,2.2856,0.6306,0.7009,0.9439,0.7076666666666667,0.2362333333333333,0.7951,0.1181,0.8424,0.5491,0.4147222222222222,0.1343777777777778,0.3902,0.0672,0.7106,1.6469,1.1893333333333334,0.4575666666666667,1.1098,0.2288,0.6739,0.4691,0.4530777777777778,0.0160222222222222,0.4535,0.008,0.9667,0.7828,0.7681388888888888,0.0146611111111112,0.7904,0.0073,1.0097,1.6758,1.0036111111111112,0.6721888888888887,1.3251,0.3361,0.7907,0.4773,0.4118722222222222,0.0654277777777777,0.4485,0.0327,0.9397,60,20.862124106603922,1.0914815063286527,-0.3214782377811167,0.09457485188794626,-0.6986324027973474,-0.36583038343766067,0.6512123175904071,-0.4136162591285704,-0.6340037276343937,0.64567213712733,-0.32329602142079517,-0.33718565275070295,0.584437405330841,-0.044978459251133585,-0.595744146323176,0.0114,60.0,6353477.35,6345859.66,5881918.66,6812466.98,707899.62,0.0065,rotation
Al Horford,201143,GSW,PF,7.702,5.568,2.02,0.645,0.914,0.906,0.447,0.7579,1.155,0.3178,2.02,0.914,0.645,1.155,raw_dbb2_flat_file,14.2003,9.445555555555556,4.754744444444444,10.0794,2.3774,0.7098,5.0968,3.606555555555556,1.490244444444444,6.3131,0.7451,1.2386,3.2608,2.3485555555555555,0.9122444444444446,2.4761,0.4561,0.7594,0.9439,0.7605555555555555,0.1833444444444444,0.7367,0.0917,0.7805,0.5491,0.4103888888888888,0.1387111111111111,0.9834,0.0694,1.7909,1.6469,1.1836111111111112,0.4632888888888888,1.1376,0.2316,0.6908,0.4691,0.4614777777777777,0.0076222222222222,0.4508,0.0038,0.961,0.7828,0.7820055555555556,0.0007944444444444,0.7583,0.0004,0.9687,1.6758,1.1357222222222223,0.5400777777777777,1.425,0.27,0.8503,0.4773,0.3990277777777777,0.0782722222222222,0.3569,0.0391,0.7477,53,22.55206723238482,0.9219833259068166,-0.430569062027803,-0.004595030661933226,0.2696733858942804,-0.05638899207825943,0.3228566420486894,0.6372900028688491,-0.446235031954541,-1.2995920585428147,0.26018015155729896,-1.1904758171880878,-0.0018218775034289372,0.09814105074283763,-0.9615349571488941,-0.0513,53.0,6302414.51,6345859.66,5769932.9,6793802.69,728825.76,-0.0288,rotation
Daniss Jenkins,1642450,DET,PG,8.996,2.516,3.168,0.845,0.233,1.416,0.4217,0.8113,1.051,0.4149,3.168,0.233,0.845,1.051,raw_dbb2_flat_file,14.2003,8.7513125,5.448987500000001,11.7205,2.7245,0.8254,5.0968,3.5715,1.5253,3.2786,0.7626,0.6433,3.2608,2.12,1.1408,3.7384,0.5704,1.1465,0.9439,0.7265625,0.2173374999999999,0.9537,0.1087,1.0104,0.5491,0.4360625,0.1130375,0.2895,0.0565,0.5272,1.6469,1.1275,0.5194000000000001,1.6757,0.2597,1.0175,0.4691,0.4586375,0.0104624999999999,0.4269,0.0052,0.91,0.7828,0.7500125,0.0327875,0.8277,0.0164,1.0574,1.6758,0.86675,0.8090499999999999,1.4555,0.4045,0.8685,0.4773,0.41046875,0.06683125,0.4483,0.0334,0.9392,51,20.939365275760228,1.9317075343871104,-0.041109252867341885,-0.07351098777913932,0.281065615737206,0.17727147578423338,-0.13825383425953175,-0.19372386051170307,0.2612164455824234,-0.28284173946991265,0.5437535356377325,-0.3416820270357175,0.006362460089138127,-0.03470405543332823,0.07915492359441993,-0.0833,51.0,6272333.01,6281867.79,5769932.9,6793802.69,707519.06,-0.0416,rotation
Isaiah Stewart,1630191,DET,PF,8.704,4.999,1.342,0.467,1.014,1.089,0.5068,0.741,0.705,0.3971,1.342,1.014,0.467,0.705,raw_dbb2_flat_file,14.2003,8.7513125,5.448987500000001,11.4285,2.7245,0.8048,5.0968,3.5715,1.5253,5.7616,0.7626,1.1304,3.2608,2.12,1.1408,1.9124,0.5704,0.5865,0.9439,0.7265625,0.2173374999999999,0.5757,0.1087,0.6099,0.5491,0.4360625,0.1130375,1.0705,0.0565,1.9496,1.6469,1.1275,0.5194000000000001,1.3487,0.2597,0.8189,0.4691,0.4586375,0.0104624999999999,0.512,0.0052,1.0915,0.7828,0.7500125,0.0327875,0.7574,0.0164,0.9676,1.6758,0.86675,0.8090499999999999,1.1095,0.4045,0.6621,0.4773,0.41046875,0.06683125,0.4305,0.0334,0.9019,58,22.479850583499196,1.8543258220381862,-0.19194880247051754,-0.24563746028045516,-0.307500925891684,-0.7542677888104048,0.5181822692690514,0.045148326446696814,-0.10976296518001726,-0.04161289112271869,0.24417575280567283,0.07801689797034306,0.4081005607680178,0.08851168634992997,-0.37483221391452515,-0.1525,58.0,6208453.13,6217875.93,5641949.17,6665818.97,700258.47,-0.0809,rotation
Jalen Smith,1630188,CHI,PF,9.073,5.4,1.209,0.499,0.626,0.902,0.4877,0.7378,1.065,0.3915,1.209,0.626,0.499,1.065,raw_dbb2_flat_file,14.2003,8.785941176470587,5.4143588235294136,11.7802,2.7072,0.8296,5.0968,3.529588235294117,1.5672117647058823,6.1836,0.7836,1.2132,3.2608,2.090058823529412,1.1707411764705884,1.7944,0.5854,0.5503,0.9439,0.6158823529411765,0.3280176470588234,0.663,0.164,0.7024,0.5491,0.3896470588235294,0.1594529411764705,0.7057,0.0797,1.2852,1.6469,1.1739411764705885,0.4729588235294117,1.1385,0.2365,0.6913,0.4691,0.4611058823529412,0.0079941176470588,0.4917,0.004,1.0482,0.7828,0.7538823529411764,0.0289176470588236,0.7523,0.0145,0.961,1.6758,0.949,0.7268,1.4284,0.3634,0.8524,0.4773,0.4102058823529412,0.0670941176470588,0.425,0.0335,0.8904,57,19.7164937518596,1.7145897751339345,-0.12974233498382454,-0.06119520225866684,-0.42832151980820665,-0.37585276424694947,-0.2998979696515926,0.6436712443897215,-0.44480052290623634,-0.4588837587473578,0.1534841598797928,-0.016775356559159325,0.3261160731137285,-0.2799541769945696,-0.46276505231632553,-0.2313,57.0,6127346.11,6121888.14,5641949.17,6652487.33,694447.7,-0.1379,rotation
Zach Edey,1641744,MEM,C,10.16,8.073,1.162,0.594,1.329,1.541,0.5781,0.7178,0.212,0.3861,1.162,1.329,0.594,0.212,raw_dbb2_flat_file,14.2003,9.42378947368421,4.776510526315791,12.5483,2.3883,0.8837,5.0968,3.582263157894737,1.514536842105263,8.8303,0.7573,1.7325,3.2608,2.369368421052632,0.8914315789473686,1.6077,0.4457,0.493,0.9439,0.7777894736842105,0.1661105263157895,0.6771,0.0831,0.7173,0.5491,0.3871578947368421,0.1619421052631579,1.41,0.081,2.5678,1.6469,1.2790526315789474,0.3678473684210526,1.7249,0.1839,1.0474,0.4691,0.452621052631579,0.016478947368421,0.5863,0.0082,1.2498,0.7828,0.7797315789473684,0.0030684210526316,0.7193,0.0015,0.9189,1.6758,1.0590526315789477,0.6167473684210525,0.5204,0.3084,0.3105,0.4773,0.410321052631579,0.066978947368421,0.4196,0.0335,0.8791,35,22.879869041128487,2.345423223887268,0.39867302363032625,0.8771923263936178,-0.32503786059824086,0.14962587392849422,1.4489074507256878,-0.4090411341840494,0.7252776171621854,0.9888160087741299,0.5552879542256427,0.1405612235671579,-1.5642583672274395,0.4125809601200107,0.2512871322415176,-0.4672,35.0,6038946.69,6025900.34,5513965.45,6601827.1,732069.6,-0.1975,rotation
Ryan Nembhard,1642948,DAL,PG,7.92,2.502,3.686,0.635,0.158,1.33,0.4283,0.7914,0.971,0.4266,3.686,0.158,0.635,0.971,raw_dbb2_flat_file,14.2003,9.4712,4.729100000000001,10.2846,2.3646,0.7243,5.0968,3.9284,1.1684,3.0862,0.5842,0.6055,3.2608,2.088,1.1728,4.2724,0.5864,1.3102,0.9439,0.6827500000000001,0.2611499999999999,0.7656,0.1306,0.8111,0.5491,0.4574,0.0917,0.2039,0.0459,0.3713,1.6469,1.1912,0.4557,1.5579,0.2279,0.946,0.4691,0.463675,0.005425,0.431,0.0027,0.9188,0.7828,0.755695,0.027105,0.805,0.0136,1.0284,1.6758,0.893,0.7827999999999999,1.3624,0.3914,0.813,0.4773,0.4149949999999999,0.062305,0.4578,0.0312,0.9591,60,20.6793309164134,1.1854474210773802,-0.32356335055743474,-0.25188779722176063,0.6411693753031833,-0.46684869899280523,-0.8093392622471658,-0.3507175898923037,0.07486384546766645,-0.13972493894176657,0.016085306543133907,-0.12810424849756305,0.584437405330841,-0.06929309704955704,-0.5202674217870252,-0.3391,60.0,5936738.35,5897916.62,5385981.72,6409851.52,672781.72,-0.258,rotation
Jamir Watkins,1642364,WAS,SF,8.127,4.184,1.354,0.853,0.503,0.935,0.461,0.7125,0.878,0.3971,1.354,0.503,0.853,0.878,raw_dbb2_flat_file,14.2003,10.083470588235295,4.116829411764705,10.1854,2.0584,0.7173,5.0968,3.858882352941176,1.2379176470588238,4.803,0.619,0.9424,3.2608,2.2964117647058826,0.9643882352941175,1.8362,0.4822,0.5631,0.9439,0.7468823529411764,0.1970176470588235,0.9515,0.0985,1.0081,0.5491,0.4805294117647059,0.0685705882352941,0.5373,0.0343,0.9785,1.6469,1.3768235294117646,0.2700764705882355,1.07,0.135,0.6497,0.4691,0.4529117647058824,0.0161882352941176,0.4691,0.0081,1.0,0.7828,0.7613705882352941,0.0214294117647059,0.7232,0.0107,0.9239,1.6758,1.0793529411764706,0.5964470588235293,1.1762,0.2982,0.7019,0.4773,0.4259705882352941,0.0513294117647058,0.4228,0.0257,0.8858,51,21.2084214803343,1.756131622687549,-0.21863050606613404,0.09613047240365565,-0.29723365470843455,0.6482565882276096,0.1536836852324021,-0.13499728807597322,-0.35164864505995763,0.05505921232483946,-0.4348746299505377,-0.2995263382185723,-0.024649173827532855,0.11000147154936138,-0.11963117529364818,-0.5391,51.0,5857231.13,5833924.76,5335321.5,6345859.66,675497.79,-0.3129,rotation
Scotty Pippen Jr.,1630590,MEM,PG,10.075,2.673,3.624,1.267,0.327,1.833,0.4516,0.7718,1.126,0.4158,3.624,0.327,1.267,1.126,raw_dbb2_flat_file,14.2003,9.42378947368421,4.776510526315791,12.4633,2.3883,0.8777,5.0968,3.582263157894737,1.514536842105263,3.4303,0.7573,0.673,3.2608,2.369368421052632,0.8914315789473686,4.0697,0.4457,1.2481,0.9439,0.7777894736842105,0.1661105263157895,1.3501,0.0831,1.4303,0.5491,0.3871578947368421,0.1619421052631579,0.408,0.081,0.743,1.6469,1.2790526315789474,0.3678473684210526,2.0169,0.1839,1.2247,0.4691,0.452621052631579,0.016478947368421,0.4598,0.0082,0.9802,0.7828,0.7797315789473684,0.0030684210526316,0.7733,0.0015,0.9879,1.6758,1.0590526315789477,0.6167473684210525,1.4344,0.3084,0.8559,0.4773,0.410321052631579,0.066978947368421,0.4493,0.0335,0.9413,35,21.865513790346064,1.997134730245171,0.10500600847690295,0.06713226581985042,0.5044783040222403,1.5346836888709856,0.7907604556532561,-0.22930460906090494,0.8009745708723652,0.8655833184266759,-0.7207905904744366,-0.3192001556106486,-1.021326331451667,0.08848962402612684,0.1317083463132521,-0.836,35.0,5778798.44,5769932.9,5287327.6,6281867.79,668524.61,-0.3594,rotation
Cormac Ryan,1642504,MIL,PG,10.114,2.697,2.46,0.884,0.224,1.262,0.4574,0.8422,1.503,0.4181,2.46,0.224,0.884,1.503,raw_dbb2_flat_file,14.2003,9.941,4.259300000000001,12.2437,2.1297,0.8622,5.0968,3.714555555555555,1.3822444444444448,3.3881,0.6911,0.6648,3.2608,2.2494444444444444,1.0113555555555558,2.9657,0.5057,0.9095,0.9439,0.7022222222222223,0.2416777777777776,1.0048,0.1208,1.0645,0.5491,0.381,0.1681,0.3081,0.0841,0.5611,1.6469,1.2697222222222222,0.3771777777777778,1.4506,0.1886,0.8808,0.4691,0.4623055555555556,0.0067944444444444,0.4608,0.0034,0.9823,0.7828,0.7495888888888889,0.0332111111111111,0.8588,0.0166,1.0971,1.6758,1.103,0.5728,1.7894,0.2864,1.0678,0.4773,0.4165777777777777,0.0607222222222222,0.4485,0.0304,0.9397,28,22.207574941645802,1.7455129250702355,0.06180876643167395,0.028008038384930583,-0.24000587305798218,0.35225574442382196,0.00756613023310842,0.36932883809391026,-0.09487837857574159,0.9004898551408579,1.2666822547937708,-0.33718565275070295,-1.4709401777507691,0.13398963959068946,-0.0704031291857377,-1.1753,28.0,5695201.07,5641949.17,5239333.71,6153884.07,678410.79,-0.4224,rotation
John Konchar,1629723,UTA,PG,5.802,3.499,2.102,0.993,0.448,0.829,0.4407,0.795,0.806,0.3937,2.102,0.448,0.993,0.806,raw_dbb2_flat_file,14.2003,11.249888888888888,2.950411111111112,7.2772,1.4752,0.5125,5.0968,4.457277777777778,0.6395222222222223,3.8188,0.3198,0.7493,3.2608,2.645388888888889,0.6154111111111114,2.4097,0.3077,0.739,0.9439,0.8517222222222222,0.0921777777777778,1.0391,0.0461,1.1009,0.5491,0.4432222222222222,0.1058777777777778,0.5009,0.0529,0.9122,1.6469,1.477666666666667,0.1692333333333333,0.9136,0.0846,0.5547,0.4691,0.45565,0.0134499999999999,0.4474,0.0067,0.9537,0.7828,0.7633666666666667,0.0194333333333333,0.8047,0.0097,1.028,1.6758,1.2035,0.4722999999999999,1.0422,0.2362,0.6219,0.4773,0.4321166666666667,0.0451833333333333,0.4163,0.0226,0.8722,55,19.71896755964002,0.952050556166717,-0.9151452527742917,0.42731620796360487,-0.6149453680367899,0.46971093844217615,1.5190762998127332,-0.8906680963119424,-0.9443804690818922,0.43274226317081976,0.009111717612366454,-1.0611019126379206,0.26328465797433936,-0.19703793891420449,-0.7077399848708841,-0.7148,55.0,5591142.3,5513965.45,5191339.81,6025900.34,692607.88,-0.4842,rotation
Isaiah Jackson,1630543,LAC,SF,7.454,4.575,1.087,0.644,0.741,0.951,0.5436,0.6959,0.346,0.3971,1.087,0.741,0.644,0.346,raw_dbb2_flat_file,14.2003,9.250625,4.949675000000001,9.9288,2.4748,0.6992,5.0968,3.37875,1.71805,5.434,0.859,1.0662,3.2608,2.192375,1.068425,1.6212,0.5342,0.4972,0.9439,0.7555000000000001,0.1883999999999999,0.7382,0.0942,0.7821,0.5491,0.4111875,0.1379125,0.81,0.069,1.4751,1.6469,1.1773125,0.4695875,1.1858,0.2348,0.72,0.4691,0.45813125,0.01096875,0.5491,0.0055,1.1705,0.7828,0.77625,0.00655,0.6992,0.0033,0.8932,1.6758,1.0209375,0.6548624999999999,0.6734,0.3274,0.4018,0.4773,0.4134875,0.0638125,0.429,0.0319,0.8988,47,17.965325463725627,1.8382201079134264,-0.26698605956206173,0.4817853017844409,-0.4883535553253309,-0.10645134542808439,1.5300384578725938,-1.0771750574922654,-0.16068786214631295,2.5600432234396453,-0.8740600564531557,-0.1840556412080486,-0.29670301829437684,-0.2881422492023149,-0.061024843139652465,-0.9161,47.0,5559572.98,5449973.59,5143345.91,5961908.48,700272.33,-0.5174,rotation
Jonas Valančiūnas,202685,DEN,C,7.645,5.378,1.261,0.301,0.571,1.034,0.5567,0.7716,0.144,0.3241,1.261,0.571,0.301,0.144,raw_dbb2_flat_file,14.2003,9.484444444444444,4.715855555555557,10.0029,2.3579,0.7044,5.0968,3.5435,1.5533,6.1546,0.7766,1.2075,3.2608,2.3794444444444443,0.8813555555555559,1.7017,0.4407,0.5219,0.9439,0.6557777777777778,0.2881222222222221,0.4451,0.1441,0.4716,0.5491,0.3534444444444444,0.1956555555555555,0.6688,0.0978,1.218,1.6469,1.0929444444444445,0.5539555555555558,1.311,0.277,0.796,0.4691,0.4566777777777778,0.0124222222222222,0.5629,0.0062,1.2,0.7828,0.7742055555555556,0.0085944444444444,0.7759,0.0043,0.9912,1.6758,1.0026111111111111,0.6731888888888888,0.4806,0.3366,0.2868,0.4773,0.4187833333333333,0.0585166666666666,0.3534,0.0293,0.7404,66,15.050105966681372,1.679171774995031,-0.17537874734495199,-0.23950289050375387,-0.24207861342684978,-0.8594201917482287,-0.8453249835359654,-0.5412406139927735,-0.08846364274128102,0.4671898172119603,1.6150120829319414,-1.380385654521433,0.8387153386224427,-0.7073658623636824,-0.32937744768502925,-0.7213,66.0,5450616.17,5360651.61,5047358.12,5897916.62,698515.21,-0.5836,rotation
Dominick Barlow,1631230,PHI,SF,7.085,4.092,1.108,0.634,0.57,0.735,0.4945,0.7092,0.443,0.408,1.108,0.57,0.634,0.443,raw_dbb2_flat_file,14.2003,9.916666666666666,4.283633333333334,9.2268,2.1418,0.6498,5.0968,3.947611111111111,1.1491888888888888,4.6666,0.5746,0.9156,3.2608,2.145888888888889,1.1149111111111112,1.6655,0.5575,0.5108,0.9439,0.7621666666666667,0.1817333333333333,0.7249,0.0909,0.768,0.5491,0.4476111111111111,0.1014888888888889,0.6207,0.0507,1.1304,1.6469,1.2115,0.4354,0.9527,0.2177,0.5785,0.4691,0.4532722222222222,0.0158277777777778,0.5024,0.0079,1.071,0.7828,0.7502888888888889,0.0325111111111111,0.7255,0.0163,0.9268,1.6758,0.9857777777777778,0.6900222222222222,0.788,0.345,0.4702,0.4773,0.4195222222222222,0.0577777777777777,0.4369,0.0289,0.9154,56,19.268448828808587,1.6450184908731402,-0.399275999367757,0.012765466496303628,-0.44897396650054716,-0.15351002108500286,0.5746150678440339,-0.8624304823627763,-0.5450830132445047,1.0977588069513753,-0.39278602657736855,-0.03692362404947736,0.3154181317560222,-0.1281622848363141,-0.19895939156987127,-0.8711,56.0,5402310.31,5335321.5,4999364.22,5833924.76,659255.57,-0.615,rotation
Malachi Smith,1641869,BKN,PG,8.921,2.85,2.784,0.81,0.265,1.207,0.4456,0.8154,1.218,0.4127,2.784,0.265,0.81,1.218,raw_dbb2_flat_file,14.2003,8.809833333333334,5.390466666666667,11.6162,2.6952,0.818,5.0968,3.629055555555555,1.467744444444445,3.5839,0.7339,0.7032,3.2608,1.9996111111111112,1.261188888888889,3.4146,0.6306,1.0472,0.9439,0.7076666666666667,0.2362333333333333,0.9281,0.1181,0.9833,0.5491,0.4147222222222222,0.1343777777777778,0.3322,0.0672,0.605,1.6469,1.1893333333333334,0.4575666666666667,1.4358,0.2288,0.8718,0.4691,0.4530777777777778,0.0160222222222222,0.4536,0.008,0.967,0.7828,0.7681388888888888,0.0146611111111112,0.8227,0.0073,1.051,1.6758,1.0036111111111112,0.6721888888888887,1.5541,0.3361,0.9274,0.4773,0.4118722222222222,0.0654277777777777,0.4454,0.0327,0.9332,30,22.371776940005837,1.4475956867627535,-0.06162597575130091,0.20953703676780577,0.06271056452472784,0.08960812398044733,0.19650490143056157,-0.02745552842870376,-0.1182910991334529,0.6491627907987478,0.4275270534583051,-0.40687945416841625,-1.3424790788081684,0.1558313291620582,-0.3097007233232875,-1.9706,30.0,5279507.26,5257998.0,4903376.43,5657947.13,664465.64,-0.7049,rotation
Micah Potter,1630695,IND,C,7.345,5.324,1.122,0.466,0.648,0.942,0.5207,0.7444,0.714,0.3433,1.122,0.648,0.466,0.714,raw_dbb2_flat_file,14.2003,9.299555555555555,4.900744444444445,9.7954,2.4504,0.6898,5.0968,3.769944444444444,1.326855555555556,5.9874,0.6634,1.1747,3.2608,2.2429444444444444,1.0178555555555555,1.6309,0.5089,0.5002,0.9439,0.6926111111111112,0.2512888888888888,0.5916,0.1256,0.6268,0.5491,0.4008333333333333,0.1482666666666667,0.7221,0.0741,1.3151,1.6469,1.1437777777777778,0.5031222222222222,1.1936,0.2516,0.7248,0.4691,0.4635222222222223,0.0055777777777777,0.5235,0.0028,1.116,0.7828,0.7666499999999999,0.0161500000000001,0.7525,0.0081,0.9613,1.6758,0.973388888888889,0.702411111111111,1.0652,0.3512,0.6356,0.4773,0.4178944444444444,0.0594055555555555,0.373,0.0297,0.7815,49,19.6327893044636,1.6294718350654989,-0.22217522038548393,-0.3092832994678533,-0.30456281236019533,-0.2222423959652981,-0.6803457758374412,1.400563805509241,-0.3192759740113146,-0.41110385576023645,1.1768929201805725,-0.9300750984710342,-0.47904443555329906,-0.051871999548352664,-0.3726929178270299,-1.2095,49.0,5259005.87,5257998.0,4903376.43,5641949.17,677252.26,-0.7113,rotation
Ty Jerome,1629660,MEM,SG,13.032,2.656,3.709,0.964,0.192,1.405,0.4677,0.8537,1.781,0.4089,3.709,0.192,0.964,1.781,raw_dbb2_flat_file,14.2003,9.42378947368421,4.776510526315791,15.4203,2.3883,1.0859,5.0968,3.582263157894737,1.514536842105263,3.4133,0.7573,0.6697,3.2608,2.369368421052632,0.8914315789473686,4.1547,0.4457,1.2741,0.9439,0.7777894736842105,0.1661105263157895,1.0471,0.0831,1.1093,0.5491,0.3871578947368421,0.1619421052631579,0.273,0.081,0.4972,1.6469,1.2790526315789474,0.3678473684210526,1.5889,0.1839,0.9648,0.4691,0.452621052631579,0.016478947368421,0.4759,0.0082,1.0145,0.7828,0.7797315789473684,0.0030684210526316,0.8552,0.0015,1.0925,1.6758,1.0590526315789477,0.6167473684210525,2.0894,0.3084,1.2468,0.4773,0.410321052631579,0.066978947368421,0.4424,0.0335,0.9269,32,21.785694979551096,2.369848631862219,0.278206834114551,-0.607588475916784,0.6631857397663242,0.19895842434510047,-0.6282872591406732,0.8001507271326439,0.0014806743211085585,0.9097447624810057,1.2091596189888953,-0.4679583900960817,-1.8691350802329132,-0.37789288782173713,-0.008807911555238308,-1.9413,32.0,5201250.55,5239333.71,4855382.53,5577957.31,649470.52,-0.7523,rotation
Nolan Traore,1642849,BKN,PG,8.671,2.323,3.092,0.775,0.338,1.785,0.4036,0.7815,1.081,0.4233,3.092,0.338,0.775,1.081,raw_dbb2_flat_file,14.2003,8.809833333333334,5.390466666666667,11.3662,2.6952,0.8004,5.0968,3.629055555555555,1.467744444444445,3.0569,0.7339,0.5998,3.2608,1.9996111111111112,1.261188888888889,3.7226,0.6306,1.1416,0.9439,0.7076666666666667,0.2362333333333333,0.8931,0.1181,0.9462,0.5491,0.4147222222222222,0.1343777777777778,0.4052,0.0672,0.7379,1.6469,1.1893333333333334,0.4575666666666667,2.0138,0.2288,1.2228,0.4691,0.4530777777777778,0.0160222222222222,0.4116,0.008,0.8774,0.7828,0.7681388888888888,0.0146611111111112,0.7888,0.0073,1.0077,1.6758,1.0036111111111112,0.6721888888888887,1.4171,0.3361,0.8456,0.4773,0.4118722222222222,0.0654277777777777,0.456,0.0327,0.9554,58,21.903003468987233,1.626253513957696,-0.11080316387200792,-0.2790522489715982,0.27041086030435496,-0.030244114813791724,0.768809063148988,-0.2584774502884492,0.7960705550798711,-0.8169117511968972,-0.36048849571821295,-0.16857161706268628,0.4559763063882403,0.09347639599716809,-0.16619647877377652,-1.1004,58.0,5163383.37,5239333.71,4807388.64,5513965.45,674403.5,-0.7773,rotation
Gary Payton II,1627780,GSW,PG,7.058,2.872,1.933,0.826,0.26,0.893,0.5071,0.7416,0.681,0.3816,1.933,0.26,0.826,0.681,raw_dbb2_flat_file,14.2003,9.445555555555556,4.754744444444444,9.4354,2.3774,0.6645,5.0968,3.606555555555556,1.490244444444444,3.6171,0.7451,0.7097,3.2608,2.3485555555555555,0.9122444444444446,2.3891,0.4561,0.7327,0.9439,0.7605555555555555,0.1833444444444444,0.9177,0.0917,0.9722,0.5491,0.4103888888888888,0.1387111111111111,0.3294,0.0694,0.5999,1.6469,1.1836111111111112,0.4632888888888888,1.1246,0.2316,0.6829,0.4691,0.4614777777777777,0.0076222222222222,0.5109,0.0038,1.0891,0.7828,0.7820055555555556,0.0007944444444444,0.742,0.0004,0.9479,1.6758,1.1357222222222223,0.5400777777777777,0.951,0.27,0.5675,0.4773,0.3990277777777777,0.0782722222222222,0.4207,0.0391,0.8814,62,17.653635769741374,0.839820407237049,-0.49060842316585224,0.24031723465499435,-0.6288370111960766,0.053994887310158925,0.1745535089262934,-1.0444578720317148,-0.610591007076682,2.6493073445213793,-1.4483683689176514,-0.9621816783676173,0.7128985042734416,-0.47176258457859593,-0.7978871840767582,-1.0441,62.0,5156450.91,5191339.81,4759394.74,5513965.45,655465.84,-0.7934,rotation
Bogdan Bogdanović,203992,LAC,PG,9.162,2.645,2.578,0.708,0.191,1.216,0.4169,0.8339,1.52,0.3816,2.578,0.191,0.708,1.52,raw_dbb2_flat_file,14.2003,9.250625,4.949675000000001,11.6368,2.4748,0.8195,5.0968,3.37875,1.71805,3.504,0.859,0.6875,3.2608,2.192375,1.068425,3.1122,0.5342,0.9544,0.9439,0.7555000000000001,0.1883999999999999,0.8022,0.0942,0.8499,0.5491,0.4111875,0.1379125,0.26,0.069,0.4735,1.6469,1.1773125,0.4695875,1.4508,0.2348,0.8809,0.4691,0.45813125,0.01096875,0.4224,0.0055,0.9004,0.7828,0.77625,0.00655,0.8372,0.0033,1.0695,1.6758,1.0209375,0.6548624999999999,1.8474,0.3274,1.1024,0.4773,0.4134875,0.0638125,0.4135,0.0319,0.8663,42,22.391235761637102,1.2952317771011683,-0.05757377545015466,0.13546059667183172,-0.14121336224072437,-0.34151750071082937,-0.3695274338580737,0.46713373931920366,-0.09456199046009653,-0.439921154683732,0.7645838517786459,-1.124051152628114,-0.5717124851525647,0.15841968707328663,-0.4320847693843531,-1.6234,42.0,5112891.12,5143345.91,4711400.84,5513965.45,687431.68,-0.8203,rotation
Taylor Hendricks,1641707,MEM,SF,7.891,4.241,1.064,0.738,0.568,0.9,0.461,0.7182,0.958,0.408,1.064,0.568,0.738,0.958,raw_dbb2_flat_file,14.2003,9.42378947368421,4.776510526315791,10.2793,2.3883,0.7239,5.0968,3.582263157894737,1.514536842105263,4.9983,0.7573,0.9807,3.2608,2.369368421052632,0.8914315789473686,1.5097,0.4457,0.463,0.9439,0.7777894736842105,0.1661105263157895,0.8211,0.0831,0.8699,0.5491,0.3871578947368421,0.1619421052631579,0.649,0.081,1.1819,1.6469,1.2790526315789474,0.3678473684210526,1.0839,0.1839,0.6581,0.4691,0.452621052631579,0.016478947368421,0.4692,0.0082,1.0002,0.7828,0.7797315789473684,0.0030684210526316,0.7197,0.0015,0.9194,1.6758,1.0590526315789477,0.6167473684210525,1.2664,0.3084,0.7557,0.4773,0.410321052631579,0.066978947368421,0.4415,0.0335,0.925,47,20.557274515830926,1.4241111524995251,-0.20093531326306463,0.2154940035891826,-0.5874692247150236,0.18686927201240824,0.7174490981546955,0.0340250563976736,-0.3287267548829311,0.05819044233873261,-0.4989225046488355,0.04874818340994354,-0.29670301829437684,0.030062402870589103,-0.35667418935612594,-1.496,47.0,5021510.74,5095352.02,4663406.95,5385981.72,706401.32,-0.8753,rotation
Caleb Love,1631126,POR,PG,9.417,2.565,2.546,0.707,0.189,1.262,0.4129,0.7731,1.423,0.4149,2.546,0.189,0.707,1.423,raw_dbb2_flat_file,14.2003,9.020555555555555,5.179744444444445,12.0069,2.5899,0.8455,5.0968,3.588833333333333,1.5079666666666665,3.319,0.754,0.6512,3.2608,2.1012222222222223,1.1595777777777778,3.1258,0.5798,0.9586,0.9439,0.7107777777777778,0.2331222222222221,0.8236,0.1166,0.8726,0.5491,0.4397777777777778,0.1093222222222222,0.2437,0.0547,0.4438,1.6469,1.2561666666666669,0.3907333333333334,1.4574,0.1954,0.8849,0.4691,0.4412666666666667,0.0278333333333333,0.4268,0.0139,0.9098,0.7828,0.7468,0.036,0.7911,0.018,1.0106,1.6758,1.005111111111111,0.6706888888888889,1.7583,0.3353,1.0492,0.4773,0.4309944444444444,0.0463055555555555,0.4381,0.0232,0.9179,51,21.261650743934176,1.3986267463010933,0.015228133843740152,-0.036055566253765645,-0.13204218034915652,-0.26823641756235195,-0.4973158973650648,0.3168851755403474,-0.08412118264381992,-0.28633239314133047,-0.30702431391567453,-0.5709971155714196,0.006362460089138127,0.008165454192152078,-0.34903429699130684,-1.4238,51.0,4993186.34,5047358.12,4615413.05,5335321.5,667209.05,-0.8937,minimum
Josh Green,1630182,CHA,PG,7.16,2.412,1.839,0.8,0.182,0.977,0.4412,0.7783,1.153,0.4158,1.839,0.182,0.8,1.153,raw_dbb2_flat_file,14.2003,8.990764705882352,5.209535294117648,9.7648,2.6048,0.6876,5.0968,3.619529411764706,1.477270588235294,3.1506,0.7386,0.6182,3.2608,1.9743529411764704,1.2864470588235295,2.4822,0.6432,0.7612,0.9439,0.615,0.3288999999999999,0.9644,0.1644,1.0217,0.5491,0.3798235294117646,0.1692764705882353,0.2666,0.0846,0.4855,1.6469,1.1689411764705882,0.4779588235294119,1.216,0.239,0.7384,0.4691,0.4548999999999999,0.0142,0.4483,0.0071,0.9557,0.7828,0.7540470588235294,0.0287529411764706,0.7927,0.0144,1.0126,1.6758,1.0884705882352943,0.5873294117647057,1.4467,0.2937,0.8633,0.4773,0.4224823529411765,0.0548176470588235,0.4432,0.0274,0.9286,58,21.569300127084986,1.1267584192540185,-0.4258125600980087,-0.19218163023576892,-0.5660548763354164,0.2139120173584723,-0.3177848658122982,-0.2085632248355406,-0.4660016382270319,0.46415814621358203,-0.26983183961825935,-0.45633957130356856,0.4559763063882403,0.0490881128121129,-0.567408490287968,-1.3379,58.0,4936918.83,4999364.22,4519425.26,5325322.77,695452.79,-0.9266,minimum
Noah Clowney,1641730,BKN,PF,9.228,4.107,1.24,0.635,0.59,1.136,0.425,0.7693,1.233,0.4089,1.24,0.59,0.635,1.233,raw_dbb2_flat_file,14.2003,8.809833333333334,5.390466666666667,11.9232,2.6952,0.8396,5.0968,3.629055555555555,1.467744444444445,4.8409,0.7339,0.9498,3.2608,1.9996111111111112,1.261188888888889,1.8706,0.6306,0.5737,0.9439,0.7076666666666667,0.2362333333333333,0.7531,0.1181,0.7979,0.5491,0.4147222222222222,0.1343777777777778,0.6572,0.0672,1.1969,1.6469,1.1893333333333334,0.4575666666666667,1.3648,0.2288,0.8287,0.4691,0.4530777777777778,0.0160222222222222,0.433,0.008,0.923,0.7828,0.7681388888888888,0.0146611111111112,0.7766,0.0073,0.9921,1.6758,1.0036111111111112,0.6721888888888887,1.5691,0.3361,0.9363,0.4773,0.4118722222222222,0.0654277777777777,0.4416,0.0327,0.9252,56,22.40669828004472,2.173842300536535,-0.104449401089605,-0.6480450123199342,-0.35030008543160474,0.014699282868368902,-0.40866137860896984,0.9077420332093628,-0.08410119220479303,-1.665474888282646,0.5856029261736921,0.2693249025662477,0.2441315854594391,0.07875756182305872,-0.17376748156411578,-1.3186,56.0,4934412.48,4999364.22,4519425.26,5325322.77,702930.25,-0.9257,minimum
Jared McCain,1642272,OKC,PG,9.855,2.426,2.163,0.672,0.15,1.196,0.4384,0.8233,1.417,0.4259,2.163,0.15,0.672,1.417,raw_dbb2_flat_file,14.2003,10.152375,4.047925000000001,11.879,2.024,0.8365,5.0968,3.7781875,1.3186125,3.0853,0.6593,0.6053,3.2608,2.4305,0.8303000000000003,2.5782,0.4152,0.7907,0.9439,0.8349375,0.1089624999999999,0.7265,0.0545,0.7697,0.5491,0.4696875,0.0794125,0.1897,0.0397,0.3455,1.6469,1.19125,0.4556500000000001,1.4238,0.2278,0.8645,0.4691,0.4647125,0.0043875,0.4406,0.0022,0.9392,0.7828,0.774775,0.008025,0.8273,0.004,1.0568,1.6758,1.098375,0.5774250000000001,1.7057,0.2887,1.0178,0.4773,0.421575,0.055725,0.4538,0.0279,0.9508,54,20.95951277774209,1.57602421535964,-0.009930915598813624,-0.2527222001765335,-0.5013171218067016,-0.600740771474369,-0.9206641813759555,0.22818624787740865,-0.13727438607213785,0.1953778135143809,0.5344554170633794,-0.21803173419783858,0.19905410850303906,-0.03202409119220174,-0.20654241638389137,-1.4239,54.0,4904466.96,4951370.33,4519425.26,5321989.86,721337.72,-0.9516,minimum
Lonzo Ball,1628366,CLE,PG,7.408,3.192,3.102,1.068,0.277,1.272,0.3909,0.7897,1.332,0.4089,3.102,0.277,1.068,1.332,raw_dbb2_flat_file,14.2003,9.61441176470588,4.585888235294119,9.7009,2.2929,0.6831,5.0968,3.805411764705883,1.291388235294117,3.8377,0.6457,0.753,3.2608,2.461058823529412,0.7997411764705884,3.5019,0.3999,1.0739,0.9439,0.7529411764705882,0.1909588235294117,1.1635,0.0955,1.2327,0.5491,0.4275294117647059,0.1215705882352941,0.3378,0.0608,0.6152,1.6469,1.1886470588235294,0.4582529411764706,1.5011,0.2291,0.9115,0.4691,0.4603,0.0088,0.3953,0.0044,0.8427,0.7828,0.773,0.0098,0.7946,0.0049,1.0151,1.6758,1.1414705882352942,0.5343294117647057,1.5992,0.2672,0.9543,0.4773,0.4022529411764706,0.0750470588235294,0.4464,0.0375,0.9353,43,21.650320226074776,1.1397523992787966,-0.43838224938166115,0.4448386700138415,0.12158146004927799,0.8957000386137,0.24040768643909835,0.04859621373096413,-0.01499037937544217,-1.3858882996380657,-0.22566577639007665,-0.38439758274334734,-0.5074819356812644,0.059865179284205546,-0.556971268944665,-2.1791,43.0,4622452.16,4711400.84,4231461.88,5143345.91,734391.24,-1.1281,minimum
Ben Sheppard,1641767,IND,PG,7.075,2.664,1.901,0.683,0.171,0.794,0.4279,0.7905,1.097,0.4149,1.901,0.171,0.683,1.097,raw_dbb2_flat_file,14.2003,9.299555555555555,4.900744444444445,9.5254,2.4504,0.6708,5.0968,3.769944444444444,1.326855555555556,3.3274,0.6634,0.6528,3.2608,2.2429444444444444,1.0178555555555555,2.4099,0.5089,0.7391,0.9439,0.6926111111111112,0.2512888888888888,0.8086,0.1256,0.8567,0.5491,0.4008333333333333,0.1482666666666667,0.2451,0.0741,0.4464,1.6469,1.1437777777777778,0.5031222222222222,1.0456,0.2516,0.6349,0.4691,0.4635222222222223,0.0055777777777777,0.4307,0.0028,0.9181,0.7828,0.7666499999999999,0.0161500000000001,0.7986,0.0081,1.0202,1.6758,0.973388888888889,0.702411111111111,1.4482,0.3512,0.8642,0.4773,0.4178944444444444,0.0594055555555555,0.4446,0.0297,0.9315,61,20.381236358703703,1.0495825928861189,-0.47290463544239775,-0.028267805342549367,-0.6148104977148551,-0.31960166275988294,-0.4863402011129305,-0.20603378773488673,-0.7355643127563578,-0.15019689995602004,-0.13268459064653473,-0.42486495130847185,0.6486679548021412,-0.10894479957106742,-0.6293988258601405,-1.5859,61.0,4562577.1,4615413.05,4123475.61,5095352.02,774450.72,-1.1705,minimum
Gui Santos,1630611,GSW,SF,7.21,3.729,1.514,0.638,0.355,1.021,0.4781,0.7285,0.784,0.3889,1.514,0.355,0.638,0.784,raw_dbb2_flat_file,14.2003,9.445555555555556,4.754744444444444,9.5874,2.3774,0.6752,5.0968,3.606555555555556,1.490244444444444,4.4741,0.7451,0.8778,3.2608,2.3485555555555555,0.9122444444444446,1.9701,0.4561,0.6042,0.9439,0.7605555555555555,0.1833444444444444,0.7297,0.0917,0.7731,0.5491,0.4103888888888888,0.1387111111111111,0.4244,0.0694,0.7729,1.6469,1.1836111111111112,0.4632888888888888,1.2526,0.2316,0.7606,0.4691,0.4614777777777777,0.0076222222222222,0.4819,0.0038,1.0273,0.7828,0.7820055555555556,0.0007944444444444,0.7289,0.0004,0.9311,1.6758,1.1357222222222223,0.5400777777777777,1.054,0.27,0.629,0.4773,0.3990277777777777,0.0782722222222222,0.428,0.0391,0.8967,58,18.305831128692546,1.4627106272881862,-0.33132193627098533,-0.10488675958262045,-0.17820595846377218,-0.13652643889303218,-0.41613829434617366,-0.36398321373760967,-0.05053086474880459,0.45585665410320764,-0.3305680911561649,-0.20267994717748797,0.4514450539894442,-0.24633954225418098,-0.3291164431727315,-1.7333,58.0,4519859.87,4615413.05,4135474.09,5047358.12,740023.76,-1.1952,minimum
Dorian Finney-Smith,1627827,HOU,SF,6.785,3.697,1.421,0.655,0.329,0.865,0.4259,0.7543,1.121,0.3744,1.421,0.329,0.655,1.121,raw_dbb2_flat_file,14.2003,8.824733333333334,5.375566666666666,9.4728,2.6878,0.6671,5.0968,4.1628,0.9340000000000002,4.164,0.467,0.817,3.2608,1.8478666666666668,1.4129333333333334,2.1275,0.7065,0.6524,0.9439,0.6666000000000001,0.2772999999999999,0.7936,0.1386,0.8408,0.5491,0.4863333333333333,0.0627666666666666,0.3604,0.0314,0.6563,1.6469,1.1314666666666668,0.5154333333333332,1.1227,0.2577,0.6817,0.4691,0.4574066666666666,0.0116933333333333,0.4317,0.0058,0.9203,0.7828,0.7326733333333333,0.0501266666666667,0.7794,0.0251,0.9957,1.6758,0.7818666666666666,0.8939333333333334,1.568,0.447,0.9357,0.4773,0.4135466666666667,0.0637533333333333,0.4063,0.0319,0.8512,48,22.383403917981678,0.9322638225535766,-0.3529179862734538,-0.29441380013885116,-0.03828841261679788,0.08956749903757637,-0.7391551826812387,0.5991818090944792,-0.26474334920892933,-1.1160208128713336,0.5935512437764302,-0.6068273867143219,-0.22868955717766587,0.2542500158869399,-0.7078241455107722,-2.013,48.0,4505555.02,4567419.16,4087480.19,5047358.12,755164.29,-1.2054,minimum
Nikola Jović,1631107,MIA,SF,8.453,4.005,1.853,0.658,0.422,1.168,0.4357,0.7254,1.023,0.408,1.853,0.422,0.658,1.023,raw_dbb2_flat_file,14.2003,10.5542,3.646100000000001,10.276,1.823,0.7236,5.0968,3.9381333333333335,1.1586666666666663,4.5843,0.5793,0.8994,3.2608,2.4346,0.8262,2.2661,0.4131,0.695,0.9439,0.7641333333333333,0.1797666666666666,0.7479,0.0899,0.7924,0.5491,0.3908666666666667,0.1582333333333333,0.5011,0.0791,0.9126,1.6469,1.2644666666666666,0.3824333333333334,1.3592,0.1912,0.8253,0.4691,0.4581266666666667,0.0109733333333333,0.4412,0.0055,0.9405,0.7828,0.7705466666666667,0.0122533333333333,0.7315,0.0061,0.9345,1.6758,1.1222666666666667,0.5535333333333332,1.2998,0.2768,0.7756,0.4773,0.4400866666666667,0.0372133333333333,0.4266,0.0186,0.8938,51,20.67611892631671,1.8661102207395182,-0.2015571890484759,-0.037534680029906564,0.08491725354832677,-0.07213035641514365,-0.029022742232119137,0.09661204426263831,0.12525859516997387,-0.8185539615514501,-0.2829896699517136,-0.2287539755347033,-0.024649173827532855,0.04465252155317743,-0.04111294914379296,-1.9365,51.0,4499571.78,4615413.05,4087480.19,5047358.12,739400.61,-1.2078,minimum
Goga Bitadze,1629048,ORL,PF,6.894,5.696,1.355,0.584,1.073,0.94,0.5803,0.6702,0.087,0.3734,1.355,1.073,0.584,0.087,raw_dbb2_flat_file,14.2003,9.959933333333334,4.240366666666667,9.0142,2.1202,0.6348,5.0968,3.8836,1.2132,6.3026,0.6066,1.2366,3.2608,2.1512666666666664,1.1095333333333337,1.9098,0.5548,0.5857,0.9439,0.7268000000000001,0.2170999999999998,0.6925,0.1085,0.7337,0.5491,0.4478,0.1013,1.1236,0.0506,2.0463,1.6469,1.2436666666666667,0.4032333333333333,1.1416,0.2016,0.6932,0.4691,0.4565933333333333,0.0125066666666666,0.5866,0.0063,1.2505,0.7828,0.7623666666666666,0.0204333333333334,0.6804,0.0102,0.8692,1.6758,0.9354666666666668,0.7403333333333333,0.4572,0.3702,0.2728,0.4773,0.4337466666666666,0.0435533333333333,0.3952,0.0218,0.828,63,18.780570107545348,1.827032319536327,-0.6189748884902003,-0.009184233764371254,-0.31016307457120074,-0.24798056236124597,0.63726138299352,-1.1791116276901328,-0.43985943618429896,1.4918061593599465,-1.125089473722321,-0.5303770265553717,0.8180229990394646,-0.40475018946689495,-0.3920074181519802,-1.5931,63.0,4459878.16,4567419.16,4039486.29,5047358.12,767240.07,-1.2294,minimum
Cole Anthony,1630175,MIL,PG,8.585,2.784,2.901,0.714,0.323,1.488,0.4287,0.7821,0.983,0.4158,2.901,0.323,0.714,0.983,raw_dbb2_flat_file,14.2003,9.941,4.259300000000001,10.7147,2.1297,0.7545,5.0968,3.714555555555555,1.3822444444444448,3.4751,0.6911,0.6818,3.2608,2.2494444444444444,1.0113555555555558,3.4067,0.5057,1.0447,0.9439,0.7022222222222223,0.2416777777777776,0.8348,0.1208,0.8844,0.5491,0.381,0.1681,0.4071,0.0841,0.7414,1.6469,1.2697222222222222,0.3771777777777778,1.6766,0.1886,1.018,0.4691,0.4623055555555556,0.0067944444444444,0.4321,0.0034,0.9211,0.7828,0.7495888888888889,0.0332111111111111,0.7987,0.0166,1.0203,1.6758,1.103,0.5728,1.2694,0.2864,0.7575,0.4773,0.4165777777777777,0.0607222222222222,0.4462,0.0304,0.9348,50,19.306450451357982,1.5082372891929259,-0.23895891611457012,0.1086669906796707,0.05738318680830218,-0.2298837011481955,0.7837046509197416,-0.5075426901328608,0.26264019210282497,-0.10132774855616669,-0.13036006100294645,-0.3888939570283619,-0.05786808938216219,-0.25190980839181704,-0.2609912574037332,-2.0334,50.0,4440245.99,4519425.26,3991492.4,4999364.22,764201.24,-1.2374,minimum
Brandon Williams,1630314,DAL,PG,9.332,2.367,2.737,0.748,0.224,1.326,0.4542,0.793,0.806,0.4127,2.737,0.224,0.748,0.806,raw_dbb2_flat_file,14.2003,9.4712,4.729100000000001,11.6966,2.3646,0.8237,5.0968,3.9284,1.1684,2.9512,0.5842,0.579,3.2608,2.088,1.1728,3.3234,0.5864,1.0192,0.9439,0.6827500000000001,0.2611499999999999,0.8786,0.1306,0.9308,0.5491,0.4574,0.0917,0.2699,0.0459,0.4915,1.6469,1.1912,0.4557,1.5539,0.2279,0.9435,0.4691,0.463675,0.005425,0.4569,0.0027,0.974,0.7828,0.755695,0.027105,0.8066,0.0136,1.0304,1.6758,0.893,0.7827999999999999,1.1974,0.3914,0.7145,0.4773,0.4149949999999999,0.062305,0.4439,0.0312,0.93,51,19.46446180796028,2.4370686095015346,-0.04581059205168135,-0.3770482404377369,0.0012096977224484913,-0.07989718517140486,-0.2919135817894106,-0.62895567096426,0.06853608315477147,0.7643543619555475,0.05327778084054913,-0.4406022613060196,0.006362460089138127,-0.23089158063498463,0.48507869669556913,-2.0403,51.0,4437003.74,4519425.26,4039486.29,4951370.33,744620.27,-1.2485,minimum
Mouhamed Gueye,1631243,ATL,SF,6.495,4.031,1.055,0.745,0.611,0.703,0.4533,0.711,0.644,0.3889,1.055,0.611,0.745,0.644,raw_dbb2_flat_file,14.2003,9.143944444444443,5.056355555555555,9.0232,2.5282,0.6354,5.0968,3.657666666666666,1.4391333333333338,4.7506,0.7196,0.9321,3.2608,2.035888888888889,1.224911111111111,1.6675,0.6125,0.5114,0.9439,0.709111111111111,0.2347888888888889,0.8624,0.1174,0.9137,0.5491,0.4205,0.1286,0.6753,0.0643,1.2298,1.6469,1.1113888888888888,0.5355111111111113,0.9708,0.2678,0.5895,0.4691,0.4601722222222222,0.0089277777777778,0.4578,0.0045,0.9759,0.7828,0.7444944444444445,0.0383055555555555,0.7302,0.0192,0.9328,1.6758,1.0002222222222223,0.6755777777777776,0.9818,0.3378,0.5859,0.4773,0.4212388888888889,0.0560611111111111,0.4169,0.028,0.8735,53,18.218485821096287,1.3350795535313238,-0.4376438508555629,0.06410461969437993,-0.44719610695992484,0.33299884378915534,0.8501888507048863,-0.4992760437930121,-0.5152350843089523,-0.2987697792451278,-0.30677888055394026,-0.4094097434382648,0.11137774840588915,-0.25706262463548507,-0.42023749481820427,-1.9052,53.0,4434833.35,4519425.26,3991492.4,4999364.22,765438.5,-1.2456,minimum
Dru Smith,1630696,MIA,PG,7.303,2.57,2.375,1.162,0.284,1.065,0.4408,0.809,0.978,0.4089,2.375,0.284,1.162,0.978,raw_dbb2_flat_file,14.2003,10.5542,3.646100000000001,9.126,1.823,0.6427,5.0968,3.9381333333333335,1.1586666666666663,3.1493,0.5793,0.6179,3.2608,2.4346,0.8262,2.7881,0.4131,0.855,0.9439,0.7641333333333333,0.1797666666666666,1.2519,0.0899,1.3263,0.5491,0.3908666666666667,0.1582333333333333,0.3631,0.0791,0.6613,1.6469,1.2644666666666666,0.3824333333333334,1.2562,0.1912,0.7628,0.4691,0.4581266666666667,0.0109733333333333,0.4463,0.0055,0.9514,0.7828,0.7705466666666667,0.0122533333333333,0.8151,0.0061,1.0413,1.6758,1.1222666666666667,0.5535333333333332,1.2548,0.2768,0.7488,0.4773,0.4400866666666667,0.0372133333333333,0.4275,0.0186,0.8957,47,19.616069370792502,1.4075950400640622,-0.5514701111840392,-0.1933868789482187,-0.3597707189361049,1.1984125503111493,0.43875419728123777,-0.5321625445792282,-0.40240762698243737,0.3943450727852179,0.250862800545577,-0.8093049526771495,-0.2505597377960631,-0.21072516757591478,-0.34183064830958043,-2.162,47.0,4427420.96,4471431.36,3991492.4,4999364.22,742764.2,-1.2472,minimum
Jarred Vanderbilt,1629020,LAL,SF,6.428,4.584,1.324,0.817,0.347,0.933,0.4788,0.6887,0.58,0.385,1.324,0.347,0.817,0.58,raw_dbb2_flat_file,14.2003,9.564941176470589,4.635358823529414,8.7457,2.3177,0.6159,5.0968,3.6745882352941175,1.4222117647058825,5.2951,0.7111,1.0389,3.2608,2.2321764705882354,1.0286235294117647,1.8383,0.5143,0.5638,0.9439,0.6849411764705883,0.2589588235294117,0.9465,0.1295,1.0028,0.5491,0.3651176470588235,0.1839823529411764,0.439,0.092,0.7995,1.6469,1.2188823529411763,0.4280176470588235,1.147,0.214,0.6965,0.4691,0.4649647058823529,0.004135294117647,0.4809,0.0021,1.0252,0.7828,0.744035294117647,0.038764705882353,0.7081,0.0194,0.9046,1.6758,0.9627058823529412,0.7130941176470588,0.9365,0.3565,0.5588,0.4773,0.4305176470588235,0.0467823529411764,0.4084,0.0234,0.8556,54,19.529036943732677,1.3851218288791496,-0.48993795099242954,0.3968923448890507,-0.2953669021907811,0.6305653567776401,-0.34245006669473693,-0.5841619884122604,-0.22467126782031477,0.42454435396427254,-0.7111954607917692,-0.5677163441784995,0.17939120952260015,-0.09617078007413433,-0.384510264589672,-1.9638,54.0,4386354.18,4471431.36,3991492.4,4903376.43,751224.89,-1.2811,minimum
Kasparas Jakučionis,1642857,MIA,PG,7.559,2.676,2.582,0.701,0.223,1.218,0.4252,0.8133,1.147,0.4233,2.582,0.223,0.701,1.147,raw_dbb2_flat_file,14.2003,10.5542,3.646100000000001,9.382,1.823,0.6607,5.0968,3.9381333333333335,1.1586666666666663,3.2553,0.5793,0.6387,3.2608,2.4346,0.8262,2.9951,0.4131,0.9185,0.9439,0.7641333333333333,0.1797666666666666,0.7909,0.0899,0.8379,0.5491,0.3908666666666667,0.1582333333333333,0.3021,0.0791,0.5502,1.6469,1.2644666666666666,0.3824333333333334,1.4092,0.1912,0.8557,0.4691,0.4581266666666667,0.0109733333333333,0.4307,0.0055,0.9181,0.7828,0.7705466666666667,0.0122533333333333,0.8194,0.0061,1.0468,1.6758,1.1222666666666667,0.5535333333333332,1.4238,0.2768,0.8496,0.4773,0.4400866666666667,0.0372133333333333,0.4419,0.0186,0.9258,56,20.11551706464427,1.4485752879010452,-0.5011126705484352,-0.09511275316382255,-0.22017993573356331,-0.3802126520929693,-0.03947256799032392,-0.2471792979055275,-0.16037071851420442,-0.15019689995602004,0.3508175752198838,-0.48556600415615736,0.3275152074456397,-0.14429003526816211,-0.3089138732674151,-1.9422,56.0,4293136.7,4375443.57,3556881.0,4855382.53,744643.42,-1.3376,minimum
Tyrese Martin,1631213,PHI,SF,8.099,3.629,1.661,0.586,0.283,1.018,0.4349,0.7469,1.148,0.385,1.661,0.283,0.586,1.148,raw_dbb2_flat_file,14.2003,9.916666666666666,4.283633333333334,10.2408,2.1418,0.7212,5.0968,3.947611111111111,1.1491888888888888,4.2036,0.5746,0.8248,3.2608,2.145888888888889,1.1149111111111112,2.2185,0.5575,0.6804,0.9439,0.7621666666666667,0.1817333333333333,0.6769,0.0909,0.7171,0.5491,0.4476111111111111,0.1014888888888889,0.3337,0.0507,0.6077,1.6469,1.2115,0.4354,1.2357,0.2177,0.7503,0.4691,0.4532722222222222,0.0158277777777778,0.4428,0.0079,0.9439,0.7828,0.7502888888888889,0.0325111111111111,0.7632,0.0163,0.975,1.6758,0.9857777777777778,0.6900222222222222,1.493,0.345,0.8909,0.4773,0.4195222222222222,0.0577777777777777,0.4139,0.0289,0.8672,51,20.369896052214532,1.2881819578958627,-0.20819053075953065,-0.27021105648832955,0.042604196481516546,-0.3233458430047091,-0.8739137907835237,0.4586421656851278,-0.07839992546763518,-0.7684542813291525,0.29710108088716214,-0.4652826613465829,-0.024649173827532855,0.007058594685169699,-0.45371960938607286,-2.1237,51.0,4271888.74,4375443.57,3524885.07,4855382.53,760546.89,-1.3384,minimum
Tyler Burton,1631174,MEM,SF,8.955,4.259,1.329,0.741,0.451,0.987,0.451,0.753,1.052,0.3915,1.329,0.451,0.741,1.052,raw_dbb2_flat_file,14.2003,9.42378947368421,4.776510526315791,11.3433,2.3883,0.7988,5.0968,3.582263157894737,1.514536842105263,5.0163,0.7573,0.9842,3.2608,2.369368421052632,0.8914315789473686,1.7747,0.4457,0.5443,0.9439,0.7777894736842105,0.1661105263157895,0.8241,0.0831,0.8731,0.5491,0.3871578947368421,0.1619421052631579,0.532,0.081,0.9689,1.6469,1.2790526315789474,0.3678473684210526,1.1709,0.1839,0.711,0.4691,0.452621052631579,0.016478947368421,0.4592,0.0082,0.9789,0.7828,0.7797315789473684,0.0030684210526316,0.7545,0.0015,0.9638,1.6758,1.0590526315789477,0.6167473684210525,1.3604,0.3084,0.8118,0.4773,0.410321052631579,0.066978947368421,0.425,0.0335,0.8904,29,22.03813195088047,1.8266741159552615,-0.0004274842698171278,0.2264952507030559,-0.3519028355825701,0.19748401088238987,0.12693384916715467,0.21016807613739427,-0.18525880917060736,-0.25493255905061835,0.1378963637799618,-0.2585528650858061,-1.5209453183951749,0.21186216645265876,-0.06926799975151623,-3.9211,29.0,4201460.36,4279455.78,3492889.14,4759394.74,759533.8,-1.3887,minimum
Dylan Cardwell,1642928,SAC,C,7.37,6.819,1.348,0.629,1.196,1.049,0.5557,0.6308,0.195,0.3723,1.348,1.196,0.629,0.195,raw_dbb2_flat_file,14.2003,11.1313125,3.0689875000000004,8.9045,1.5345,0.6271,5.0968,4.452625,0.6441749999999997,7.1411,0.3221,1.4011,3.2608,2.650875,0.609925,1.653,0.305,0.5069,0.9439,0.7828125,0.1610874999999999,0.7095,0.0805,0.7517,0.5491,0.4605,0.0886,1.2403,0.0443,2.2588,1.6469,1.4098125,0.2370875000000001,1.1675,0.1185,0.7089,0.4691,0.4689375,0.0001625,0.5558,0.0001,1.1848,0.7828,0.76156875,0.02123125,0.6414,0.0106,0.8194,1.6758,1.0809375,0.5948625000000001,0.4924,0.2974,0.2938,0.4773,0.41033125,0.06696875,0.4058,0.0335,0.8502,50,21.30270822342591,1.7637624842751602,-0.42309559547854425,0.17220986932330332,-0.2850585638230917,0.2905443762040365,0.9236359395354524,-0.5020457933459659,-0.3705894479989456,0.3089186223362599,-0.9032369508312615,-0.17649416793771414,-0.4015291547194319,0.18698840648370404,-0.25565328730758646,-2.3603,50.0,4142894.48,4231461.88,3452894.23,4711400.84,787593.39,-1.4169,minimum
DeJon Jarreau,1630610,MEM,PG,8.803,3.261,2.793,0.872,0.358,1.519,0.4272,0.804,1.028,0.4089,2.793,0.358,0.872,1.028,raw_dbb2_flat_file,14.2003,9.42378947368421,4.776510526315791,11.1913,2.3883,0.7881,5.0968,3.582263157894737,1.514536842105263,4.0183,0.7573,0.7884,3.2608,2.369368421052632,0.8914315789473686,3.2387,0.4457,0.9932,0.9439,0.7777894736842105,0.1661105263157895,0.9551,0.0831,1.0119,0.5491,0.3871578947368421,0.1619421052631579,0.439,0.081,0.7995,1.6469,1.2790526315789474,0.3678473684210526,1.7029,0.1839,1.034,0.4691,0.452621052631579,0.016478947368421,0.4354,0.0082,0.9282,0.7828,0.7797315789473684,0.0030684210526316,0.8055,0.0015,1.029,1.6758,1.0590526315789477,0.6167473684210525,1.3364,0.3084,0.7975,0.4773,0.410321052631579,0.066978947368421,0.4424,0.0335,0.9269,27,21.54521590669501,1.7311093440121386,-0.1452075246812544,0.6122755296049922,-0.05590788361694885,0.1820655653360028,1.0337937298076565,-0.39456116630364235,0.30424522931010944,0.013863822600634916,0.027707954761075355,-0.4743250684436229,-1.5351707272220694,0.04588449732277587,-0.08197259161009857,-3.9846,27.0,4138902.98,4231461.88,3460893.21,4711400.84,754207.63,-1.4283,minimum
John Poulakidas,1642967,DAL,PG,8.992,2.674,2.253,0.761,0.275,1.102,0.4368,0.7972,1.38,0.4266,2.253,0.275,0.761,1.38,raw_dbb2_flat_file,14.2003,9.4712,4.729100000000001,11.3566,2.3646,0.7997,5.0968,3.9284,1.1684,3.2582,0.5842,0.6393,3.2608,2.088,1.1728,2.8394,0.5864,0.8708,0.9439,0.6827500000000001,0.2611499999999999,0.8916,0.1306,0.9446,0.5491,0.4574,0.0917,0.3209,0.0459,0.5844,1.6469,1.1912,0.4557,1.3298,0.2278,0.8075,0.4691,0.463675,0.005425,0.4395,0.0027,0.9369,0.7828,0.755695,0.027105,0.8108,0.0136,1.0358,1.6758,0.893,0.7827999999999999,1.7714,0.3914,1.057,0.4773,0.4149949999999999,0.062305,0.4578,0.0312,0.9591,29,21.199055729709038,1.4790630406939518,-0.11269156789584286,-0.09242412142066463,-0.3251764813598229,-0.035380639333545016,0.10791535310976426,0.33897559288606044,-0.2859768004251696,0.156980623128781,0.15090802587126764,-0.12810424849756305,-1.4067096282794689,-0.0001607591491932232,-0.2844250389339246,-4.1932,29.0,4086738.95,4183467.98,3396901.34,4663406.95,768330.45,-1.4544,minimum
Bruce Brown,1628971,DEN,SG,8.645,3.4,2.346,0.889,0.226,1.131,0.448,0.7999,0.871,0.4089,2.346,0.226,0.889,0.871,raw_dbb2_flat_file,14.2003,9.484444444444444,4.715855555555557,11.0029,2.3579,0.7748,5.0968,3.5435,1.5533,4.1767,0.7767,0.8195,3.2608,2.3794444444444443,0.8813555555555559,2.7867,0.4407,0.8546,0.9439,0.6557777777777778,0.2881222222222221,1.0331,0.1441,1.0945,0.5491,0.3534444444444444,0.1956555555555555,0.3238,0.0978,0.5897,1.6469,1.0929444444444445,0.5539555555555558,1.408,0.277,0.8549,0.4691,0.4566777777777778,0.0124222222222222,0.4542,0.0062,0.9682,0.7828,0.7742055555555556,0.0085944444444444,0.8042,0.0043,1.0273,1.6758,1.0026111111111111,0.6731888888888888,1.2076,0.3366,0.7206,0.4773,0.4187833333333333,0.0585166666666666,0.4382,0.0293,0.9181,65,23.455135743625675,1.6551726532777664,-0.5250611715661255,-0.13154142624167506,-0.354693778572274,0.15368059821030103,-0.3614728523415667,-0.7278395783981587,-0.28446366663179423,0.003154691303823905,0.028535297720924068,-0.5376391922679754,0.6878796615070365,-0.14744548779657027,-0.48618643138385953,-1.9143,65.0,3988794.07,4135474.09,3332909.48,4567419.16,756969.94,-1.5139,minimum
Andre Drummond,203083,PHI,C,6.986,7.421,1.087,0.678,0.698,1.097,0.5029,0.631,0.276,0.3433,1.087,0.698,0.678,0.276,raw_dbb2_flat_file,14.2003,9.916666666666666,4.283633333333334,9.1278,2.1418,0.6428,5.0968,3.947611111111111,1.1491888888888888,7.9956,0.5746,1.5687,3.2608,2.145888888888889,1.1149111111111112,1.6445,0.5575,0.5043,0.9439,0.7621666666666667,0.1817333333333333,0.7689,0.0909,0.8146,0.5491,0.4476111111111111,0.1014888888888889,0.7487,0.0507,1.3635,1.6469,1.2115,0.4354,1.3147,0.2177,0.7983,0.4691,0.4532722222222222,0.0158277777777778,0.5108,0.0079,1.0889,0.7828,0.7502888888888889,0.0325111111111111,0.6473,0.0163,0.8269,1.6758,0.9857777777777778,0.6900222222222222,0.621,0.345,0.3706,0.4773,0.4195222222222222,0.0577777777777777,0.3722,0.0289,0.7798,59,19.565367938759668,1.7999057739928332,-0.37273582473179334,0.5288328325997559,-0.2925601978758238,0.5488949637091974,-0.5980109367233557,-0.07488868019516345,-0.08118931884265126,-0.6942086691294457,-0.7927710080862583,-0.9484551211669694,0.2961083727853726,-0.061515758059265464,-0.22415297586215405,-2.1747,59.0,3902906.33,3991492.4,3300913.55,4519425.26,762861.33,-1.56,minimum
Kris Murray,1631200,POR,SF,6.556,3.743,1.262,0.723,0.41,0.865,0.454,0.6752,0.618,0.392,1.262,0.41,0.723,0.618,raw_dbb2_flat_file,14.2003,9.020555555555555,5.179744444444445,9.1459,2.5899,0.6441,5.0968,3.588833333333333,1.5079666666666665,4.497,0.754,0.8823,3.2608,2.1012222222222223,1.1595777777777778,1.8418,0.5798,0.5648,0.9439,0.7107777777777778,0.2331222222222221,0.8396,0.1166,0.8895,0.5491,0.4397777777777778,0.1093222222222222,0.4647,0.0547,0.8463,1.6469,1.2561666666666669,0.3907333333333334,1.0604,0.1954,0.6439,0.4691,0.4412666666666667,0.0278333333333333,0.4679,0.0139,0.9974,0.7828,0.7468,0.036,0.6932,0.018,0.8855,1.6758,1.005111111111111,0.6706888888888889,0.9533,0.3353,0.5689,0.4773,0.4309944444444444,0.0463055555555555,0.4152,0.0232,0.8699,58,20.872619826789418,1.2888628825235928,-0.4145213784707213,-0.09089072853219264,-0.29225564799469206,0.2523268283772948,-0.21273859747268734,-0.5526811082885655,-0.3674795907937314,0.017484452158116295,-0.9838564130788107,-0.4410710635863113,0.4514450539894442,0.06877625987131382,-0.4532334694019474,-2.2777,58.0,3848822.54,3943498.5,3268917.62,4471431.36,769712.41,-1.5961,minimum
Vince Williams Jr.,1631246,UTA,PG,8.234,3.428,2.982,0.74,0.328,1.412,0.408,0.7937,1.211,0.4158,2.982,0.328,0.74,1.211,raw_dbb2_flat_file,14.2003,11.249888888888888,2.950411111111112,9.7092,1.4752,0.6837,5.0968,4.457277777777778,0.6395222222222223,3.7478,0.3198,0.7353,3.2608,2.645388888888889,0.6154111111111114,3.2897,0.3077,1.0089,0.9439,0.8517222222222222,0.0921777777777778,0.7861,0.0461,0.8328,0.5491,0.4432222222222222,0.1058777777777778,0.3809,0.0529,0.6937,1.6469,1.477666666666667,0.1692333333333333,1.4966,0.0846,0.9087,0.4691,0.45565,0.0134499999999999,0.4147,0.0067,0.884,0.7828,0.7633666666666667,0.0194333333333333,0.8034,0.0097,1.0263,1.6758,1.2035,0.4722999999999999,1.4472,0.2362,0.8636,0.4773,0.4321166666666667,0.0451833333333333,0.4384,0.0226,0.9185,44,21.524842310367596,1.507977935388996,-0.43674956673605403,0.361491085975943,-0.021515951523569207,-0.3966495305561793,0.5783023353440873,-0.20772007913532264,-0.02210911197744929,-0.7087014873829331,-0.0211071677542839,-0.5642525541438984,-0.44325138620996407,0.043174458645536186,-0.2611995794923221,-3.0145,44.0,3826841.34,3943498.5,3236921.69,4471431.36,787855.4,-1.603,minimum
Josh Okogie,1629006,HOU,PG,6.709,2.612,1.578,0.876,0.273,0.847,0.4306,0.7438,0.883,0.4181,1.578,0.273,0.876,0.883,raw_dbb2_flat_file,14.2003,8.824733333333334,5.375566666666666,9.3968,2.6878,0.6617,5.0968,4.1628,0.9340000000000002,3.079,0.467,0.6041,3.2608,1.8478666666666668,1.4129333333333334,2.2845,0.7065,0.7006,0.9439,0.6666000000000001,0.2772999999999999,1.0146,0.1386,1.0749,0.5491,0.4863333333333333,0.0627666666666666,0.3044,0.0314,0.5544,1.6469,1.1314666666666668,0.5154333333333332,1.1047,0.2577,0.6708,0.4691,0.4574066666666666,0.0116933333333333,0.4364,0.0058,0.9303,0.7828,0.7326733333333333,0.0501266666666667,0.7689,0.0251,0.9822,1.6758,0.7818666666666666,0.8939333333333334,1.33,0.447,0.7937,0.4773,0.4135466666666667,0.0637533333333333,0.45,0.0319,0.9428,63,18.775108972102025,1.4990471076414331,-0.4982013810116892,-0.2585630208599457,-0.6993741895679889,0.385814371286209,-0.021441067004674685,-0.4053534312664333,-0.6420716245833346,0.048770359314816984,-0.8230698947923317,-0.3034628456130996,0.777129053744742,-0.32258736263725374,-0.26837313415397923,-2.1645,63.0,3695865.99,3492889.14,3172929.83,4279455.78,798373.11,-1.6757,minimum
Bones Hyland,1630538,MIN,PG,8.116,2.015,2.384,0.74,0.212,1.119,0.4289,0.8045,1.312,0.4158,2.384,0.212,0.74,1.312,raw_dbb2_flat_file,14.2003,9.3915,4.8088,10.5204,2.4044,0.7409,5.0968,3.598375,1.498425,2.7642,0.7492,0.5423,3.2608,2.197875,1.0629250000000003,2.9155,0.5315,0.8941,0.9439,0.7104375,0.2334624999999999,0.8567,0.1167,0.9076,0.5491,0.429875,0.119225,0.2716,0.0596,0.4946,1.6469,1.16025,0.48665,1.3623,0.2433,0.8272,0.4691,0.4592625,0.0098374999999999,0.4338,0.0049,0.9247,0.7828,0.7549875,0.0278125,0.8184,0.0139,1.0455,1.6758,1.0204375,0.6553625000000001,1.6397,0.3277,0.9785,0.4773,0.42216875,0.05513125,0.4434,0.0276,0.929,53,17.700959160471783,1.3105381251963508,-0.27717942672198365,-0.5504186321517188,-0.2738583238636226,-0.1548904431598002,-0.2785859506261046,0.11689101544862607,-0.23456373163289795,-0.04198663614205601,0.3275722787839983,-0.451843197018554,0.13482355903173876,-0.46546775978887683,-0.4197901727540343,-2.6168,53.0,3684382.12,3492889.14,3140933.9,4279455.78,762867.0,-1.6895,minimum
Sharife Cooper,1630536,WAS,PG,8.555,2.497,2.74,0.657,0.211,1.344,0.4611,0.804,0.969,0.4149,2.74,0.211,0.657,0.969,raw_dbb2_flat_file,14.2003,10.083470588235295,4.116829411764705,10.6134,2.0584,0.7474,5.0968,3.858882352941176,1.2379176470588238,3.116,0.619,0.6114,3.2608,2.2964117647058826,0.9643882352941175,3.2222,0.4822,0.9882,0.9439,0.7468823529411764,0.1970176470588235,0.7555,0.0985,0.8004,0.5491,0.4805294117647059,0.0685705882352941,0.2453,0.0343,0.4467,1.6469,1.3768235294117646,0.2700764705882355,1.479,0.135,0.8981,0.4691,0.4529117647058824,0.0161882352941176,0.4692,0.0081,1.0002,0.7828,0.7613705882352941,0.0214294117647059,0.8147,0.0107,1.0408,1.6758,1.0793529411764706,0.5964470588235293,1.2672,0.2982,0.7562,0.4773,0.4259705882352941,0.0513294117647058,0.4406,0.0257,0.9231,46,19.96509540573639,1.5888603000642618,-0.2588855127410806,-0.22425978827482634,-0.06703468517657186,-0.5014346307591427,-0.48477224450548295,-0.5112525312138202,-0.049951266154186935,1.1937047635399878,0.24156468197122127,-0.5147924370087474,-0.31479028726736347,-0.16429870271124905,-0.1962320221099234,-3.011,46.0,3674823.33,3492889.14,3172929.83,4279455.78,794030.64,-1.6871,minimum
Jordan Miller,1641757,LAC,PG,8.265,2.535,2.16,0.715,0.202,1.079,0.4648,0.7884,0.783,0.4127,2.16,0.202,0.715,0.783,raw_dbb2_flat_file,14.2003,9.250625,4.949675000000001,10.7398,2.4748,0.7563,5.0968,3.37875,1.71805,3.394,0.859,0.6659,3.2608,2.192375,1.068425,2.6942,0.5342,0.8262,0.9439,0.7555000000000001,0.1883999999999999,0.8092,0.0942,0.8573,0.5491,0.4111875,0.1379125,0.271,0.069,0.4935,1.6469,1.1773125,0.4695875,1.3138,0.2348,0.7977,0.4691,0.45813125,0.01096875,0.4703,0.0055,1.0026,0.7828,0.77625,0.00655,0.7917,0.0033,1.0114,1.6758,1.0209375,0.6548624999999999,1.1104,0.3274,0.6626,0.4773,0.4134875,0.0638125,0.4446,0.0319,0.9315,49,19.930499858883138,1.910478486777932,-0.23402152642725113,0.03347801331066586,-0.42309233508450433,-0.31754705295198155,-0.2832898204484477,-0.7756630228022005,-0.31128784967674955,1.2321019539255875,-0.2930771360541448,-0.42486495130847185,-0.1220986388534625,-0.16890050538397672,0.06210300660039652,-2.8787,49.0,3626912.09,3428897.28,3076942.03,4279455.78,768494.67,-1.7305,minimum
Ben Saraf,1642879,BKN,PG,8.316,2.524,2.848,0.826,0.239,1.682,0.4171,0.7982,0.83,0.4367,2.848,0.239,0.826,0.83,raw_dbb2_flat_file,14.2003,8.809833333333334,5.390466666666667,11.0112,2.6952,0.7754,5.0968,3.629055555555555,1.467744444444445,3.2579,0.7339,0.6392,3.2608,1.9996111111111112,1.261188888888889,3.4786,0.6306,1.0668,0.9439,0.7076666666666667,0.2362333333333333,0.9441,0.1181,1.0002,0.5491,0.4147222222222222,0.1343777777777778,0.3062,0.0672,0.5576,1.6469,1.1893333333333334,0.4575666666666667,1.9108,0.2288,1.1602,0.4691,0.4530777777777778,0.0160222222222222,0.4251,0.008,0.9062,0.7828,0.7681388888888888,0.0146611111111112,0.8055,0.0073,1.029,1.6758,1.0036111111111112,0.6721888888888887,1.1661,0.3361,0.6958,0.4773,0.4118722222222222,0.0654277777777777,0.4694,0.0327,0.9834,50,21.309598458285965,1.8255464239882768,-0.1806347710034116,-0.09270225573892252,0.10586906754387121,0.14439771885781374,-0.007329457537644807,-0.68173659179791,0.6331306755228259,-0.3456735055554412,0.027707954761075355,0.13268546003323578,-0.05786808938216219,0.0145433247600375,-0.006117410607308907,-2.8526,50.0,3581728.51,3396901.34,3076942.03,4231461.88,804682.46,-1.7435,minimum
Robert Williams III,1629057,POR,PF,7.167,6.551,1.122,0.587,1.282,0.963,0.6082,0.6824,0.183,0.3433,1.122,1.282,0.587,0.183,raw_dbb2_flat_file,14.2003,9.020555555555555,5.179744444444445,9.7569,2.5899,0.6871,5.0968,3.588833333333333,1.5079666666666665,7.305,0.754,1.4333,3.2608,2.1012222222222223,1.1595777777777778,1.7018,0.5798,0.5219,0.9439,0.7107777777777778,0.2331222222222221,0.7036,0.1166,0.7454,0.5491,0.4397777777777778,0.1093222222222222,1.3367,0.0547,2.4343,1.6469,1.2561666666666669,0.3907333333333334,1.1584,0.1954,0.7034,0.4691,0.4412666666666667,0.0278333333333333,0.6221,0.0139,1.3262,0.7828,0.7468,0.036,0.7004,0.018,0.8947,1.6758,1.005111111111111,0.6706888888888889,0.5183,0.3353,0.3093,0.4773,0.4309944444444444,0.0463055555555555,0.3665,0.0232,0.7679,47,19.610109021606654,1.43105834252432,-0.4876108185374943,0.4289316890816958,-0.5231349689325286,-0.19986593724493038,1.1151476190516045,-1.0644369638885687,-0.41308193394928217,2.221516297324217,-0.7694361681306338,-1.0250202456456838,-0.49372880342916503,-0.29413951166814656,-0.6411851822529883,-3.0465,47.0,3564386.71,3396901.34,3100938.99,4135474.09,753435.54,-1.7572,minimum
Blake Hinson,1642396,UTA,SF,9.221,3.915,1.347,0.639,0.412,0.879,0.4813,0.7299,1.222,0.3915,1.347,0.412,0.639,1.222,raw_dbb2_flat_file,14.2003,11.249888888888888,2.950411111111112,10.6962,1.4752,0.7532,5.0968,4.457277777777778,0.6395222222222223,4.2348,0.3198,0.8309,3.2608,2.645388888888889,0.6154111111111114,1.6547,0.3077,0.5075,0.9439,0.8517222222222222,0.0921777777777778,0.6851,0.0461,0.7258,0.5491,0.4432222222222222,0.1058777777777778,0.4649,0.0529,0.8467,1.6469,1.477666666666667,0.1692333333333333,0.9636,0.0846,0.5851,0.4691,0.45565,0.0134499999999999,0.488,0.0067,1.0403,0.7828,0.7633666666666667,0.0194333333333333,0.7396,0.0097,0.9448,1.6758,1.2035,0.4722999999999999,1.4581,0.2361,0.8701,0.4773,0.4321166666666667,0.0451833333333333,0.4141,0.0226,0.8676,30,21.166503525603556,1.6282553153356396,-0.12237167237275927,-0.25114222815761555,-0.45857440801990745,-0.29433222342675897,-0.21172916969664038,0.39324438495197594,-0.5271082936092825,0.6468616849507114,-0.13476458850707956,-0.4615578001526944,-1.452931857278464,0.10485534871570823,-0.2109273092480111,-4.9635,30.0,3433070.08,3300913.55,3012950.17,4087480.19,794236.34,-1.8349,minimum
Dean Wade,1629731,CLE,PF,6.889,4.256,1.325,0.683,0.41,0.613,0.4483,0.7282,1.121,0.3855,1.325,0.41,0.683,1.121,raw_dbb2_flat_file,14.2003,9.61441176470588,4.585888235294119,9.1819,2.2929,0.6466,5.0968,3.805411764705883,1.291388235294117,4.9017,0.6457,0.9617,3.2608,2.461058823529412,0.7997411764705884,1.7249,0.3999,0.529,0.9439,0.7529411764705882,0.1909588235294117,0.7785,0.0955,0.8248,0.5491,0.4275294117647059,0.1215705882352941,0.4708,0.0608,0.8574,1.6469,1.1886470588235294,0.4582529411764706,0.8421,0.2291,0.5113,0.4691,0.4603,0.0088,0.4527,0.0044,0.965,0.7828,0.773,0.0098,0.7331,0.0049,0.9365,1.6758,1.1414705882352942,0.5343294117647057,1.3882,0.2672,0.8284,0.4773,0.4022529411764706,0.0750470588235294,0.423,0.0375,0.8862,59,21.790368640822862,1.09376706087777,-0.5893131751051609,-0.6214713410220085,-0.4994828018183618,0.12479941601741533,-0.8266716761276323,0.56822244758411,-0.9172321694811716,-1.2605371497503604,-0.18794301348822653,-0.051245267297160196,0.49008504842230716,-0.0034238018070377953,-0.8534352095039008,-2.5599,59.0,3413995.17,3300913.55,2948958.31,3991492.4,778905.54,-1.8444,minimum
Jalen Wilson,1630592,BKN,SF,7.546,3.394,1.242,0.514,0.25,0.847,0.4325,0.7459,0.912,0.392,1.242,0.25,0.514,0.912,raw_dbb2_flat_file,14.2003,8.809833333333334,5.390466666666667,10.2412,2.6952,0.7212,5.0968,3.629055555555555,1.467744444444445,4.1279,0.7339,0.8099,3.2608,1.9996111111111112,1.261188888888889,1.8726,0.6306,0.5743,0.9439,0.7076666666666667,0.2362333333333333,0.6321,0.1181,0.6697,0.5491,0.4147222222222222,0.1343777777777778,0.3172,0.0672,0.5777,1.6469,1.1893333333333334,0.4575666666666667,1.0758,0.2288,0.6532,0.4691,0.4530777777777778,0.0160222222222222,0.4405,0.008,0.939,0.7828,0.7681388888888888,0.0146611111111112,0.7532,0.0073,0.9622,1.6758,1.0036111111111112,0.6721888888888887,1.2481,0.3361,0.7448,0.4773,0.4118722222222222,0.0654277777777777,0.4247,0.0327,0.8898,56,19.869865732904856,1.7586970121220316,-0.20811515187645063,-0.3164774124061191,-0.2648766110691088,-0.48185927679643453,-0.9571915823074078,-0.00026661659420813095,-0.3420841153458027,-0.8404725716487039,0.11410715317773718,-0.2641401568766373,0.3154181317560222,-0.05432840428095605,-0.1177996386915543,-2.7254,56.0,3378167.73,3300913.55,2948958.31,3991492.4,752098.74,-1.8712,minimum
Jalen Slawson,1641771,IND,SF,7.504,3.911,1.481,0.773,0.533,0.964,0.4692,0.7235,0.82,0.3915,1.481,0.533,0.773,0.82,raw_dbb2_flat_file,14.2003,9.299555555555555,4.900744444444445,9.9544,2.4504,0.701,5.0968,3.769944444444444,1.326855555555556,4.5744,0.6634,0.8975,3.2608,2.2429444444444444,1.0178555555555555,1.9899,0.5089,0.6102,0.9439,0.6926111111111112,0.2512888888888888,0.8986,0.1256,0.952,0.5491,0.4008333333333333,0.1482666666666667,0.6071,0.0741,1.1056,1.6469,1.1437777777777778,0.5031222222222222,1.2156,0.2516,0.7381,0.4691,0.4635222222222223,0.0055777777777777,0.472,0.0028,1.0062,0.7828,0.7666499999999999,0.0161500000000001,0.7316,0.0081,0.9346,1.6758,0.973388888888889,0.702411111111111,1.1712,0.3512,0.6989,0.4773,0.4178944444444444,0.0594055555555555,0.4212,0.0297,0.8825,29,19.83024688320057,1.4879770276638034,-0.2621618110449312,-0.04358536594253696,-0.16060514901161146,0.4610833594869333,0.5059739790728324,-0.14436659763659646,-0.1115459680977238,0.14586488272774983,-0.2811597306746195,-0.3293252277696751,-1.5209453183951749,-0.059192273914289016,-0.3110777249691403,-5.3513,29.0,3359500.77,3268917.62,2948958.31,3991492.4,776593.48,-1.8809,minimum
Cameron Payne,1626166,PHI,PG,7.547,2.012,2.599,0.795,0.235,0.82,0.4075,0.8358,1.248,0.3878,2.599,0.235,0.795,1.248,raw_dbb2_flat_file,14.2003,9.916666666666666,4.283633333333334,9.6888,2.1418,0.6823,5.0968,3.947611111111111,1.1491888888888888,2.5866,0.5746,0.5075,3.2608,2.145888888888889,1.1149111111111112,3.1565,0.5575,0.968,0.9439,0.7621666666666667,0.1817333333333333,0.8859,0.0909,0.9386,0.5491,0.4476111111111111,0.1014888888888889,0.2857,0.0507,0.5203,1.6469,1.2115,0.4354,1.0377,0.2177,0.6301,0.4691,0.4532722222222222,0.0158277777777778,0.4154,0.0079,0.8855,0.7828,0.7502888888888889,0.0325111111111111,0.8521,0.0163,1.0885,1.6758,0.9857777777777778,0.6900222222222222,1.593,0.345,0.9506,0.4773,0.4195222222222222,0.0577777777777777,0.4167,0.0289,0.873,45,18.371923312698424,1.1020780833700403,-0.44076242528670345,-0.7150741485602926,-0.11133958593216124,-0.05489943250860654,-0.16804500980103865,0.03814120704826035,-0.7480616433243253,-0.6842669116830065,1.1109387686733372,-1.0521091640678928,-0.37902083673866377,-0.37621798894066905,-0.5872326032969879,-3.4104,45.0,3354144.12,3268917.62,2916962.38,3943498.5,776142.86,-1.8842,minimum
Ethan Thompson,1630679,IND,PG,8.377,2.517,2.371,0.75,0.266,1.113,0.4197,0.7963,1.176,0.4127,2.371,0.266,0.75,1.176,raw_dbb2_flat_file,14.2003,9.299555555555555,4.900744444444445,10.8274,2.4504,0.7625,5.0968,3.769944444444444,1.326855555555556,3.1804,0.6634,0.624,3.2608,2.2429444444444444,1.0178555555555555,2.8799,0.5089,0.8832,0.9439,0.6926111111111112,0.2512888888888888,0.8756,0.1256,0.9276,0.5491,0.4008333333333333,0.1482666666666667,0.3401,0.0741,0.6194,1.6469,1.1437777777777778,0.5031222222222222,1.3646,0.2516,0.8286,0.4691,0.4635222222222223,0.0055777777777777,0.4225,0.0028,0.9007,0.7828,0.7666499999999999,0.0161500000000001,0.8044,0.0081,1.0276,1.6758,0.973388888888889,0.702411111111111,1.5272,0.3512,0.9113,0.4773,0.4178944444444444,0.0594055555555555,0.4424,0.0297,0.9269,41,21.54704905540009,1.6097259504322958,-0.21678983970975535,-0.1645536212888346,-0.2978652411680211,-0.09017023421091105,0.2584391874247476,-0.07281676710043505,-0.23092526830298338,-0.4364305010123142,0.0021381286816015846,-0.4743250684436229,-0.635943034623865,0.04612833762529617,-0.17947199854917728,-3.7705,41.0,3345142.59,3236921.69,2916962.38,3991492.4,799110.32,-1.8818,minimum
De'Andre Hunter,1629631,SAC,SG,12.411,4.163,1.579,0.672,0.293,1.295,0.4498,0.8268,1.53,0.3784,1.579,0.293,0.672,1.53,raw_dbb2_flat_file,14.2003,11.1313125,3.0689875000000004,13.9455,1.5345,0.9821,5.0968,4.452625,0.6441749999999997,4.4851,0.3221,0.88,3.2608,2.650875,0.609925,1.884,0.305,0.5778,0.9439,0.7828125,0.1610874999999999,0.7525,0.0805,0.7972,0.5491,0.4605,0.0886,0.3373,0.0443,0.6143,1.6469,1.4098125,0.2370875000000001,1.4135,0.1185,0.8583,0.4691,0.4689375,0.0001625,0.4499,0.0001,0.9591,0.7828,0.76156875,0.02123125,0.8374,0.0106,1.0697,1.6758,1.0809375,0.5948625000000001,1.8274,0.2974,1.0905,0.4773,0.41033125,0.06696875,0.4119,0.0335,0.863,52,24.91430000750054,2.774113497537843,0.010026534667396062,0.06077310103079472,-1.0263603291601782,-0.7538164027486067,-0.2905674489599142,0.34615496840155935,-0.27576994703399993,-0.17649218915985607,0.7970985813698791,-0.9739737392014965,-0.3194291761480952,0.053975621628655886,0.2612268580157115,-3.0013,52.0,3328893.99,3236921.69,2916962.38,3943498.5,766621.11,-1.9017,minimum
Cody Williams,1642262,UTA,SF,7.658,3.435,1.49,0.656,0.452,1.027,0.4418,0.7149,0.63,0.4089,1.49,0.452,0.656,0.63,raw_dbb2_flat_file,14.2003,11.249888888888888,2.950411111111112,9.1332,1.4752,0.6432,5.0968,4.457277777777778,0.6395222222222223,3.7548,0.3198,0.7367,3.2608,2.645388888888889,0.6154111111111114,1.7977,0.3077,0.5513,0.9439,0.8517222222222222,0.0921777777777778,0.7021,0.0461,0.7438,0.5491,0.4432222222222222,0.1058777777777778,0.5049,0.0529,0.9195,1.6469,1.477666666666667,0.1692333333333333,1.1116,0.0846,0.675,0.4691,0.45565,0.0134499999999999,0.4485,0.0067,0.9561,0.7828,0.7633666666666667,0.0194333333333333,0.7246,0.0097,0.9257,1.6758,1.2035,0.4722999999999999,0.8662,0.2362,0.5169,0.4773,0.4321166666666667,0.0451833333333333,0.4315,0.0226,0.904,63,22.097936447383958,1.5793403637700454,-0.4169146580085164,-0.5445088178609069,-0.3314574508654136,-0.2341820364968634,-0.00984361448722452,-0.7158944808346259,-0.28304788021360533,-0.5899741705372232,-0.40925548007121704,-0.13749487628445017,0.7915123595729991,0.219204158374464,-0.2458496968503849,-2.4579,63.0,3328587.37,3236921.69,2916962.38,3943498.5,791694.62,-1.8979,minimum
Quenton Jackson,1631245,IND,PG,8.354,2.32,2.535,0.75,0.173,1.089,0.4504,0.8096,0.945,0.4181,2.535,0.173,0.75,0.945,raw_dbb2_flat_file,14.2003,9.299555555555555,4.900744444444445,10.8044,2.4504,0.7609,5.0968,3.769944444444444,1.326855555555556,2.9834,0.6634,0.5853,3.2608,2.2429444444444444,1.0178555555555555,3.0439,0.5089,0.9335,0.9439,0.6926111111111112,0.2512888888888888,0.8756,0.1256,0.9276,0.5491,0.4008333333333333,0.1482666666666667,0.2471,0.0741,0.45,1.6469,1.1437777777777778,0.5031222222222222,1.3406,0.2516,0.814,0.4691,0.4635222222222223,0.0055777777777777,0.4532,0.0028,0.9661,0.7828,0.7666499999999999,0.0161500000000001,0.8177,0.0081,1.0446,1.6758,0.973388888888889,0.702411111111111,1.2962,0.3512,0.7735,0.4773,0.4178944444444444,0.0594055555555555,0.4478,0.0297,0.9382,44,19.101608647080965,1.824101272071633,-0.2213141410168607,-0.347195156944741,-0.18727157718146656,-0.09017023421091105,-0.4706606350384533,-0.4623500806011735,-0.2688918421803533,0.6352001761130746,0.3113005712788777,-0.3529229627482519,-0.44325138620996407,-0.279157291034797,-0.0072782074070537345,-3.5109,44.0,3323094.73,3236921.69,2916962.38,3943498.5,756978.7,-1.9028,minimum
Jaxson Hayes,1629637,LAL,PF,7.289,4.971,0.969,0.521,0.893,0.83,0.6284,0.6451,0.096,0.3622,0.969,0.893,0.521,0.096,raw_dbb2_flat_file,14.2003,9.564941176470589,4.635358823529414,9.6067,2.3177,0.6765,5.0968,3.6745882352941175,1.4222117647058825,5.6821,0.7111,1.1148,3.2608,2.2321764705882354,1.0286235294117647,1.4833,0.5143,0.4549,0.9439,0.6849411764705883,0.2589588235294117,0.6505,0.1295,0.6892,0.5491,0.3651176470588235,0.1839823529411764,0.985,0.092,1.7938,1.6469,1.2188823529411763,0.4280176470588235,1.044,0.214,0.6339,0.4691,0.4649647058823529,0.004135294117647,0.6305,0.0021,1.3441,0.7828,0.744035294117647,0.038764705882353,0.6645,0.0194,0.8489,1.6758,0.9627058823529412,0.7130941176470588,0.4525,0.3565,0.27,0.4773,0.4305176470588235,0.0467823529411764,0.3856,0.0234,0.8079,63,19.394748489721263,2.003122920242694,-0.5141772428096048,-0.2803842837703415,-0.7468578483457505,-0.43003590063919706,0.3264447132720254,-1.1879327556748684,-0.5954239729782046,2.3941801046171705,-1.4078338516677125,-0.6958325980977756,0.8180229990394646,-0.3228556743449726,-0.28119745408738356,-2.5577,63.0,3174777.59,3140933.9,2820974.59,3460893.21,763261.93,-1.9915,minimum
Clint Capela,203991,HOU,C,5.825,5.678,0.82,0.455,0.818,0.737,0.5403,0.6065,0.041,0.3471,0.82,0.818,0.455,0.041,raw_dbb2_flat_file,14.2003,8.824733333333334,5.375566666666666,8.5128,2.6878,0.5995,5.0968,4.1628,0.9340000000000002,6.145,0.467,1.2057,3.2608,1.8478666666666668,1.4129333333333334,1.5265,0.7065,0.4681,0.9439,0.6666000000000001,0.2772999999999999,0.5936,0.1386,0.6289,0.5491,0.4863333333333333,0.0627666666666666,0.8494,0.0314,1.5469,1.6469,1.1314666666666668,0.5154333333333332,0.9947,0.2577,0.604,0.4691,0.4574066666666666,0.0116933333333333,0.5461,0.0058,1.1641,0.7828,0.7326733333333333,0.0501266666666667,0.6316,0.0251,0.8068,1.6758,0.7818666666666666,0.8939333333333334,0.488,0.447,0.2912,0.4773,0.4135466666666667,0.0637533333333333,0.379,0.0319,0.794,69,15.62122196044162,1.4321571805177595,-0.511433805068792,-0.24350942116198,-0.3967005294313999,-0.21354372298532634,-0.2863147600771758,-0.5166608112142671,-0.7103200343998127,0.09268896173143124,-1.086722754034824,-0.7922249282515244,1.0712611811240442,-0.6256750709055293,-0.5446604702981188,-2.4314,69.0,3066567.35,3076942.03,2788978.66,3428897.28,790953.67,-2.0472,minimum
Tyson Etienne,1630623,BKN,PG,8.677,2.194,2.34,0.698,0.177,1.079,0.4263,0.8098,1.368,0.4127,2.34,0.177,0.698,1.368,raw_dbb2_flat_file,14.2003,8.809833333333334,5.390466666666667,11.3722,2.6952,0.8008,5.0968,3.629055555555555,1.467744444444445,2.9279,0.7339,0.5745,3.2608,1.9996111111111112,1.261188888888889,2.9706,0.6306,0.911,0.9439,0.7076666666666667,0.2362333333333333,0.8161,0.1181,0.8646,0.5491,0.4147222222222222,0.1343777777777778,0.2442,0.0672,0.4447,1.6469,1.1893333333333334,0.4575666666666667,1.3078,0.2288,0.7941,0.4691,0.4530777777777778,0.0160222222222222,0.4343,0.008,0.9258,0.7828,0.7681388888888888,0.0146611111111112,0.8171,0.0073,1.0438,1.6758,1.0036111111111112,0.6721888888888887,1.7041,0.3361,1.0169,0.4773,0.4118722222222222,0.0654277777777777,0.4454,0.0327,0.9332,33,20.08454573260788,1.620750562847366,-0.1096229113571109,-0.3986500058224201,-0.23670155017057895,-0.29391904016111725,-0.49339600584644544,0.2254881816367108,-0.320779493146092,-0.024533367784964972,0.29735339341734796,-0.40687945416841625,-1.1497874303942675,-0.1484097550444549,-0.17061664247037803,-5.1339,33.0,3061765.3,3076942.03,2756982.72,3396901.34,780733.41,-2.0596,minimum
Terance Mann,1629611,BKN,SG,8.071,2.899,2.416,0.711,0.214,1.011,0.4599,0.7902,0.988,0.4089,2.416,0.214,0.711,0.988,raw_dbb2_flat_file,14.2003,8.809833333333334,5.390466666666667,10.7662,2.6952,0.7582,5.0968,3.629055555555555,1.467744444444445,3.6329,0.7339,0.7128,3.2608,1.9996111111111112,1.261188888888889,3.0466,0.6306,0.9343,0.9439,0.7076666666666667,0.2362333333333333,0.8291,0.1181,0.8784,0.5491,0.4147222222222222,0.1343777777777778,0.2812,0.0672,0.5121,1.6469,1.1893333333333334,0.4575666666666667,1.2398,0.2288,0.7528,0.4691,0.4530777777777778,0.0160222222222222,0.4679,0.008,0.9974,0.7828,0.7681388888888888,0.0146611111111112,0.7975,0.0073,1.0188,1.6758,1.0036111111111112,0.6721888888888887,1.3241,0.3361,0.7901,0.4773,0.4118722222222222,0.0654277777777777,0.4416,0.0327,0.9252,62,22.873610326257428,1.3655734965351358,-0.5681031276816272,-0.4706485596099281,-0.16131155136744818,-0.50608201118249,-0.5852187919014473,-0.5259674185043749,-0.5503334186952448,0.5755180081299706,-0.12656632879859486,-0.48123092384310934,0.4554237758943138,-0.2277184890104522,-0.6796285239294076,-2.7647,62.0,2974368.41,3044946.1,2724986.79,3332909.48,727122.55,-2.1066,minimum
Paul Reed,1630194,DET,SF,5.595,3.557,0.954,0.651,0.628,0.705,0.5333,0.6931,0.252,0.3827,0.954,0.628,0.651,0.252,raw_dbb2_flat_file,14.2003,8.7513125,5.448987500000001,8.3195,2.7245,0.5859,5.0968,3.5715,1.5253,4.3196,0.7626,0.8475,3.2608,2.12,1.1408,1.5244,0.5704,0.4675,0.9439,0.7265625,0.2173374999999999,0.7597,0.1087,0.8049,0.5491,0.4360625,0.1130375,0.6845,0.0565,1.2466,1.6469,1.1275,0.5194000000000001,0.9647,0.2597,0.5858,0.4691,0.4586375,0.0104624999999999,0.5385,0.0052,1.1479,0.7828,0.7500125,0.0327875,0.7095,0.0164,0.9064,1.6758,0.86675,0.8090499999999999,0.6565,0.4045,0.3918,0.4773,0.41046875,0.06683125,0.4161,0.0334,0.8718,53,12.988823354527348,1.2044464146444454,-0.5702541509143487,-0.19931413064336714,-0.5744019570914498,-0.03037905019321579,0.8966225284030518,-1.1088433238071727,-0.5252943310772876,2.228132841966932,-0.6855763109124485,-0.42430918821381564,0.11137774840588915,-0.8990902618228881,-0.5135018437321494,-3.2786,53.0,2946172.0,3012950.17,2692990.86,3300913.55,772167.41,-2.1225,minimum
Nae'Qwan Tomlin,1641772,CLE,SF,7.212,3.663,1.091,0.658,0.516,0.746,0.4733,0.7351,0.612,0.392,1.091,0.516,0.658,0.612,raw_dbb2_flat_file,14.2003,9.61441176470588,4.585888235294119,9.5049,2.2929,0.6693,5.0968,3.805411764705883,1.291388235294117,4.3087,0.6457,0.8454,3.2608,2.461058823529412,0.7997411764705884,1.4909,0.3999,0.4572,0.9439,0.7529411764705882,0.1909588235294117,0.7535,0.0955,0.7983,0.5491,0.4275294117647059,0.1215705882352941,0.5768,0.0608,1.0504,1.6469,1.1886470588235294,0.4582529411764706,0.9751,0.2291,0.5921,0.4691,0.4603,0.0088,0.4777,0.0044,1.0183,0.7828,0.773,0.0098,0.74,0.0049,0.9453,1.6758,1.1414705882352942,0.5343294117647057,0.8792,0.2672,0.5246,0.4773,0.4022529411764706,0.0750470588235294,0.4295,0.0375,0.8999,48,18.713671822240215,1.3944986031904736,-0.3468688309062703,-0.20597599695121294,-0.6041811043968732,-0.052316177191178155,0.3530456710017,-0.6915342759770049,-0.5081441398656995,0.32434499351968094,-0.12744483139870338,-0.1747434882233289,-0.22868955717766587,-0.19627034591480952,-0.3778158013125098,-3.7131,48.0,2919023.45,2948958.31,2660994.93,3300913.55,753395.26,-2.1438,minimum
Landry Shamet,1629013,NYK,PG,8.191,1.951,1.69,0.66,0.166,0.819,0.4373,0.772,1.416,0.4089,1.69,0.166,0.66,1.416,raw_dbb2_flat_file,14.2003,9.263352941176471,4.936947058823529,10.6595,2.4685,0.7507,5.0968,3.6023529411764708,1.4944470588235292,2.6982,0.7472,0.5294,3.2608,2.238647058823529,1.0221529411764707,2.2011,0.5111,0.675,0.9439,0.686235294117647,0.2576647058823529,0.7888,0.1288,0.8357,0.5491,0.3651764705882353,0.1839235294117647,0.258,0.092,0.4699,1.6469,1.1476470588235292,0.4992529411764708,1.0686,0.2496,0.6489,0.4691,0.4636705882352941,0.0054294117647058,0.44,0.0027,0.938,0.7828,0.7486411764705883,0.0341588235294118,0.7891,0.0171,1.008,1.6758,1.005941176470588,0.6698588235294118,1.7509,0.3349,1.0448,0.4773,0.4239882352941176,0.0533117647058823,0.4356,0.0267,0.9126,53,20.333497801516085,1.2959742269105863,-0.24981723925162244,-0.6116081821684187,-0.7556151138148102,-0.387403786420624,-0.38520699993255114,0.30440661917712014,-0.6991796794572118,0.17443389148587204,-0.3535149067874455,-0.6272017941340918,0.13482355903173876,-0.11529484863923248,-0.4314884076089454,-3.3037,53.0,2906483.71,2980954.24,2692990.86,3268917.62,753740.12,-2.1488,minimum
Craig Porter Jr.,1641854,CLE,PG,6.379,2.567,2.536,0.701,0.354,1.028,0.4507,0.7515,0.716,0.4127,2.536,0.354,0.701,0.716,raw_dbb2_flat_file,14.2003,9.61441176470588,4.585888235294119,8.6719,2.2929,0.6107,5.0968,3.805411764705883,1.291388235294117,3.2127,0.6457,0.6303,3.2608,2.461058823529412,0.7997411764705884,2.9359,0.3999,0.9004,0.9439,0.7529411764705882,0.1909588235294117,0.7965,0.0955,0.8438,0.5491,0.4275294117647059,0.1215705882352941,0.4148,0.0608,0.7554,1.6469,1.1886470588235294,0.4582529411764706,1.2571,0.2291,0.7633,0.4691,0.4603,0.0088,0.4551,0.0044,0.9702,0.7828,0.773,0.0098,0.7564,0.0049,0.9663,1.6758,1.1414705882352942,0.5343294117647057,0.9832,0.2672,0.5867,0.4773,0.4022529411764706,0.0750470588235294,0.4502,0.0375,0.9432,59,17.89104730253559,1.1316372781526496,-0.6407955556864912,-0.1346078263564197,-0.2601015510262707,-0.36103629388589126,0.8440709803064796,-0.9901592889376724,-0.4009838804620358,0.7015225958700209,-1.1136361002409014,-0.29896647132808635,0.5202068558595406,-0.4401827679396763,-0.5634896193853921,-3.082,59.0,2844520.92,2916962.38,2660994.93,3236921.69,758718.45,-2.1867,minimum
Julian Strawther,1631124,DEN,PG,7.806,2.228,1.7,0.609,0.192,0.913,0.4361,0.7933,1.076,0.4149,1.7,0.192,0.609,1.076,raw_dbb2_flat_file,14.2003,9.484444444444444,4.715855555555557,10.1639,2.3579,0.7158,5.0968,3.5435,1.5533,3.0047,0.7767,0.5895,3.2608,2.3794444444444443,0.8813555555555559,2.1407,0.4407,0.6565,0.9439,0.6557777777777778,0.2881222222222221,0.7531,0.1441,0.7979,0.5491,0.3534444444444444,0.1956555555555555,0.2898,0.0978,0.5278,1.6469,1.0929444444444445,0.5539555555555558,1.19,0.277,0.7226,0.4691,0.4566777777777778,0.0124222222222222,0.4423,0.0062,0.9429,0.7828,0.7742055555555556,0.0085944444444444,0.7976,0.0043,1.0189,1.6758,1.0026111111111111,0.6731888888888888,1.4126,0.3366,0.8429,0.4773,0.4187833333333333,0.0585166666666666,0.4442,0.0293,0.9307,57,18.482766480235874,1.3669285241468057,-0.34730609698211196,-0.3274476203484424,-0.7963459510391268,-0.5096530699907476,-0.13590189934835997,-0.26606576159041156,-0.5071320932608493,0.2547189259284916,-0.1559298870824202,-0.43385769987849965,0.39174575691694,-0.361473941483026,-0.3744954228497903,-3.3689,57.0,2654931.7,2788978.66,1746444.57,3108937.97,764100.65,-2.3126,minimum
LJ Cryer,1643018,GSW,PG,8.74,2.476,2.239,0.667,0.208,1.158,0.4297,0.8081,1.357,0.4149,2.239,0.208,0.667,1.357,raw_dbb2_flat_file,14.2003,9.445555555555556,4.754744444444444,11.1174,2.3774,0.7829,5.0968,3.606555555555556,1.490244444444444,3.2211,0.7451,0.632,3.2608,2.3485555555555555,0.9122444444444446,2.6951,0.4561,0.8265,0.9439,0.7605555555555555,0.1833444444444444,0.7587,0.0917,0.8038,0.5491,0.4103888888888888,0.1387111111111111,0.2774,0.0694,0.5052,1.6469,1.1836111111111112,0.4632888888888888,1.3896,0.2316,0.8438,0.4691,0.4614777777777777,0.0076222222222222,0.4335,0.0038,0.9241,0.7828,0.7820055555555556,0.0007944444444444,0.8085,0.0004,1.0328,1.6758,1.1357222222222223,0.5400777777777777,1.627,0.27,0.9709,0.4773,0.3990277777777777,0.0782722222222222,0.454,0.0391,0.9512,31,20.37028269099651,1.5252784424332355,-0.1597443014897354,-0.12682006544520344,-0.4224854186357975,-0.49047671178366914,-0.23311520901012023,0.09547511466308774,-0.19137675384738992,-0.052458597156311404,0.0974438440687318,-0.21353535991282407,-1.2782485293368682,-0.11040182574686234,-0.24730320432260672,-6.0723,31.0,2654243.79,2820974.59,1746444.57,3108937.97,747144.36,-2.3074,minimum
Olivier-Maxence Prosper,1641765,MEM,SF,7.423,3.531,1.025,0.613,0.327,0.765,0.482,0.7163,0.714,0.3889,1.025,0.327,0.613,0.714,raw_dbb2_flat_file,14.2003,9.42378947368421,4.776510526315791,9.8113,2.3883,0.6909,5.0968,3.582263157894737,1.514536842105263,4.2883,0.7573,0.8414,3.2608,2.369368421052632,0.8914315789473686,1.4707,0.4457,0.451,0.9439,0.7777894736842105,0.1661105263157895,0.6961,0.0831,0.7375,0.5491,0.3871578947368421,0.1619421052631579,0.408,0.081,0.743,1.6469,1.2790526315789474,0.3678473684210526,0.9489,0.1839,0.5762,0.4691,0.452621052631579,0.016478947368421,0.4902,0.0082,1.045,0.7828,0.7797315789473684,0.0030684210526316,0.7178,0.0015,0.917,1.6758,1.0590526315789477,0.6167473684210525,1.0224,0.3084,0.6101,0.4773,0.410321052631579,0.066978947368421,0.4224,0.0335,0.885,53,17.499215613601436,1.7385302599151264,-0.28912860646686145,-0.21844407701360308,-0.6221374857571584,-0.2554115142368263,-0.4989113719820342,-0.4231972501607499,-0.5513494292641234,0.7157487452563697,-0.5336913509136264,-0.30697606060634824,0.11137774840588915,-0.34536494907214865,-0.13219750917306036,-3.5726,53.0,2634342.32,2788978.66,1746444.57,3140933.9,756516.33,-2.3099,minimum
Justin Champagnie,1630551,WAS,SG,8.405,4.111,1.765,0.849,0.458,0.958,0.4632,0.771,0.979,0.4149,1.765,0.458,0.849,0.979,raw_dbb2_flat_file,14.2003,10.083470588235295,4.116829411764705,10.4634,2.0584,0.7368,5.0968,3.858882352941176,1.2379176470588238,4.73,0.619,0.928,3.2608,2.2964117647058826,0.9643882352941175,2.2472,0.4822,0.6892,0.9439,0.7468823529411764,0.1970176470588235,0.9475,0.0985,1.0038,0.5491,0.4805294117647059,0.0685705882352941,0.4923,0.0343,0.8966,1.6469,1.3768235294117646,0.2700764705882355,1.093,0.135,0.6637,0.4691,0.4529117647058824,0.0161882352941176,0.4713,0.0081,1.0047,0.7828,0.7613705882352941,0.0214294117647059,0.7817,0.0107,0.9986,1.6758,1.0793529411764706,0.5964470588235293,1.2772,0.2982,0.7621,0.4773,0.4259705882352941,0.0513294117647058,0.4406,0.0257,0.9231,56,20.65330069551268,1.4633816309314653,-0.6231648273511405,0.2134897927591603,-0.756116293297182,-0.12316096729961493,0.5235316269035023,-0.6072361249337181,-0.7823766981418236,0.717564378729161,-0.49232837342671276,-0.49782159102689344,-0.009487995331131583,-0.5342071004465077,-0.6142961162027624,-3.4507,56.0,2595699.23,2756982.72,1742445.08,3076942.03,751442.59,-2.3501,minimum
Cam Whitmore,1641715,WAS,SF,9.123,3.622,1.004,0.67,0.44,0.968,0.4565,0.7222,0.931,0.4089,1.004,0.44,0.67,0.931,raw_dbb2_flat_file,14.2003,10.083470588235295,4.116829411764705,11.1814,2.0584,0.7874,5.0968,3.858882352941176,1.2379176470588238,4.241,0.619,0.8321,3.2608,2.2964117647058826,0.9643882352941175,1.4862,0.4822,0.4558,0.9439,0.7468823529411764,0.1970176470588235,0.7685,0.0985,0.8142,0.5491,0.4805294117647059,0.0685705882352941,0.4743,0.0343,0.8638,1.6469,1.3768235294117646,0.2700764705882355,1.103,0.135,0.6697,0.4691,0.4529117647058824,0.0161882352941176,0.4646,0.0081,0.9904,0.7828,0.7613705882352941,0.0214294117647059,0.7329,0.0107,0.9363,1.6758,1.0793529411764706,0.5964470588235293,1.2292,0.2982,0.7335,0.4773,0.4259705882352941,0.0513294117647058,0.4346,0.0257,0.9105,40,18.918363160046685,1.7131800485944644,-0.030937087196515077,-0.24735290970728152,-0.6083590743173356,0.0007575171587300331,-0.16428606422242759,-0.03568260673336455,-0.2972297691001108,-0.08584613830036848,-0.2573705200723949,-0.07975952777918832,-0.7727972461113539,-0.17114109583323855,-0.15029606344342666,-4.8279,40.0,2559791.8,2756982.72,1730446.6,3076942.03,764331.39,-2.3663,minimum
Josh Minott,1631169,BKN,SF,6.35,3.059,0.931,0.621,0.427,0.745,0.4767,0.7495,0.751,0.3889,0.931,0.427,0.621,0.751,raw_dbb2_flat_file,14.2003,8.809833333333334,5.390466666666667,9.0452,2.6952,0.637,5.0968,3.629055555555555,1.467744444444445,3.7929,0.7339,0.7442,3.2608,1.9996111111111112,1.261188888888889,1.5616,0.6306,0.4789,0.9439,0.7076666666666667,0.2362333333333333,0.7391,0.1181,0.783,0.5491,0.4147222222222222,0.1343777777777778,0.4942,0.0672,0.9,1.6469,1.1893333333333334,0.4575666666666667,0.9738,0.2288,0.5913,0.4691,0.4530777777777778,0.0160222222222222,0.4847,0.008,1.0333,0.7828,0.7681388888888888,0.0146611111111112,0.7568,0.0073,0.9668,1.6758,1.0036111111111112,0.6721888888888887,1.0871,0.3361,0.6487,0.4773,0.4118722222222222,0.0654277777777777,0.4216,0.0327,0.8833,50,15.669837289677204,1.2489783911353367,-0.4334980122861536,-0.5212228448032081,-0.5413337696358751,-0.10326692376708986,-0.06384800050574344,-0.3019583844462827,-0.510287913767148,0.5435310944922266,0.17998496715313098,-0.32187550538190013,-0.09266263494424386,-0.569951421017344,-0.4817086415733113,-3.9487,50.0,2464643.9,2692990.86,1698450.67,3044946.1,741761.99,-2.4155,minimum
Baylor Scheierman,1631248,BOS,PG,6.717,2.784,1.92,0.674,0.152,0.846,0.4276,0.8075,1.113,0.4158,1.92,0.152,0.674,1.113,raw_dbb2_flat_file,14.2003,10.554846153846151,3.6454538461538473,8.5397,1.8227,0.6014,5.0968,4.29,0.8068,3.1874,0.4034,0.6254,3.2608,2.365692307692308,0.8951076923076924,2.3676,0.4476,0.7261,0.9439,0.6874615384615385,0.2564384615384615,0.8022,0.1282,0.8499,0.5491,0.4480769230769231,0.1010230769230769,0.2025,0.0505,0.3688,1.6469,1.1839230769230769,0.4629769230769232,1.0775,0.2315,0.6543,0.4691,0.4659153846153846,0.0031846153846153,0.4292,0.0016,0.9149,0.7828,0.764453846153846,0.018346153846154,0.8167,0.0092,1.0433,1.6758,1.2137692307692307,0.4620307692307692,1.344,0.231,0.802,0.4773,0.4291384615384616,0.0481615384615384,0.4399,0.0241,0.9216,60,18.824158167073886,0.9944129085118601,-0.6668004527647212,-0.15806382052948798,-0.6433355708040701,-0.34151750071082937,-0.8203149584992998,-0.3817453516603279,-0.6851004083110206,-0.20255670502729314,0.28805527484299226,-0.5305297470062951,0.584437405330841,-0.3160629762046847,-0.6737130549228517,-3.2889,60.0,2447240.78,2692990.86,1682452.71,2980954.24,737310.82,-2.4372,minimum
Jahmai Mashack,1642942,MEM,PG,8.173,2.727,2.46,0.939,0.325,1.384,0.4256,0.7318,0.978,0.4266,2.46,0.325,0.939,0.978,raw_dbb2_flat_file,14.2003,9.42378947368421,4.776510526315791,10.5613,2.3883,0.7437,5.0968,3.582263157894737,1.514536842105263,3.4843,0.7573,0.6836,3.2608,2.369368421052632,0.8914315789473686,2.9057,0.4457,0.8911,0.9439,0.7777894736842105,0.1661105263157895,1.0221,0.0831,1.0828,0.5491,0.3871578947368421,0.1619421052631579,0.406,0.081,0.7394,1.6469,1.2790526315789474,0.3678473684210526,1.5679,0.1839,0.952,0.4691,0.452621052631579,0.016478947368421,0.4338,0.0082,0.9247,0.7828,0.7797315789473684,0.0030684210526316,0.7333,0.0015,0.9368,1.6758,1.0590526315789477,0.6167473684210525,1.2864,0.3084,0.7676,0.4773,0.410321052631579,0.066978947368421,0.4601,0.0335,0.964,40,21.805692805189725,1.5260077563710306,-0.26913403874543623,0.11719644310624124,-0.2804669696384291,0.4114969938849747,0.7750808895787791,-0.47887573632544733,0.09068325124990391,-0.04198663614205601,-1.650602447909856,-0.0763959442199041,-0.7001735840951654,0.08053240425604015,-0.2467173937408598,-5.0878,40.0,2347469.47,2628999.0,1682452.71,2916962.38,723833.89,-2.4983,minimum
Zach Collins,1628380,CHI,PF,8.848,4.851,1.635,0.455,0.472,1.088,0.5083,0.7481,0.82,0.3784,1.635,0.472,0.455,0.82,raw_dbb2_flat_file,14.2003,8.785941176470587,5.4143588235294136,11.5552,2.7072,0.8137,5.0968,3.529588235294117,1.5672117647058823,5.6346,0.7836,1.1055,3.2608,2.090058823529412,1.1707411764705884,2.2204,0.5854,0.6809,0.9439,0.6158823529411765,0.3280176470588234,0.619,0.164,0.6558,0.5491,0.3896470588235294,0.1594529411764705,0.5517,0.0797,1.0047,1.6469,1.1739411764705885,0.4729588235294117,1.3245,0.2365,0.8042,0.4691,0.4611058823529412,0.0079941176470588,0.5123,0.004,1.0921,0.7828,0.7538823529411764,0.0289176470588236,0.7626,0.0145,0.9742,1.6758,0.949,0.7268,1.1834,0.3634,0.7062,0.4773,0.4102058823529412,0.0670941176470588,0.4119,0.0335,0.863,40,19.691851543330078,1.8109526585737434,-0.16953890929291174,-0.30114496447184624,0.007861302297205575,-0.5665774043476601,-0.6452498248976978,0.18384648773860515,-0.14833531958998158,-0.03544632657654243,0.3366456122595111,-0.24255327189306483,-1.0676202170091906,-0.28323996786188865,-0.4021259971464714,-5.1314,40.0,2302912.47,1778440.5,1650456.78,2884966.45,735623.33,-2.5262,minimum
Max Strus,1629622,CLE,SG,9.895,3.982,2.696,0.609,0.175,1.084,0.435,0.8044,1.955,0.3937,2.696,0.175,0.609,1.955,raw_dbb2_flat_file,14.2003,9.61441176470588,4.585888235294119,12.1879,2.2929,0.8583,5.0968,3.805411764705883,1.291388235294117,4.6277,0.6457,0.908,3.2608,2.461058823529412,0.7997411764705884,3.0959,0.3999,0.9494,0.9439,0.7529411764705882,0.1909588235294117,0.7045,0.0955,0.7464,0.5491,0.4275294117647059,0.1215705882352941,0.2358,0.0608,0.4294,1.6469,1.1886470588235294,0.4582529411764706,1.3131,0.2291,0.7973,0.4691,0.4603,0.0088,0.4394,0.0044,0.9367,0.7828,0.773,0.0098,0.8093,0.0049,1.0339,1.6758,1.1414705882352942,0.5343294117647057,2.2222,0.2672,1.3261,0.4773,0.4022529411764706,0.0750470588235294,0.4312,0.0375,0.9034,37,24.338309151898013,1.149974197085677,-0.3095786282755921,0.1496967443156656,-0.12462919738053842,-0.9090546637822043,-0.8236710373478932,1.030267661329163,-0.43446984660100624,-0.6151648042455896,0.1465977298477212,-0.6537738625544631,-1.4817086042117087,-0.025533395982671493,-0.8236413038903729,-5.6101,37.0,2297091.88,1778440.5,1666454.74,2884966.45,714630.82,-2.5319,minimum
Ousmane Dieng,1631172,MIL,SF,6.967,3.401,1.474,0.533,0.373,0.97,0.4461,0.7241,0.797,0.408,1.474,0.373,0.533,0.797,raw_dbb2_flat_file,14.2003,9.941,4.259300000000001,9.0966,2.1296,0.6406,5.0968,3.714555555555555,1.3822444444444448,4.0921,0.6911,0.8029,3.2608,2.2494444444444444,1.0113555555555558,1.9797,0.5057,0.6071,0.9439,0.7022222222222223,0.2416777777777776,0.6538,0.1208,0.6927,0.5491,0.381,0.1681,0.457,0.084,0.8323,1.6469,1.2697222222222222,0.3771777777777778,1.1586,0.1886,0.7035,0.4691,0.4623055555555556,0.0067944444444444,0.4495,0.0034,0.9582,0.7828,0.7495888888888889,0.0332111111111111,0.7407,0.0166,0.9462,1.6758,1.103,0.5728,1.0834,0.2864,0.6465,0.4773,0.4165777777777777,0.0607222222222222,0.4384,0.0304,0.9185,53,17.93790356001341,1.1894399272736922,-0.42381182581035176,-0.33835767055482296,-0.16967223266878514,-0.40507933230356724,-0.2516015668504998,-0.3088916735211441,-0.20554220839200482,-0.5586618703982881,-0.11463525645904303,-0.008987165095318304,0.11137774840588915,-0.291508741812513,-0.5242155897696734,-3.9422,53.0,2260384.54,1778440.5,1634458.81,2852970.52,706518.67,-2.5581,minimum
Tidjane Salaün,1642275,CHA,SF,6.983,4.234,1.075,0.55,0.365,0.922,0.4417,0.7018,0.879,0.4025,1.075,0.365,0.55,0.879,raw_dbb2_flat_file,14.2003,8.990764705882352,5.209535294117648,9.5878,2.6048,0.6752,5.0968,3.619529411764706,1.477270588235294,4.9726,0.7386,0.9756,3.2608,1.9743529411764704,1.2864470588235295,1.7182,0.6432,0.5269,0.9439,0.615,0.3288999999999999,0.7144,0.1644,0.7569,0.5491,0.3798235294117646,0.1692764705882353,0.4496,0.0846,0.8188,1.6469,1.1689411764705882,0.4779588235294119,1.161,0.239,0.705,0.4691,0.4548999999999999,0.0142,0.4488,0.0071,0.9567,0.7828,0.7540470588235294,0.0287529411764706,0.7162,0.0144,0.9149,1.6758,1.0884705882352943,0.5873294117647057,1.1727,0.2937,0.6998,0.4773,0.4224823529411765,0.0548176470588235,0.4299,0.0274,0.9007,45,19.209462720728272,1.489114450927103,-0.33124655738790537,0.1997866674321519,-0.4021273676051498,-0.1906616071299384,-0.28895039456424176,-0.14155580476840932,-0.2015844719585615,-0.5805804804955437,-0.5629703793471352,-0.16729376583555297,-0.43272994052779884,-0.13540380603195099,-0.3102656719097472,-4.8079,45.0,2144076.67,1730446.6,1618460.84,2756982.72,685655.65,-2.6287,minimum
Isaac Okoro,1630171,CHI,SG,8.298,3.369,1.427,0.685,0.457,0.79,0.4685,0.7358,0.941,0.392,1.427,0.457,0.685,0.941,raw_dbb2_flat_file,14.2003,8.785941176470587,5.4143588235294136,11.0052,2.7072,0.775,5.0968,3.529588235294117,1.5672117647058823,4.1526,0.7836,0.8147,3.2608,2.090058823529412,1.1707411764705884,2.0124,0.5854,0.6171,0.9439,0.6158823529411765,0.3280176470588234,0.849,0.164,0.8995,0.5491,0.3896470588235294,0.1594529411764705,0.5367,0.0797,0.9774,1.6469,1.1739411764705885,0.4729588235294117,1.0265,0.2365,0.6233,0.4691,0.4611058823529412,0.0079941176470588,0.4725,0.004,1.0072,0.7828,0.7538823529411764,0.0289176470588236,0.7503,0.0145,0.9585,1.6758,0.949,0.7268,1.3044,0.3634,0.7784,0.4773,0.4102058823529412,0.0670941176470588,0.4255,0.0335,0.8915,60,23.269296254472025,1.643997768398601,-0.5246429354061524,-0.14656989610959548,-0.9308225147196255,-0.4417228154623108,0.7567316202476031,-0.5601037408211779,-0.8874916714606077,0.7676983918818153,-1.2192225633838565,-0.748340665502033,0.300453185485832,-0.17309852563957742,-0.4936508630462158,-3.6549,60.0,2093536.43,1714448.64,1602462.88,2732985.77,666007.04,-2.6759,minimum
Spencer Jones,1642461,DEN,SF,6.248,3.374,0.966,0.639,0.444,0.718,0.4673,0.7076,0.673,0.3971,0.966,0.444,0.639,0.673,raw_dbb2_flat_file,14.2003,9.484444444444444,4.715855555555557,8.6059,2.3579,0.606,5.0968,3.5435,1.5533,4.1507,0.7767,0.8144,3.2608,2.3794444444444443,0.8813555555555559,1.4067,0.4407,0.4314,0.9439,0.6557777777777778,0.2881222222222221,0.7831,0.1441,0.8296,0.5491,0.3534444444444444,0.1956555555555555,0.5418,0.0978,0.9867,1.6469,1.0929444444444445,0.5539555555555558,0.995,0.277,0.6042,0.4691,0.4566777777777778,0.0124222222222222,0.4735,0.0062,1.0094,0.7828,0.7742055555555556,0.0085944444444444,0.7119,0.0043,0.9094,1.6758,1.0026111111111111,0.6731888888888888,1.0096,0.3366,0.6025,0.4773,0.4187833333333333,0.0585166666666666,0.4264,0.0293,0.8934,52,18.767182840241205,1.2076202003357421,-0.5162828706289482,-0.3025424993952132,-0.6790289910570716,0.052415912992640826,0.1763958101934611,-0.44718268263594574,-0.4753279086050645,0.19283333293615249,-0.6416577682621873,-0.23247883672859077,0.04336428728917815,-0.18970098265852126,-0.5112359481208717,-4.3416,52.0,1983713.06,1682452.71,1570466.95,2660994.93,608980.29,-2.7569,minimum
Leonard Miller,1631159,CHI,SF,6.708,3.474,0.926,0.485,0.371,0.754,0.4906,0.741,0.579,0.408,0.926,0.371,0.485,0.579,raw_dbb2_flat_file,14.2003,8.785941176470587,5.4143588235294136,9.4152,2.7072,0.663,5.0968,3.529588235294117,1.5672117647058823,4.2576,0.7836,0.8353,3.2608,2.090058823529412,1.1707411764705884,1.5114,0.5854,0.4635,0.9439,0.6158823529411765,0.3280176470588234,0.649,0.164,0.6876,0.5491,0.3896470588235294,0.1594529411764705,0.4507,0.0797,0.8208,1.6469,1.1739411764705885,0.4729588235294117,0.9905,0.2365,0.6014,0.4691,0.4611058823529412,0.0079941176470588,0.4946,0.004,1.0544,0.7828,0.7538823529411764,0.0289176470588236,0.7555,0.0145,0.9651,1.6758,0.949,0.7268,0.9424,0.3634,0.5624,0.4773,0.4102058823529412,0.0670941176470588,0.4415,0.0335,0.925,42,15.557214817471573,1.33983042285606,-0.3637725454369978,-0.23720731514670912,-0.5859580441054946,-0.42206291449553796,-0.2833985417959829,-0.5731062031307247,-0.4827486644177708,0.8535228658676827,0.1561957565509043,0.04874818340994354,-0.6367703238779319,-0.583777693780952,-0.41684565459969397,-5.4638,42.0,1934255.35,1666454.74,1570466.95,2628999.0,572480.61,-2.8044,minimum
Mitchell Robinson,1629011,NYK,PF,6.595,7.245,0.966,0.789,1.071,0.87,0.6008,0.5692,0.109,0.3433,0.966,1.071,0.789,0.109,raw_dbb2_flat_file,14.2003,9.263352941176471,4.936947058823529,9.0635,2.4685,0.6383,5.0968,3.6023529411764708,1.4944470588235292,7.9922,0.7472,1.5681,3.2608,2.238647058823529,1.0221529411764707,1.4771,0.5111,0.453,0.9439,0.686235294117647,0.2576647058823529,0.9178,0.1288,0.9723,0.5491,0.3651764705882353,0.1839235294117647,1.163,0.092,2.118,1.6469,1.1476470588235292,0.4992529411764708,1.1196,0.2496,0.6798,0.4691,0.4636705882352941,0.0054294117647058,0.6035,0.0027,1.2865,0.7828,0.7486411764705883,0.0341588235294118,0.5863,0.0171,0.749,1.6758,1.005941176470588,0.6698588235294118,0.4439,0.3349,0.2649,0.4773,0.4239882352941176,0.0533117647058823,0.37,0.0267,0.7752,51,20.867031333214896,1.7812262457817052,-0.6102550168749207,0.7292841054622002,-0.7532060490430593,0.7286162879726192,0.725617636868173,-1.2040735430511935,-0.47492521292063017,1.8391892954612479,-2.7984382765312072,-0.9646979018541822,-0.16579085281200764,-0.12654155276506057,-0.4208321786237433,-4.6044,51.0,1875697.46,1634458.81,1538471.02,1766442.02,558769.81,-2.8587,minimum
Nikola Topić,1642260,OKC,PG,8.373,2.668,2.88,0.765,0.239,1.501,0.4324,0.7652,1.054,0.4367,2.88,0.239,0.765,1.054,raw_dbb2_flat_file,14.2003,10.152375,4.047925000000001,10.397,2.024,0.7322,5.0968,3.7781875,1.3186125,3.3273,0.6593,0.6528,3.2608,2.4305,0.8303000000000003,3.2952,0.4152,1.0105,0.9439,0.8349375,0.1089624999999999,0.8195,0.0545,0.8682,0.5491,0.4696875,0.0794125,0.2787,0.0397,0.5076,1.6469,1.19125,0.4556500000000001,1.7288,0.2278,1.0497,0.4691,0.4647125,0.0043875,0.4346,0.0022,0.9265,0.7828,0.774775,0.008025,0.7692,0.004,0.9826,1.6758,1.098375,0.5774250000000001,1.3427,0.2887,0.8012,0.4773,0.421575,0.055725,0.4646,0.0279,0.9734,28,20.76746135474329,1.5290541801062014,-0.30145328677836464,-0.028360516781968395,-0.01780701767036154,-0.28227625124967703,-0.22292349106170972,-0.38393753048089496,0.3452174902861041,-0.014061406770711514,-0.8160963058615669,0.024772477192905887,-1.4709401777507691,-0.057570233168391,-0.24427039915037727,-8.2118,28.0,1844669.41,1634458.81,1522473.05,1746444.57,546731.98,-2.9002,minimum
Killian Hayes,1630165,SAC,PG,7.505,2.632,3.245,0.845,0.274,1.237,0.3994,0.8002,0.89,0.4149,3.245,0.274,0.845,0.89,raw_dbb2_flat_file,14.2003,11.1313125,3.0689875000000004,9.0395,1.5345,0.6366,5.0968,4.452625,0.6441749999999997,2.9541,0.3221,0.5796,3.2608,2.650875,0.609925,3.55,0.305,1.0887,0.9439,0.7828125,0.1610874999999999,0.9255,0.0805,0.9805,0.5491,0.4605,0.0886,0.3183,0.0443,0.5797,1.6469,1.4098125,0.2370875000000001,1.3555,0.1185,0.8231,0.4691,0.4689375,0.0001625,0.3995,0.0001,0.8516,0.7828,0.76156875,0.02123125,0.8108,0.0106,1.0358,1.6758,1.0809375,0.5948625000000001,1.1874,0.2974,0.7086,0.4773,0.41033125,0.06696875,0.4484,0.0335,0.9395,32,20.958933582471264,1.4518765798835336,-0.5684854182738037,-0.37435960869457896,0.15401777247460277,0.08070481481287514,0.08753191721294366,-0.645818584968621,-0.24532092756481963,-1.2392808454384998,0.15090802587126764,-0.3394338398932096,-1.214017979865568,-0.03210113412367005,-0.3062621595450299,-7.3509,32.0,1843290.92,1634458.81,1522473.05,1746444.57,536669.63,-2.8899,minimum
Jericho Sims,1630579,MIL,C,5.268,5.224,1.104,0.366,0.604,0.943,0.6092,0.6556,0.079,0.3544,1.104,0.604,0.366,0.079,raw_dbb2_flat_file,14.2003,9.941,4.259300000000001,7.3976,2.1296,0.5209,5.0968,3.714555555555555,1.3822444444444448,5.9151,0.6911,1.1606,3.2608,2.2494444444444444,1.0113555555555558,1.6097,0.5057,0.4937,0.9439,0.7022222222222223,0.2416777777777776,0.4868,0.1208,0.5157,0.5491,0.381,0.1681,0.6881,0.0841,1.2531,1.6469,1.2697222222222222,0.3771777777777778,1.1316,0.1886,0.6871,0.4691,0.4623055555555556,0.0067944444444444,0.6126,0.0034,1.3059,0.7828,0.7495888888888889,0.0332111111111111,0.6722,0.0166,0.8587,1.6758,1.103,0.5728,0.3654,0.2864,0.218,0.4773,0.4165777777777777,0.0607222222222222,0.3848,0.0304,0.8062,61,18.480053179655833,1.2671199902768704,-0.7629394760798829,-0.33945748348761645,-0.32327277023289214,-0.6780528601158177,-0.7855857957577003,-0.9238883545446588,-0.44117005015051475,1.5750881813418653,-0.32656728362005905,-0.6589697637059988,0.45113893445310693,-0.2167560640935351,-0.6884969315963572,-3.9877,61.0,1764652.92,1602462.88,1490477.12,1714448.64,485529.48,-2.9812,minimum
Jeremiah Robinson-Earl,1630526,DAL,SF,6.427,4.251,1.052,0.542,0.277,0.776,0.4457,0.7725,0.63,0.392,1.052,0.277,0.542,0.63,raw_dbb2_flat_file,14.2003,9.4712,4.729100000000001,8.7916,2.3646,0.6191,5.0968,3.9284,1.1684,4.8352,0.5842,0.9487,3.2608,2.088,1.1728,1.6384,0.5864,0.5025,0.9439,0.6827500000000001,0.2611499999999999,0.6726,0.1306,0.7126,0.5491,0.4574,0.0917,0.3229,0.0459,0.5881,1.6469,1.1912,0.4557,1.0038,0.2278,0.6095,0.4691,0.463675,0.005425,0.4484,0.0027,0.9559,0.7828,0.755695,0.027105,0.7861,0.0136,1.0042,1.6758,0.893,0.7827999999999999,1.0214,0.3914,0.6095,0.4773,0.4149949999999999,0.062305,0.4232,0.0312,0.8867,39,18.25081002409793,1.225354861946947,-0.48128822415898,0.11581048112958504,-0.4730639632759791,-0.33856030205168264,-0.9284228906900658,-0.42507111207287435,-0.46081620834910525,-0.5931054005511164,0.7161571753417455,-0.2920766158307963,-0.8408107072280648,-0.25309429363711256,-0.49857444674019646,-6.2391,39.0,1764402.29,1602462.88,1490477.12,1714448.64,486273.29,-2.9732,minimum
Guerschon Yabusele,1627824,CHI,SF,6.036,3.622,1.061,0.482,0.279,0.715,0.4499,0.7128,0.821,0.3484,1.061,0.279,0.482,0.821,raw_dbb2_flat_file,14.2003,8.785941176470587,5.4143588235294136,8.7432,2.7072,0.6157,5.0968,3.529588235294117,1.5672117647058823,4.4056,0.7836,0.8644,3.2608,2.090058823529412,1.1707411764705884,1.6464,0.5854,0.5049,0.9439,0.6158823529411765,0.3280176470588234,0.646,0.164,0.6844,0.5491,0.3896470588235294,0.1594529411764705,0.3587,0.0797,0.6533,1.6469,1.1739411764705885,0.4729588235294117,0.9515,0.2365,0.5778,0.4691,0.4611058823529412,0.0079941176470588,0.4539,0.004,0.9676,0.7828,0.7538823529411764,0.0289176470588236,0.7273,0.0145,0.9291,1.6758,0.949,0.7268,1.1844,0.3634,0.7068,0.4773,0.4102058823529412,0.0670941176470588,0.3819,0.0335,0.8001,57,16.50592925033851,1.2175978022684804,-0.4904090690116805,-0.14675261665486114,-0.46595252511348995,-0.43267765336551955,-0.7477353187776388,-0.11963162039655083,-0.5470618814612264,-0.4208877497869733,-0.3598471195896737,-1.0612604523686417,0.38343159287273315,-0.4673072925661745,-0.5041125293933683,-4.2841,57.0,1757717.8,1602462.88,1506475.09,1714448.64,477139.41,-2.9689,minimum
Tyus Jones,1626145,DEN,PG,5.743,1.626,3.138,0.621,0.106,0.678,0.4232,0.8087,0.965,0.3781,3.138,0.106,0.621,0.965,raw_dbb2_flat_file,14.2003,9.484444444444444,4.715855555555557,8.1009,2.3579,0.5705,5.0968,3.5435,1.5533,2.4026,0.7766,0.4714,3.2608,2.3794444444444443,0.8813555555555559,3.5787,0.4407,1.0975,0.9439,0.6557777777777778,0.2881222222222221,0.7651,0.1441,0.8106,0.5491,0.3534444444444444,0.1956555555555555,0.2038,0.0978,0.3712,1.6469,1.0929444444444445,0.5539555555555558,0.955,0.277,0.5799,0.4691,0.4566777777777778,0.0124222222222222,0.4294,0.0062,0.9154,0.7828,0.7742055555555556,0.0085944444444444,0.813,0.0043,1.0386,1.6758,1.0026111111111111,0.6731888888888888,1.3016,0.3366,0.7767,0.4773,0.4187833333333333,0.0585166666666666,0.4074,0.0293,0.8536,55,17.74697677330748,0.505844293881385,-0.7531162533541863,-0.8856631970916973,0.17337166367224996,-0.4685608738327227,-0.8101232405508896,-0.45324410703881846,-0.8788881291434292,-0.1955753976844575,0.20204767803021517,-1.2611905683210338,0.26328465797433936,-0.459346625914678,-1.0661485337034438,-4.4905,55.0,1747449.77,1586464.91,1490477.12,1714448.64,481561.06,-3.0031,minimum
Anthony Gill,1630264,WAS,SF,5.899,3.01,1.217,0.496,0.302,0.721,0.4992,0.7448,0.504,0.3723,1.217,0.302,0.496,0.504,raw_dbb2_flat_file,14.2003,10.083470588235295,4.116829411764705,7.9574,2.0584,0.5604,5.0968,3.858882352941176,1.2379176470588238,3.629,0.619,0.712,3.2608,2.2964117647058826,0.9643882352941175,1.6992,0.4822,0.5211,0.9439,0.7468823529411764,0.1970176470588235,0.5945,0.0985,0.6298,0.5491,0.4805294117647059,0.0685705882352941,0.3363,0.0343,0.6125,1.6469,1.3768235294117646,0.2700764705882355,0.856,0.135,0.5198,0.4691,0.4529117647058824,0.0161882352941176,0.5073,0.0081,1.0814,0.7828,0.7613705882352941,0.0214294117647059,0.7555,0.0107,0.9651,1.6758,1.0793529411764706,0.5964470588235293,0.8022,0.2982,0.4787,0.4773,0.4259705882352941,0.0513294117647058,0.398,0.0257,0.8339,54,16.754321843079826,1.1478491162254876,-0.638490884822671,-0.6213953115789778,-0.4190170332410615,-0.6148973373002041,-0.8607912296949117,-0.8358216432106057,-0.7045468103753291,1.2511890776321577,0.1561957565509043,-0.761409126260668,0.17939120952260015,-0.4368129900309696,-0.5539089734414282,-4.7536,54.0,1643044.39,1546470.0,1442483.22,1666454.74,383234.96,-3.1278,minimum
Kam Jones,1642880,IND,PG,7.275,2.345,2.802,0.698,0.172,1.162,0.4276,0.7708,0.94,0.4149,2.802,0.172,0.698,0.94,raw_dbb2_flat_file,14.2003,9.299555555555555,4.900744444444445,9.7254,2.4504,0.6849,5.0968,3.769944444444444,1.326855555555556,3.0084,0.6634,0.5903,3.2608,2.2429444444444444,1.0178555555555555,3.3109,0.5089,1.0154,0.9439,0.6926111111111112,0.2512888888888888,0.8236,0.1256,0.8726,0.5491,0.4008333333333333,0.1482666666666667,0.2461,0.0741,0.4482,1.6469,1.1437777777777778,0.5031222222222222,1.4136,0.2516,0.8583,0.4691,0.4635222222222223,0.0055777777777777,0.4304,0.0028,0.9175,0.7828,0.7666499999999999,0.0161500000000001,0.7789,0.0081,0.995,1.6758,0.973388888888889,0.702411111111111,1.2912,0.3512,0.7705,0.4773,0.4178944444444444,0.0594055555555555,0.4446,0.0297,0.9315,44,19.888907239601426,1.1590294436918736,-0.43356288494583195,-0.32401729708993066,-0.007219697398477759,-0.26823641756235195,-0.47850041807569177,-0.4707815376033542,-0.15341017997002002,-0.16066886097027544,-0.590616930433477,-0.42486495130847185,-0.44325138620996407,-0.17443303901867324,-0.5414872695079792,-5.854,44.0,1627851.65,1538471.02,1442483.22,1650456.78,381417.85,-3.1591,minimum
Pete Nance,1631250,MIL,SF,6.663,3.396,1.161,0.49,0.373,0.759,0.4786,0.6983,0.855,0.3915,1.161,0.373,0.49,0.855,raw_dbb2_flat_file,14.2003,9.941,4.259300000000001,8.7927,2.1297,0.6192,5.0968,3.714555555555555,1.3822444444444448,4.0871,0.6911,0.8019,3.2608,2.2494444444444444,1.0113555555555558,1.6667,0.5057,0.5111,0.9439,0.7022222222222223,0.2416777777777776,0.6108,0.1208,0.6471,0.5491,0.381,0.1681,0.457,0.084,0.8323,1.6469,1.2697222222222222,0.3771777777777778,0.9476,0.1886,0.5754,0.4691,0.4623055555555556,0.0067944444444444,0.482,0.0034,1.0275,0.7828,0.7495888888888889,0.0332111111111111,0.7149,0.0166,0.9133,1.6758,1.103,0.5728,1.1414,0.2864,0.6811,0.4773,0.4165777777777777,0.0607222222222222,0.4219,0.0304,0.8839,41,17.94178638062696,1.070215116854646,-0.4810809322305097,-0.3414135725308989,-0.4479072507761737,-0.557223922773304,-0.2516015668504998,-0.2002076826179122,-0.5534932031655719,0.4589878841171008,-0.5867595899493598,-0.3162882135910679,-0.7047837849946429,-0.29103206130778125,-0.6093350656765466,-6.3699,41.0,1605297.19,1522473.05,1426485.26,1634458.81,346043.97,-3.1826,minimum
Jaylon Tyson,1642281,CLE,SG,9.102,3.323,2.058,0.694,0.263,1.185,0.4599,0.7685,1.228,0.4266,2.058,0.263,0.694,1.228,raw_dbb2_flat_file,14.2003,9.61441176470588,4.585888235294119,11.3949,2.2929,0.8024,5.0968,3.805411764705883,1.291388235294117,3.9687,0.6457,0.7787,3.2608,2.461058823529412,0.7997411764705884,2.4579,0.3999,0.7538,0.9439,0.7529411764705882,0.1909588235294117,0.7895,0.0955,0.8364,0.5491,0.4275294117647059,0.1215705882352941,0.3238,0.0608,0.5897,1.6469,1.1886470588235294,0.4582529411764706,1.4141,0.2291,0.8586,0.4691,0.4603,0.0088,0.4643,0.0044,0.9898,0.7828,0.773,0.0098,0.7734,0.0049,0.988,1.6758,1.1414705882352942,0.5343294117647057,1.4952,0.2672,0.8922,0.4773,0.4022529411764706,0.0750470588235294,0.4641,0.0375,0.9723,61,20.7538830785725,1.4228837646010146,-0.45377918256199984,-0.2612477221971672,-0.5993420136817267,-0.6341535765352082,-0.3614728523415667,-0.22948392873762458,-0.2748215412596952,0.42511596867200524,-0.6844691943389509,-0.10794091220796731,0.3779384806900729,-0.5203228410206755,-0.6413472723411568,-4.3722,61.0,1572727.99,1506475.09,1394489.33,1618460.84,326091.85,-3.2474,minimum
Kobe Brown,1641738,IND,SF,5.975,3.258,1.134,0.475,0.306,0.774,0.4677,0.7409,0.636,0.3915,1.134,0.306,0.475,0.636,raw_dbb2_flat_file,14.2003,9.299555555555555,4.900744444444445,8.4254,2.4504,0.5933,5.0968,3.769944444444444,1.326855555555556,3.9214,0.6634,0.7694,3.2608,2.2429444444444444,1.0178555555555555,1.6429,0.5089,0.5038,0.9439,0.6926111111111112,0.2512888888888888,0.6006,0.1256,0.6363,0.5491,0.4008333333333333,0.1482666666666667,0.3801,0.0741,0.6922,1.6469,1.1437777777777778,0.5031222222222222,1.0256,0.2516,0.6227,0.4691,0.4635222222222223,0.0055777777777777,0.4705,0.0028,1.003,0.7828,0.7666499999999999,0.0161500000000001,0.749,0.0081,0.9568,1.6758,0.973388888888889,0.702411111111111,0.9872,0.3512,0.5891,0.4773,0.4178944444444444,0.0594055555555555,0.4212,0.0297,0.8825,55,16.297939290027617,1.1182845487892419,-0.5502975916188741,-0.442686164018056,-0.469063779309579,-0.5933140349312416,-0.6397265467406016,-0.48915718946753883,-0.42486676907866083,0.0988964325193472,0.03724970353977909,-0.3293252277696751,0.24740467063931115,-0.4928415031640363,-0.5750163291733575,-4.9484,55.0,1529226.86,1490477.12,1378491.36,1586464.91,257394.61,-3.3068,minimum
Chaney Johnson,1643052,BKN,SG,8.829,3.165,2.459,0.825,0.323,1.254,0.4562,0.7943,1.017,0.4266,2.459,0.323,0.825,1.017,raw_dbb2_flat_file,14.2003,8.809833333333334,5.390466666666667,11.5242,2.6952,0.8115,5.0968,3.629055555555555,1.467744444444445,3.8989,0.7339,0.765,3.2608,1.9996111111111112,1.261188888888889,3.0896,0.6306,0.9475,0.9439,0.7076666666666667,0.2362333333333333,0.9431,0.1181,0.9992,0.5491,0.4147222222222222,0.1343777777777778,0.3902,0.0672,0.7106,1.6469,1.1893333333333334,0.4575666666666667,1.4828,0.2288,0.9004,0.4691,0.4530777777777778,0.0160222222222222,0.4642,0.008,0.9896,0.7828,0.7681388888888888,0.0146611111111112,0.8016,0.0073,1.024,1.6758,1.0036111111111112,0.6721888888888887,1.3531,0.3361,0.8074,0.4773,0.4118722222222222,0.0654277777777777,0.4593,0.0327,0.9623,32,21.287444300005617,1.767757129450359,-0.4302670366991593,-0.30477416189761614,-0.1293168004255188,-0.1373911412276946,-0.01272331274588371,-0.47571597956085804,-0.16622908010179357,0.4209381342426178,-0.03165339316724818,-0.18757611469013133,-1.8691350802329132,-0.4466707541185844,-0.41098394494041485,-8.7863,32.0,1485192.46,1442483.22,1346495.43,1554468.98,229305.5,-3.434,minimum
Elijah Harkless,1641989,UTA,PG,7.787,2.471,2.444,0.914,0.23,1.081,0.408,0.775,1.029,0.4127,2.444,0.23,0.914,1.029,raw_dbb2_flat_file,14.2003,11.249888888888888,2.950411111111112,9.2622,1.4752,0.6523,5.0968,4.457277777777778,0.6395222222222223,2.7908,0.3198,0.5476,3.2608,2.645388888888889,0.6154111111111114,2.7517,0.3077,0.8439,0.9439,0.8517222222222222,0.0921777777777778,0.9601,0.0461,1.0172,0.5491,0.4432222222222222,0.1058777777777778,0.2829,0.0529,0.5152,1.6469,1.477666666666667,0.1692333333333333,1.1656,0.0846,0.7078,0.4691,0.45565,0.0134499999999999,0.4147,0.0067,0.884,0.7828,0.7633666666666667,0.0194333333333333,0.7847,0.0097,1.0024,1.6758,1.2035,0.4722999999999999,1.2651,0.2361,0.7549,0.4773,0.4321166666666667,0.0451833333333333,0.4353,0.0226,0.912,35,20.69798382161589,1.690620069299403,-0.524678379095878,-0.5257573892662007,-0.38431711752824266,0.1991873137351798,-0.18999640230530723,-0.5147937431547364,-0.5457314433695086,-0.7087014873829331,-0.4557942111053432,-0.6339463555616117,-1.021326331451667,-0.06681193988273829,-0.11449499978686853,-8.1539,35.0,1450351.56,1410487.29,1314499.5,1522473.05,180603.08,-3.5068,minimum
Steven Adams,203500,HOU,C,5.986,6.886,1.374,0.562,0.676,1.071,0.5094,0.5878,0.166,0.3433,1.374,0.676,0.562,0.166,raw_dbb2_flat_file,14.2003,8.824733333333334,5.375566666666666,8.6738,2.6878,0.6108,5.0968,4.1628,0.9340000000000002,7.353,0.467,1.4427,3.2608,1.8478666666666668,1.4129333333333334,2.0805,0.7065,0.638,0.9439,0.6666000000000001,0.2772999999999999,0.7006,0.1386,0.7422,0.5491,0.4863333333333333,0.0627666666666666,0.7074,0.0314,1.2883,1.6469,1.1314666666666668,0.5154333333333332,1.3287,0.2577,0.8068,0.4691,0.4574066666666666,0.0116933333333333,0.5152,0.0058,1.0983,0.7828,0.7326733333333333,0.0501266666666667,0.6129,0.0251,0.783,1.6758,0.7818666666666666,0.8939333333333334,0.613,0.447,0.3658,0.4773,0.4135466666666667,0.0637533333333333,0.3752,0.0319,0.7861,43,20.042065177300074,1.927877559482798,-0.4751242524927648,0.2606456866647665,0.09222950177020237,0.25183528144316214,-0.7258466079794355,-0.10146143995571107,-0.05366485003702542,-0.5961251117416886,-1.4368436234130546,-0.8795300360572145,-0.9441361205565021,0.006669645830210235,-0.11262048585776899,-6.8601,43.0,1426877.21,1394489.33,1314499.5,1490477.12,145339.1,-3.5892,minimum
Pat Spencer,1630311,GSW,PG,6.885,2.196,2.563,0.687,0.131,1.059,0.4286,0.7957,0.852,0.4089,2.563,0.131,0.687,0.852,raw_dbb2_flat_file,14.2003,9.445555555555556,4.754744444444444,9.2624,2.3774,0.6523,5.0968,3.606555555555556,1.490244444444444,2.9411,0.7451,0.577,3.2608,2.3485555555555555,0.9122444444444446,3.0191,0.4561,0.9259,0.9439,0.7605555555555555,0.1833444444444444,0.7787,0.0917,0.825,0.5491,0.4103888888888888,0.1387111111111111,0.2004,0.0694,0.365,1.6469,1.1836111111111112,0.4632888888888888,1.2906,0.2316,0.7837,0.4691,0.4614777777777777,0.0076222222222222,0.4324,0.0038,0.9218,0.7828,0.7820055555555556,0.0007944444444444,0.7961,0.0004,1.017,1.6758,1.1357222222222223,0.5400777777777777,1.122,0.27,0.6695,0.4773,0.3990277777777777,0.0782722222222222,0.448,0.0391,0.9386,51,17.347285484445237,1.1021868323010857,-0.5246390373453815,-0.38641209581908026,-0.20399549710138454,-0.4219897181869615,-0.8367785028775013,-0.7561020425571416,-0.3479888710915406,-0.09085578754191129,-0.19079783173624715,-0.3484265884632374,0.006362460089138127,-0.5125124408432383,-0.587145252334311,-5.8939,51.0,1422315.12,1362493.4,1314499.5,1458481.19,193554.3,-3.6517,minimum
Gabe Vincent,1629216,ATL,PG,6.437,1.686,1.934,0.709,0.131,0.801,0.3997,0.807,1.101,0.4089,1.934,0.131,0.709,1.101,raw_dbb2_flat_file,14.2003,9.143944444444443,5.056355555555555,8.9652,2.5282,0.6313,5.0968,3.657666666666666,1.4391333333333338,2.4056,0.7196,0.472,3.2608,2.035888888888889,1.224911111111111,2.5465,0.6125,0.7809,0.9439,0.709111111111111,0.2347888888888889,0.8264,0.1174,0.8755,0.5491,0.4205,0.1286,0.1953,0.0643,0.3557,1.6469,1.1113888888888888,0.5355111111111113,1.0688,0.2678,0.649,0.4691,0.4601722222222222,0.0089277777777778,0.4042,0.0045,0.8616,0.7828,0.7444944444444445,0.0383055555555555,0.8262,0.0192,1.0554,1.6758,1.0002222222222223,0.6755777777777776,1.4388,0.3378,0.8586,0.4773,0.4212388888888889,0.0560611111111111,0.4369,0.028,0.9154,53,19.97784392582501,0.8917074812245949,-0.5831008785832781,-0.8828818539091199,-0.522694067833371,-0.25864823845881274,-0.8767613963674187,-0.2218849268989858,-0.6988632913415671,-1.0752201228818448,0.5088855909839056,-0.5979753612815017,0.13482355903173876,-0.16260293030256323,-0.7562096630222642,-5.6446,53.0,1417667.71,1386490.35,1314499.5,1474479.16,146484.09,-3.6281,minimum
Matisse Thybulle,1629680,POR,SG,7.383,2.491,1.84,1.473,0.418,1.001,0.4375,0.767,1.23,0.4089,1.84,0.418,1.473,1.23,raw_dbb2_flat_file,14.2003,9.020555555555555,5.179744444444445,9.9729,2.5899,0.7023,5.0968,3.588833333333333,1.5079666666666665,3.245,0.754,0.6367,3.2608,2.1012222222222223,1.1595777777777778,2.4198,0.5798,0.7421,0.9439,0.7107777777777778,0.2331222222222221,1.5896,0.1166,1.6841,0.5491,0.4397777777777778,0.1093222222222222,0.4727,0.0547,0.8609,1.6469,1.2561666666666669,0.3907333333333334,1.1964,0.1954,0.7265,0.4691,0.4412666666666667,0.0278333333333333,0.4514,0.0139,0.9623,0.7828,0.7468,0.036,0.785,0.018,1.0028,1.6758,1.005111111111111,0.6706888888888889,1.5653,0.3353,0.9341,0.4773,0.4309944444444444,0.0463055555555555,0.4321,0.0232,0.9053,38,20.17415781715964,1.1767895892284443,-0.71235823451064,-0.712538329807694,-0.6276908511442272,1.953474187068577,0.42058748569754767,-0.1080140711534683,-0.6189347697032934,-0.11382467271903698,-0.4159350349917244,-0.6388422620890583,-1.4042233090074678,-0.6003473510820195,-0.8057295612359,-7.9026,38.0,1408428.89,1378491.36,1314499.5,1474479.16,116771.82,-3.6658,minimum
Nate Williams,1631466,GSW,PG,7.418,2.116,1.738,0.605,0.143,1.006,0.4512,0.8015,0.913,0.4181,1.738,0.143,0.605,0.913,raw_dbb2_flat_file,14.2003,9.445555555555556,4.754744444444444,9.7954,2.3774,0.6898,5.0968,3.606555555555556,1.490244444444444,2.8611,0.7451,0.5614,3.2608,2.3485555555555555,0.9122444444444446,2.1941,0.4561,0.6729,0.9439,0.7605555555555555,0.1833444444444444,0.6967,0.0917,0.7381,0.5491,0.4103888888888888,0.1387111111111111,0.2124,0.0694,0.3868,1.6469,1.1836111111111112,0.4632888888888888,1.2376,0.2316,0.7515,0.4691,0.4614777777777777,0.0076222222222222,0.455,0.0038,0.9699,0.7828,0.7820055555555556,0.0007944444444444,0.8019,0.0004,1.0244,1.6758,1.1357222222222223,0.5400777777777777,1.183,0.27,0.7059,0.4773,0.3990277777777777,0.0782722222222222,0.4572,0.0391,0.9579,31,17.334037577888218,1.2287361302396154,-0.4197932722720339,-0.46058124735447376,-0.7603355750825288,-0.702786391933464,-0.7427011064306366,-0.6532382671305398,-0.4318317217373989,0.6980319421986031,-0.05597511240811341,-0.14159337135260414,-1.2782485293368682,-0.5142746402401938,-0.48549640949282713,-9.7999,31.0,1407549.0,1362493.4,1314499.5,1458481.19,156179.93,-3.6836,minimum
Jalen Pickett,1629618,DEN,PG,6.375,2.121,2.274,0.52,0.154,0.881,0.43,0.7947,0.949,0.4127,2.274,0.154,0.52,0.949,raw_dbb2_flat_file,14.2003,9.484444444444444,4.715855555555557,8.7329,2.3579,0.615,5.0968,3.5435,1.5533,2.8976,0.7766,0.5685,3.2608,2.3794444444444443,0.8813555555555559,2.7147,0.4407,0.8325,0.9439,0.6557777777777778,0.2881222222222221,0.6641,0.1441,0.7036,0.5491,0.3534444444444444,0.1956555555555555,0.2518,0.0978,0.4586,1.6469,1.0929444444444445,0.5539555555555558,1.158,0.277,0.7031,0.4691,0.4566777777777778,0.0124222222222222,0.4362,0.0062,0.9299,0.7828,0.7742055555555556,0.0085944444444444,0.799,0.0043,1.0207,1.6758,1.0026111111111111,0.6731888888888888,1.2856,0.3366,0.7672,0.4773,0.4187833333333333,0.0585166666666666,0.442,0.0293,0.926,50,17.377430284140978,0.9219591503765561,-0.6287963217850387,-0.42674157196645035,-0.4092681270861848,-0.8144201914960979,-0.43381365476343103,-0.48022476944579606,-0.5577541917640092,0.04178905197197941,-0.12338647207217898,-0.4833178170136507,-0.05786808938216219,-0.5085026640821676,-0.7319104593647777,-6.046,50.0,1402936.25,1346495.43,1314499.5,1458481.19,147675.79,-3.6985,minimum
Luka Garza,1630568,BOS,C,6.78,4.189,0.834,0.396,0.566,0.745,0.5443,0.7048,0.405,0.3544,0.834,0.566,0.396,0.405,raw_dbb2_flat_file,14.2003,10.554846153846151,3.6454538461538473,8.6027,1.8227,0.6058,5.0968,4.29,0.8068,4.5924,0.4034,0.901,3.2608,2.365692307692308,0.8951076923076924,1.2816,0.4476,0.393,0.9439,0.6874615384615385,0.2564384615384615,0.5242,0.1282,0.5554,0.5491,0.4480769230769231,0.1010230769230769,0.6165,0.0505,1.1227,1.6469,1.1839230769230769,0.4629769230769232,0.9765,0.2315,0.5929,0.4691,0.4659153846153846,0.0031846153846153,0.5459,0.0016,1.1637,0.7828,0.764453846153846,0.018346153846154,0.714,0.0092,0.9121,1.6758,1.2137692307692307,0.4620307692307692,0.636,0.231,0.3795,0.4773,0.4291384615384616,0.0481615384615384,0.3785,0.0241,0.793,56,15.479539401405464,1.6425327678083153,-0.49115909217074943,-0.89148228574129,-0.6128358446683536,-0.515387675390346,-1.0072088965309522,-0.025064755644136686,-0.7461018438471263,0.08823061821380636,0.45605583616657075,-0.8037124424364834,0.0635625302837711,-0.6459409372267916,-0.36130979657878926,-5.5648,56.0,1386135.72,1314499.5,1314499.5,1426485.26,131955.08,-3.7873,minimum
Jevon Carter,1628975,ORL,PG,6.746,1.873,1.906,0.674,0.179,0.793,0.4104,0.8045,1.215,0.3937,1.906,0.179,0.674,1.215,raw_dbb2_flat_file,14.2003,9.959933333333334,4.240366666666667,8.8662,2.1202,0.6244,5.0968,3.8836,1.2132,2.4796,0.6066,0.4865,3.2608,2.1512666666666664,1.1095333333333337,2.4608,0.5548,0.7547,0.9439,0.7268000000000001,0.2170999999999998,0.7826,0.1086,0.8291,0.5491,0.4478,0.1013,0.2296,0.0506,0.4181,1.6469,1.2436666666666667,0.4032333333333333,0.9946,0.2016,0.6039,0.4691,0.4565933333333333,0.0125066666666666,0.4167,0.0063,0.8883,0.7828,0.7623666666666666,0.0204333333333334,0.8147,0.0102,1.0408,1.6758,0.9354666666666668,0.7403333333333333,1.5852,0.3702,0.9459,0.4773,0.4337466666666666,0.0435533333333333,0.4155,0.0218,0.8705,52,17.11727523674105,0.7968069574851395,-0.602575045079078,-0.8142753887388812,-0.5804860007824426,-0.40863475443560343,-0.6078568381901307,0.024988134124858733,-0.8162432822457688,-0.638888413954569,0.24156468197122127,-1.0790874097779761,0.07059300956043844,-0.5431077592849365,-0.832437098340413,-5.9174,52.0,1383293.42,1330497.47,1314499.5,1426485.26,101549.4,-3.7713,minimum
