player_id,player_name,team,position,role,age,projected_games,minutes,points,rebounds,assists,steals,blocks,turnovers,fg_pct,three_pt_pct,ft_pct,fta,fantasy_points,consistency,offense_projection_raw,offense_recent_blend,offense_baseline_score,offense_trend,offense_availability_factor,offense_history_seasons,offense_baseline_sample_size,offense_age_band,defense_projection_raw,defense_recent_blend,defense_baseline_score,defense_trend,defense_availability_factor,defense_history_seasons,defense_baseline_sample_size,defense_age_band,offense_projection_z,defense_projection_z,advanced_projection_raw,advanced_projection_z,offense_projection_band,defense_projection_band,advanced_projection_band,offense_wins_component,defense_wins_component,strict_wins,strict_wins_gap_from_baseline
1628983,Shai Gilgeous-Alexander,OKC,G,Starter,27,69,33.5097709232156,25.97224223974764,4.446714245582816,5.816243714922617,1.4550604093385244,0.6579360918137753,2.23015340315648,0.512356707835712,0.3730224493484358,0.8719141581884637,6.932253861621031,44.14150100713137,77,1.9735,3.3909,0.1699,3.8479,0.75,24,6780,24-27,0.7684,1.3566,-0.0093,-0.6262,1.0266,18,2254,24-27,3.360062157625584,1.0024760611615222,1.431205,3.42577771492916,elite,above,elite,4.407,1.404,11.811,5.811
1642530,Yuki Kawamura,CHI,G,Bench,24,24,10.654096359235462,3.710785261361125,1.405160758344056,1.5191089122403647,0.4221240499164626,0.0706145537964882,0.6204594997419127,0.3878565514394138,0.3197155624083843,0.794750786074184,0.7915395845273772,8.533397851131479,57,0.0632,0.5816,-0.8032,-0.9306,0.75,6,637,24-27,2.7114,2.9025,0.3726,5.0446,1.15,3,152,24-27,-0.2351236056796638,3.783753600818332,1.2548899999999998,2.9601113303627056,average,elite,elite,0.141,4.954,11.095,5.095
1630167,Obi Toppin,IND,F,Rotation,28,49,20.0175554813036,10.025967795086656,4.250297303422192,1.7032903589616906,0.5709831358528508,0.3195044814913524,0.9990822664347462,0.5043057433919065,0.3656408444628304,0.8090299272158352,1.683124404693809,19.353640683233685,66,1.3281,1.8913,0.0276,2.9597,0.8668,18,901,28-31,1.149,1.5955,0.0602,0.2375,1.15,29,343,28-31,2.265865613503013,1.57720480524383,1.247505,3.116190257726971,elite,elite,elite,2.966,2.099,11.065,5.065
1630200,Tre Jones,CHI,G,Rotation,26,60,23.868012933109902,10.230749943369188,2.8762728356440856,4.110865512834365,0.9320165278436604,0.1977395978494061,1.242415370420499,0.496588138395907,0.3483097562632858,0.8258005627267619,2.152177664852797,21.995428622052334,70,2.0891,2.4555,0.0582,3.7149,1.054,18,1309,24-27,0.1644,0.0021,0.0744,1.1933,1.15,26,913,24-27,3.577621428021902,0.1378895279897708,1.2229850000000002,2.875846883210776,elite,average,elite,4.665,0.3,10.965,4.965
1628392,Isaiah Hartenstein,OKC,C,Rotation,27,53,23.97195059056206,8.803211687258313,8.19242548858171,2.494689385842097,0.8128597973476365,0.9646621556361916,1.415983737521208,0.5837055496769378,0.2356032227134905,0.6562862288603462,2.1132443982068607,26.29273847374979,72,1.1991,1.4459,0.0582,2.4604,0.9989,24,1309,24-27,1.0831,1.5893,0.1525,-0.5747,1.15,34,236,24-27,1.734582649636817,1.5258472308602224,1.1469,2.8128717943891925,elite,elite,elite,2.678,1.979,10.657,4.657
204456,T.J. McConnell,IND,G,Rotation,34,59,18.9029374952614,8.691324884893266,2.3595530100638964,4.073198375505806,0.9187398336536718,0.191697907047658,1.2297685483452934,0.4977604531405152,0.3492786575096215,0.7944838399327172,0.9448153575774828,19.734130733987342,72,1.9058,2.3795,-0.0177,4.5483,0.9543,33,610,32+,0.1915,0.2627,-0.0463,0.2276,1.15,55,315,32+,3.2326507163986737,0.1766814072098941,1.1343649999999998,2.641792179979177,elite,average,elite,4.256,0.35,10.606,4.606
1629750,Javonte Green,DET,G,Rotation,32,61,19.174032841043303,6.842916251515051,2.7102218503483746,1.464693830636096,0.9745501449887556,0.2911234347852686,0.7514879611601238,0.4313880339764228,0.3609014926333146,0.8024644697615265,1.3705998826628254,15.337755996049191,63,0.3526,0.4106,-0.0177,0.9816,0.9778,18,610,32+,2.0327,2.3482,-0.0463,3.7255,1.15,26,315,32+,0.3095273705547174,2.812238898726167,1.108645,2.5738629657259997,average,elite,elite,0.787,3.714,10.501,4.501
1630191,Isaiah Stewart,DET,F,Rotation,24,58,22.4798505834992,8.704318698040304,4.999324180554656,1.3423582812722263,0.466962623195726,1.0135594523344362,1.088931972099742,0.506808546164827,0.3493460704494066,0.7410220844004515,1.8543258220381864,20.069679391104973,67,0.427,0.4706,0.0582,1.0444,1.0049,18,1309,24-27,1.9234,2.1864,0.1733,3.0866,1.15,18,714,24-27,0.5524149524846451,2.6574170807331603,1.10038,2.72238345546728,above,elite,elite,0.954,3.514,10.468,4.468
1630699,MarJon Beauchamp,PHI,F,Bench,25,26,11.30433218754601,4.535588446073487,2.165072530415627,0.7138605090952913,0.3899902594981947,0.2516116837674418,0.6286667890056011,0.4462510453043926,0.3442470738399629,0.7031278065376826,0.9325904428038596,9.500605287006485,51,-0.2002,0.0047,-0.8032,-0.5862,0.7808,9,637,24-27,2.663,3.3136,0.2252,2.5994,1.15,17,98,24-27,-0.6402121195281396,3.6890867591318015,1.08824,2.68988853903953,below,elite,elite,-0.447,4.866,10.419,4.419
1630245,Ayo Dosunmu,MIN,G,Rotation,26,61,25.997366122035068,11.604660942465882,3.02842350949715,3.302284959799097,0.845229274719892,0.2966381005829377,1.347315060420579,0.4813089158532279,0.3849599174262522,0.8234327117469094,1.774650695330584,22.270483659049017,66,1.513,1.6378,0.0582,2.812,1.1122,15,1309,24-27,0.5589,0.8413,0.0744,-0.4107,1.15,23,913,24-27,2.4934008771973435,0.7025905004007905,1.083655,2.507861757942681,elite,above,elite,3.379,1.021,10.4,4.4
1642844,Dylan Harper,SAS,G,Rotation,20,66,22.059995533805694,10.105269073447706,3.057322439361056,3.1448198401018246,0.7920392211983996,0.3049665480529637,1.3841994724114848,0.4670458033282927,0.3422818917585641,0.765036606712716,1.7254040709393856,20.39810359617632,72,1.2521,1.5639,-0.2397,2.2278,1.0616,3,907,21-23,0.8098,0.9994,0.1139,0.7038,1.15,6,799,21-23,2.002386918318456,1.061737455984884,1.053065,2.427070363541253,elite,above,elite,2.796,1.48,10.276,4.276
1642349,Ajay Mitchell,OKC,G,Rotation,23,55,21.856851235863072,9.798464295269786,2.728628440295932,2.668547830118724,0.9109002268313352,0.2402939275331742,1.2170864081836283,0.4630063037869898,0.3559648361769575,0.8280860745638282,1.8936672934916363,19.31213622371289,72,0.3948,0.987,-0.2397,-1.7316,0.9666,6,907,21-23,1.6804,2.225,0.1139,0.9201,1.15,9,799,21-23,0.3889477962530273,2.307944468864564,0.97332,2.216455464994607,above,elite,elite,0.882,3.07,9.952,3.952
1630596,Evan Mobley,CLE,C,Starter,24,65,31.62610590381789,17.04005892496109,9.289484873435423,2.926119502107196,0.805310565459569,1.6080719336832432,1.9975246788861265,0.5497387246695792,0.3338928185632803,0.675401431467513,4.388991923647678,37.81924284478672,67,0.9628,1.5299,0.1699,2.4685,0.75,15,6780,24-27,0.9191,1.3122,-0.0132,1.2671,1.01,9,508,24-27,1.3128805218257078,1.2798024307631883,0.943135,2.235232814446732,elite,elite,elite,2.15,1.679,9.829,3.829
1630194,Paul Reed,DET,F,Bench,26,53,12.988823354527348,5.595143288200195,3.557178443319504,0.9541825757218604,0.6508792175729735,0.6281653230595237,0.7053203443170509,0.533258512489381,0.3236446056481566,0.6930828206680534,1.2044464146444454,14.42684456134683,53,1.1592,1.5133,-0.8032,2.251,1.15,18,637,24-27,0.6646,0.984,0.2252,-0.8004,1.15,29,98,24-27,1.9447005744995705,0.9015141721768984,0.93663,2.2840768191374634,elite,above,elite,2.589,1.214,9.803,3.803
1642959,Chris Youngblood,POR,G,Scrub,24,25,5.635052347379469,1.970256891387012,0.8151290847246192,0.5397162497311363,0.1829020887510119,0.0677049401644692,0.2424225810983927,0.3556740405700023,0.3008737879872465,0.767102881188287,0.3854032479808187,4.267384673301311,68,0.5138,1.1324,-1.5874,2.0373,0.9464,3,190,24-27,1.4359,1.9704,0.3726,-0.4538,1.15,5,152,24-27,0.6129058687198256,1.957958695088913,0.9287450000000002,2.098728220619201,above,elite,elite,1.147,2.624,9.771,3.771
203507,Giannis Antetokounmpo,MIL,F,Starter,31,52,32.100584462586426,23.817846104718303,9.076022001580808,4.81408856476153,1.0207529692021031,0.7946522903588069,2.6668671005558253,0.567310729337513,0.3416076232954783,0.6696531373518048,7.686524532063908,44.70955403188447,69,1.059,2.1339,0.173,-0.1822,0.75,39,4542,28-31,0.7148,1.4918,-0.0316,-0.847,0.8925,38,1195,28-31,1.7541692724975275,0.971538263382431,0.90411,2.197031128673673,elite,above,elite,2.365,1.306,9.671,3.671
1629731,Dean Wade,CLE,F,Rotation,29,59,21.790368640822862,6.889446290392282,4.255676402310929,1.325020493687049,0.6832293462077095,0.4097207021716048,0.6127764290706372,0.4482590343089007,0.3670976719487432,0.7282448903774318,1.09376706087777,16.64986242976327,65,1.1836,1.3428,0.0276,3.1553,0.9902,18,901,28-31,0.4618,0.5565,0.0602,0.4958,1.15,29,343,28-31,1.991097418500068,0.6186280029242691,0.8587899999999999,2.075723911828071,elite,above,elite,2.643,0.844,9.487,3.487
1629660,Ty Jerome,MEM,G,Rotation,28,32,21.785694979551096,13.032463017628944,2.655528723896194,3.708890591065772,0.9637195512423968,0.1917640548387241,1.4046078969269344,0.4676569065902468,0.4038854723300186,0.8537438719797393,2.369848631862219,23.84427629421947,76,1.7624,2.9502,0.0276,3.7187,0.7675,18,901,28-31,-0.2595,-0.5601,0.1577,0.2318,0.9771,25,441,28-31,2.9627718290731373,-0.4688956233537812,0.8525450000000001,1.8974760384227705,elite,below,elite,3.936,-0.474,9.462,3.462
1642352,Keshad Johnson,MIA,F,Bench,24,32,9.99386452426464,3.9169265061311673,2.1726856493947624,0.4944194399199715,0.3800828986491036,0.3050095047402796,0.465719827700795,0.4842460152103206,0.3231266883210322,0.686119281569747,0.8867208257739996,8.855335827752194,50,0.208,0.7299,-0.8032,-0.1186,0.7946,6,637,24-27,1.6047,2.3083,0.2252,-0.572,1.15,5,98,24-27,0.135984262480181,2.2128617447330963,0.8365150000000001,2.0161008258784734,average,elite,elite,0.465,2.932,9.397,3.397
1630188,Jalen Smith,CHI,F,Rotation,26,57,19.7164937518596,9.07317877937632,5.400004346730281,1.2090881192088938,0.4987112417710461,0.6260298874799101,0.9016924346910692,0.4876893530538592,0.3619044088725909,0.7378135046433052,1.7145897751339343,19.8393471273278,66,0.543,0.6578,0.0582,1.4068,0.9318,18,1309,24-27,1.1806,1.4746,0.1733,0.8986,1.15,28,714,24-27,0.7729901124870098,1.6212837152457191,0.82992,1.9984481097465945,above,elite,elite,1.213,2.157,9.37,3.37
1630163,LaMelo Ball,CHA,G,Rotation,24,56,26.30200189263392,16.216079687400384,3.9174168140454,5.203355880322189,1.0844154125968553,0.241286619664229,2.338295472504908,0.4164909156865348,0.356034727101506,0.8450055896318226,2.758809414704434,30.36082430901649,76,1.5785,1.8332,0.0582,2.5775,1.0783,18,1309,24-27,-0.1741,-0.2331,0.0744,-0.3389,1.15,17,913,24-27,2.6166719170845307,-0.346651103597378,0.78983,1.7318391538236997,elite,average,elite,3.525,-0.318,9.207,3.207
1628378,Donovan Mitchell,CLE,G,Starter,29,67,33.18875847188718,22.61869689257144,4.379101514651342,5.281712704938323,1.397502052557946,0.3187039088283547,2.402889019346526,0.4626268791436382,0.3676198805472389,0.8449126393506146,4.902801338678081,38.54191663237292,74,0.6075,1.5574,0.173,-2.4557,0.75,27,4542,28-31,0.9947,1.2382,-0.0817,2.6961,1.0067,33,1495,28-31,0.789249325779817,1.3264097241694153,0.7817400000000001,1.7104726163700366,above,elite,elite,1.357,1.817,9.174,3.174
1627759,Jaylen Brown,BOS,G,Starter,29,68,33.778027937658926,22.126107789707557,5.409928427640707,4.727022421275834,1.1426261541131402,0.3568372310956672,2.6887560903114456,0.4695591381961536,0.3520862642796152,0.7873442226270035,5.156666759713678,37.51818960010513,73,1.0838,1.8507,0.173,1.9891,0.75,30,4542,28-31,0.3981,0.7146,-0.0817,-0.1171,1.0143,30,1495,28-31,1.685646215829699,0.4724158074636753,0.7752350000000001,1.6932922299502493,elite,above,elite,2.42,0.727,9.147,3.147
1626164,Devin Booker,PHX,G,Starter,29,66,34.37806990093482,22.455759156133603,4.03087718997125,5.878173961902278,0.992228374327174,0.2961502239527442,2.6312807730717576,0.4604754605413545,0.3485590582393942,0.867161002225154,5.876393968447109,37.34392774872051,74,1.1446,1.9658,0.173,2.0513,0.75,33,4542,28-31,0.3206,0.5973,-0.0817,-0.1306,0.9992,31,1495,28-31,1.800071852854752,0.3614796215020681,0.7738,1.6895022446293584,elite,above,elite,2.556,0.586,9.142,3.142
1629674,Neemias Queta,BOS,C,Rotation,26,62,20.300695188448483,7.898056524340047,6.186830502400573,1.184929939318824,0.5707893572914245,1.005660285051921,0.945624662056975,0.5927387699872418,0.2945737375252798,0.6897473405769549,1.860968213895804,20.88337230117203,65,0.3057,0.8558,0.0582,-2.6095,0.9867,12,1309,24-27,1.3327,1.4372,0.1525,2.5078,1.15,12,236,24-27,0.1402166700073421,1.9003154144225385,0.76785,1.7383297712390458,average,elite,elite,0.683,2.435,9.118,3.118
1630193,Immanuel Quickley,TOR,G,Starter,26,63,31.472119977887303,16.89146229834691,3.9938046732683032,5.343086736103928,1.1102202801641567,0.19956144704736,1.8391805685307228,0.4401449247831121,0.3742148184867939,0.8325380476954737,3.5589271325329888,31.7888226235286,71,1.2351,1.9872,0.1699,3.1264,0.75,18,6780,24-27,0.1016,0.2594,-0.0093,-0.493,0.9808,17,2254,24-27,1.9703929079660565,0.0479954314944297,0.725025,1.5606823602903697,elite,average,elite,2.758,0.186,8.944,2.944
2544,LeBron James,LAL,F,Starter,41,63,33.82225177391475,21.687143416038985,7.17918636009736,6.831295014122924,1.1673818400530127,0.5499855196395045,3.1047678841518227,0.5149169264919548,0.3657215089674529,0.7634019791472403,5.145000403585306,42.59644376426593,71,1.4987,2.6094,0.0832,2.8133,0.75,57,2897,32+,-0.2376,-0.3547,-0.1119,0.0507,0.9846,41,747,32+,2.5902632195064905,-0.3569666064213374,0.717365,1.697174195535281,elite,below,elite,3.347,-0.434,8.913,2.913
1630198,Isaiah Joe,OKC,G,Rotation,26,66,21.458473819377534,9.684043154507696,2.553047389887102,1.8795638890818929,0.7171010436776776,0.1940508923414547,0.8543985327864383,0.4431565622792536,0.4032664733105149,0.8390339901410074,1.408094917808011,17.446103131266018,65,1.1239,1.2692,0.0582,2.3419,1.0467,18,1309,24-27,0.2114,0.3039,0.0744,-0.2084,1.15,31,913,24-27,1.7611144402491827,0.2051669568955196,0.713275,1.5296493794398702,elite,average,elite,2.51,0.386,8.896,2.896
1629130,Duncan Robinson,DET,F,Rotation,31,70,24.603615804472994,10.324017800466615,3.111347795947028,1.997849534204464,0.5995881105698004,0.2811927654507191,0.9907630266558018,0.4513114663892777,0.3971323390339058,0.782169428686387,1.3084889215907671,18.7059890583155,73,1.2362,1.2983,0.0276,2.2795,1.146,24,901,28-31,0.0671,0.217,0.0602,-0.8986,1.15,30,343,28-31,2.09111684450114,0.0680600985652315,0.710105,1.677741486040597,elite,average,elite,2.761,0.123,8.884,2.884
1630224,Jalen Green,PHX,G,Rotation,24,51,26.068318672728108,14.74868228330385,3.5814614708800385,2.888044276054172,0.8893418942249764,0.2712461515718667,1.881984832222776,0.4247418812845849,0.3355038286440227,0.7835936859630911,2.7080081919629007,24.97828176760891,66,0.3544,0.4376,0.0582,0.4455,1.0317,15,1309,24-27,1.1433,1.5034,0.0744,0.6982,1.15,21,913,24-27,0.3129149716508538,1.5391209142841873,0.709405,1.5194283040448546,average,elite,elite,0.791,2.089,8.88,2.88
1642264,Stephon Castle,SAS,G,Starter,21,68,30.396791097692937,16.009841157292364,4.474116784325037,5.471462131381717,1.1229799973044472,0.3099598523396174,2.5901111869328544,0.4492720526475729,0.3336870160311282,0.7508803810923009,4.425105246034968,31.294682857554324,65,0.5517,1.4345,0.1015,-2.2217,0.75,6,4716,21-23,0.8911,1.2759,-0.1079,1.3282,1.029,7,1613,21-23,0.6842336917995872,1.178113093645254,0.70443,1.5062888078975154,above,above,elite,1.232,1.628,8.86,2.86
1642914,Javon Small,MEM,G,Rotation,23,47,21.27313244322976,9.292276726737816,2.90054702957358,2.971053135107669,0.8206277684855429,0.2461545466792341,1.3161819846686855,0.4473039477493482,0.381946135574194,0.805793886544738,1.8197512716779944,19.11367782571326,61,0.7806,1.1939,-0.2397,1.6372,0.8872,3,907,21-23,0.5691,0.6357,0.1139,0.7923,1.15,4,799,21-23,1.1150236311916046,0.7171911339079957,0.685425,1.4560946120623028,above,above,elite,1.743,1.04,8.783,2.783
202699,Tobias Harris,DET,F,Rotation,33,63,26.66474912414512,11.614761892425488,5.001219780456614,2.1762215233758706,0.8312953065874176,0.4927381091152136,1.0789521173398815,0.4686989130962574,0.3601087794875619,0.838311837893931,2.133265841101312,23.77370604380524,73,1.0501,1.1461,-0.0177,1.7253,1.15,45,610,32+,0.2361,0.3679,0.0742,-0.377,1.15,43,283,32+,1.7372458334973464,0.3037985729424227,0.6838000000000001,1.6073313726442258,elite,average,elite,2.345,0.431,8.776,2.776
1643052,Chaney Johnson,BKN,G,Rotation,23,32,21.287444300005617,8.82920341875561,3.164769629210136,2.4593318893732903,0.8246778359198087,0.3233351810576265,1.253638785538039,0.4562213848609742,0.3488550725043328,0.7943395230915483,1.767757129450359,18.506325073261973,65,0.3854,0.7327,-0.2397,0.8772,0.7645,3,907,21-23,1.0407,1.7272,0.1139,-0.2665,0.9969,3,799,21-23,0.3712569905287593,1.3922557184175948,0.680285,1.44251933363068,above,elite,elite,0.861,1.902,8.763,2.763
1626156,D'Angelo Russell,DAL,G,Rotation,29,45,22.94670934336345,10.93027893123089,2.5852595614704272,3.859072891911712,0.746467856616433,0.2290145840560368,1.612558947835333,0.4200032898988821,0.3419193704108391,0.7878089638487743,2.090964120225576,21.135088117045047,60,0.4976,0.6881,0.0276,0.9778,0.9015,33,901,28-31,0.8677,1.2407,0.1577,-0.3728,1.15,29,441,28-31,0.5824174588545974,1.1446175226581363,0.664145,1.3998919029134833,above,above,elite,1.111,1.585,8.696,2.696
1629632,Coby White,CHA,G,Rotation,26,56,26.71754853635685,14.635869864270587,3.25418977969104,3.642516956682043,0.7180349227887949,0.1892713625900732,1.939473367346024,0.4442279072013361,0.3655635436898065,0.8349039995342755,3.2353611753102967,24.78711852371348,74,1.2108,1.4677,0.0582,1.4431,1.088,20,1309,24-27,-0.0101,0.0561,0.0744,-0.6474,1.15,23,913,24-27,1.9246602931682144,-0.1118958197560414,0.6613950000000001,1.39262886484209,elite,average,elite,2.704,-0.018,8.686,2.686
1629627,Zion Williamson,NOP,F,Starter,25,60,31.30649444128608,20.293435253970923,6.454911843298769,3.680599423267416,1.0767835187081731,0.7201154392584703,2.300052842542612,0.5348802510331016,0.3451166655039758,0.7203149467134208,6.210556125763925,36.65087263218789,71,1.178,1.9784,0.1699,2.4227,0.75,18,6780,24-27,0.0217,0.2675,-0.0596,-1.1989,0.9554,14,1588,24-27,1.9804489624999533,0.0047315379928973,0.657665,1.5373762951451126,elite,average,elite,2.631,0.04,8.671,2.671
1641709,Ausar Thompson,DET,G,Rotation,23,65,23.472822848998938,9.325844160345422,4.43821314850687,2.5319812313043046,1.33274543136384,0.6039719564357713,1.3536565302970378,0.4859746101475595,0.3157720321749084,0.6574012966568246,2.1151291834347283,22.90616741861192,71,0.2654,0.7145,-0.2397,-1.6028,1.0868,9,907,21-23,1.1128,1.4275,0.1139,0.7698,1.15,10,799,21-23,0.1454169174529965,1.495462157228329,0.64673,1.3538970636359131,average,elite,elite,0.593,2.033,8.626,2.626
1630572,Sandro Mamukelashvili,TOR,F,Rotation,26,66,18.59110670867278,8.389544450082617,4.202605151333067,1.3690245161979886,0.6016599110249233,0.4335300974004631,0.7936627225360351,0.4945016906578441,0.3680760928148791,0.7348835357157016,1.5940852927131428,17.798114708719407,60,1.2384,1.5003,0.0582,2.7474,0.9794,15,1309,24-27,-0.0984,-0.2019,0.1733,-0.1642,1.15,25,714,24-27,2.0953001665011843,-0.1627962180585858,0.6368400000000001,1.4816343977309545,elite,average,elite,2.766,-0.18,8.586,2.586
1629680,Matisse Thybulle,POR,G,Rotation,29,38,20.17415781715964,7.38296051638111,2.490948113028999,1.8401292576983732,1.4727737513404864,0.4180034179906773,1.0005073596479126,0.4374655049905676,0.3832715735165098,0.7669775417836577,1.1767895892284443,17.80411628690905,69,-0.1296,-0.0975,0.0276,-1.0977,0.7797,21,901,28-31,1.5638,1.8587,0.1577,3.0361,1.0666,32,441,28-31,-0.5979733230880561,2.1410391877920043,0.63243,1.316129265664667,below,elite,elite,-0.289,2.857,8.568,2.568
204001,Kristaps Porziņģis,GSW,F,Rotation,30,43,24.551566036881624,14.064810581959431,5.311465651510863,1.9252505817412475,0.6446377793809189,1.0075523672412523,1.1976003397487125,0.47027948205948,0.3686968492165143,0.8170097965414032,3.604661296483177,27.085415336502145,74,1.0557,1.4821,0.0276,1.7461,0.9221,30,901,28-31,0.0897,0.1314,0.0602,-0.1819,1.14,20,343,28-31,1.7478942894974607,0.0995848886298736,0.6210000000000001,1.4392357588334626,elite,average,elite,2.358,0.164,8.522,2.522
1629618,Jalen Pickett,DEN,G,Rotation,26,50,17.377430284140978,6.374525159413359,2.1209143783259736,2.274448677599893,0.5202512773275467,0.1541613768894157,0.8810800593254111,0.4300207161133776,0.3713329239956893,0.7947012793111389,0.921959150376556,13.473453333129845,48,-0.027,0.1304,0.0582,-1.3222,0.8193,9,1309,24-27,1.4129,1.8074,0.0744,1.2187,1.15,15,913,24-27,-0.4048800606082788,1.9250356979648235,0.620955,1.2858225886213068,below,elite,elite,-0.06,2.582,8.522,2.522
1630532,Franz Wagner,ORL,F,Starter,24,51,32.381614040835515,19.638258292128967,5.938584826677803,3.4561759523841853,1.0773361095461065,0.5373163555099519,1.982579140494469,0.4724822251375362,0.3274520893416164,0.8143209636320181,4.919273597172204,34.81020226739231,69,0.981,1.63,0.1699,2.0603,0.75,15,6780,24-27,0.1714,-0.0595,-0.0596,2.4677,0.8871,15,1588,24-27,1.6058514924959375,0.2135483996157702,0.6166800000000001,1.427672493679601,elite,average,elite,2.191,0.313,8.504,2.504
1629012,Collin Sexton,CHI,G,Rotation,27,65,24.18249818461007,13.797317496358598,2.5087605160475817,3.3762626037951176,0.8867035644334044,0.1659910671532004,1.8225060708111305,0.4688349095346287,0.3893889262583755,0.8480205134761659,3.0878699546386983,23.20780184525706,73,0.4934,0.8507,0.0582,-1.2004,1.1025,21,1309,24-27,0.7661,1.1969,0.0744,-0.7428,1.15,22,913,24-27,0.5745130562969457,0.9991837614491133,0.616115,1.273039641615654,above,above,elite,1.102,1.4,8.502,2.502
1642878,Tyrese Proctor,CLE,G,Bench,22,45,11.367470416931576,4.735871114218584,1.4001993487236606,1.3101939061301473,0.4747559979269644,0.0717531813192154,0.709273619774358,0.4089622983019654,0.3417133486675729,0.8069309101391579,0.8455661510439354,9.31165510984638,56,0.095,0.5063,-0.9598,0.0421,1.0178,3,534,21-23,1.2467,1.3821,0.3161,1.6002,1.15,5,124,21-23,-0.1752759863145867,1.6871312578768345,0.613265,1.265512493068937,average,elite,elite,0.212,2.278,8.49,2.49
1627751,Jakob Poeltl,TOR,C,Rotation,30,52,24.71613823450189,10.228918257408496,7.349180483709682,1.8743380095358504,0.7772798964502636,0.9827545223575782,1.368709476992365,0.6179597170055635,0.359901916519411,0.6377883045773428,2.0960063268104223,25.770835631595048,68,1.2352,1.4702,0.0276,2.7246,1.0001,30,901,28-31,-0.151,-0.696,0.1167,2.5127,1.15,33,212,28-31,1.7990068849901013,-0.325639889869961,0.6114100000000001,1.2948490850456438,elite,average,elite,2.758,-0.276,8.482,2.482
1642907,Cedric Coward,MEM,G,Rotation,22,60,23.22755004372167,10.83042579218272,4.063310349667864,2.6101303313652697,0.7175302216847192,0.3349009283179964,1.444338731777117,0.4530016472664913,0.3462605038555543,0.8166694382461221,2.0984799854778347,21.33454842706309,72,0.6047,0.827,-0.2397,1.0386,1.04,3,907,21-23,0.6109,0.917,0.1139,-0.5313,1.15,2,799,21-23,0.7839797240747158,0.7770251025943851,0.6074900000000001,1.250260113119011,above,above,elite,1.35,1.116,8.466,2.466
1641772,Nae'Qwan Tomlin,CLE,F,Rotation,25,48,18.71367182224021,7.212236568899783,3.662980323990056,1.090619437857561,0.6580368902737707,0.5156104225815623,0.7457627484386127,0.4733417276024158,0.3032187580669837,0.7351126474940639,1.3944986031904736,16.01892130460158,61,0.3281,0.5286,0.0582,0.3517,0.8343,3,1309,24-27,0.9354,1.2189,0.1733,0.3004,1.15,6,714,24-27,0.3643556134826292,1.279253692066504,0.6013850000000001,1.3867326463350846,above,elite,elite,0.733,1.709,8.442,2.442
1642851,Kon Knueppel,CHA,G,Starter,20,77,31.79595421434766,17.385980917728144,4.811585496667097,4.162263262588238,0.9328135478445084,0.2955207696316724,2.2086304380391537,0.4577632224162053,0.3980917661125731,0.8232461271714583,3.259627912583541,30.879650922000405,66,0.7978,1.2853,0.1015,2.0285,0.75,3,4716,21-23,0.3589,0.6393,-0.1079,-0.2464,1.099,3,1613,21-23,1.1473940416657973,0.4163035688869655,0.600295,1.2312573644194922,above,above,above,1.782,0.656,8.438,2.438
203954,Joel Embiid,PHI,C,Starter,32,43,31.6900473425551,22.120158712325683,8.954747191857852,3.594246742015294,0.7105787055780477,1.311253800044984,2.5923907816014395,0.4963824395691989,0.3357340374563586,0.8232035795533411,7.168959886414755,41.73033219084572,72,1.2296,2.0312,0.0832,2.9836,0.75,30,2897,32+,-0.187,-0.6825,-0.0032,1.8306,0.8223,18,195,32+,1.7890130977884835,-0.3796497240376026,0.59213,1.2401935773122712,elite,below,above,2.746,-0.342,8.404,2.404
1629599,Amir Coffey,PHX,G,Bench,28,44,15.072463128890844,5.124735738461765,1.5619033964057485,1.018553761463712,0.4086646888831722,0.1275582098148227,0.4601629190505391,0.4495254305409817,0.3688118985887909,0.8251641826507237,0.939305354991883,9.675356233387676,65,-0.221,0.3372,-1.1459,-1.2603,1.1433,21,320,28-31,1.5633,2.2725,0.2006,-0.6428,1.15,33,41,28-31,-0.7699881787474288,2.1403234704632195,0.581935,1.1827666811501156,below,elite,above,-0.494,2.856,8.362,2.362
1641750,Ryan Kalkbrenner,CHA,C,Rotation,24,66,21.50089408647147,8.022005813410363,5.9182932658466,1.0402818298404335,0.5301064415073976,1.206151611722896,1.030598662557514,0.6170987344651621,0.3128571187731973,0.6869575697504977,1.9257665959476575,20.8625559743203,72,0.6757,0.7143,0.0582,1.6605,1.0477,3,1309,24-27,0.4659,0.545,0.1525,0.324,1.15,3,236,24-27,0.8005204672570686,0.5998786295194324,0.58129,1.2094640283584457,above,above,above,1.509,0.851,8.36,2.36
1628969,Mikal Bridges,NYK,G,Starter,29,76,34.22416289294793,16.55618547567575,3.86016936791679,4.165324380743371,1.169808361376865,0.5001267996057991,1.6614855270103344,0.4695887722230007,0.3684525985336244,0.819621998219414,2.471163675747447,30.784695244228608,70,1.1333,1.8058,0.173,2.9405,0.75,24,4542,28-31,-0.1035,-0.2073,-0.0817,0.5263,1.0748,23,1495,28-31,1.778805245973451,-0.2455918167729977,0.57674,1.1690461419570652,elite,average,above,2.531,-0.189,8.342,2.342
1642404,Chaz Lanier,DET,G,Bench,24,34,10.481894063567555,3.6513074112642,1.20419685125277,1.0354733586721685,0.3856472314696366,0.0739868562472531,0.4666639961738485,0.3819562190959427,0.3136637275438605,0.7608010171292866,0.5855364286006292,7.561791937752596,70,-0.113,-0.001,-0.8032,0.6672,0.8385,3,637,24-27,1.4003,1.7641,0.3726,0.4738,1.15,6,152,24-27,-0.5667321129792423,1.9069996212794524,0.5679850000000001,1.1459232698425017,below,elite,above,-0.252,2.559,8.307,2.307
1631218,Trayce Jackson-Davis,TOR,F,Bench,26,48,12.49634515655423,4.873539796192708,3.342134247835152,0.9238351247593182,0.3586744119473139,0.5160410551075066,0.584815798631369,0.5453016750336166,0.3254137974600505,0.5923457598232121,1.3591081541688124,12.30918418326696,65,0.06,0.4943,-0.8032,-0.6522,1.0861,9,637,24-27,1.1784,1.5712,0.2252,0.144,1.15,15,98,24-27,-0.1454392175228357,1.6182149303721696,0.56328,1.2847376883054804,average,elite,elite,0.134,2.153,8.287,2.287
1630540,Miles McBride,NYK,G,Rotation,25,50,23.3675152175657,9.756229416980885,2.40613698304059,2.517956374379703,0.8549532956165569,0.2180847141396315,0.8998193825801839,0.4260058753989135,0.3905212369134464,0.8008421343072684,1.2821954997349758,18.73982300488753,70,0.8498,1.0081,0.0582,2.1543,0.96,15,1309,24-27,0.2115,0.283,0.0744,-0.0824,1.15,25,913,24-27,1.2452580733319614,0.2053101003612766,0.562565,1.131608482079973,above,average,above,1.898,0.386,8.284,2.284
202710,Jimmy Butler III,GSW,F,Starter,36,49,32.105645929914026,17.91906789348817,5.955906665712517,4.401145622171852,1.2438504890304487,0.3969710213338908,1.7502697293008995,0.4943248496954688,0.3665184510104177,0.838233786940664,6.034543790316002,34.840069127393086,75,1.5677,2.72,0.0832,3.014,0.75,45,2897,32+,-0.6753,-1.3491,-0.1119,0.7297,0.8769,41,747,32+,2.721467409507897,-0.96751530603611,0.5583500000000001,1.271541647284986,elite,below,elite,3.501,-1.234,8.267,2.267
1642866,Joan Beringer,MIN,F,Scrub,19,49,6.388527278091556,2.6721727190597453,1.4961934706451958,0.3210719211025382,0.1856388184218899,0.3094729282552985,0.2784336596586386,0.5197302231822323,0.2195408140812902,0.682398657581377,0.6599700640957161,6.156114345860714,31,0.7721,1.3681,-1.7014,2.0745,1.15,3,195,21-23,0.2868,0.4452,-0.1162,0.1713,1.15,6,106,21-23,1.2086260534916795,0.3745201152555801,0.5537150000000001,1.259135227380322,above,above,elite,1.724,0.524,8.248,2.248
1630217,Desmond Bane,ORL,G,Starter,27,71,33.24107044524496,19.303577848736573,4.447267703336847,4.774983700458548,1.123773120592093,0.4026166695254832,2.230588762203662,0.4686816852722055,0.381314355761956,0.869070595671843,3.7665791352967055,34.151355251577684,70,0.8018,1.2763,0.1699,1.9704,0.75,18,6780,24-27,0.2413,0.7709,-0.0093,-2.2812,1.0418,15,2254,24-27,1.154922044101656,0.2479668531568365,0.549575,1.0973005313354631,above,average,above,1.791,0.441,8.232,2.232
1641705,Victor Wembanyama,SAS,F,Starter,22,62,31.564936042165705,21.13581349658162,9.29707520627002,3.174748251097051,1.0841886122240896,2.315549992946628,2.5765211217503734,0.4828168167885618,0.347374262235672,0.8028808753352236,5.179689099452824,44.677120814513,66,0.603,1.6435,0.1015,-2.8963,0.75,9,4716,21-23,0.4768,1.1841,-0.0213,-2.1703,0.9791,6,1237,21-23,0.8870807124882327,0.6395515361530139,0.54621,1.2390467308572362,above,above,above,1.347,0.871,8.218,2.218
1642873,Amari Williams,BOS,F,Scrub,24,19,5.796650753027274,1.8088422346517996,1.308920837179533,0.3630257074435334,0.1590977509007943,0.2133353323040279,0.3141830533939229,0.4466388377898774,0.2522081725569831,0.7003164039519673,0.5033417943148377,4.727201996653083,49,-0.497,-0.3818,-1.5874,0.5874,0.8476,3,190,24-27,1.8154,2.7475,0.2252,0.7359,1.0144,5,98,24-27,-1.2045802875341896,2.506767641486198,0.54358,1.2320070578584732,below,elite,above,-1.11,3.317,8.207,2.207
1642857,Kasparas Jakučionis,MIA,G,Rotation,19,56,20.11551706464427,7.558685815714705,2.676078616485662,2.5819128505065674,0.7008793045041942,0.2228042250568027,1.2180350697439022,0.4252366574331439,0.37686039604828,0.8132579801747477,1.4485752879010452,16.19586495019644,61,0.6287,0.8822,-0.2397,1.5984,0.9338,3,907,21-23,0.4313,0.5943,0.1139,-0.1566,1.15,5,799,21-23,0.8291477386898685,0.5199394380949702,0.5398700000000001,1.0716686097053274,above,above,above,1.404,0.788,8.192,2.192
1627742,Brandon Ingram,TOR,F,Starter,28,61,33.35496868019243,19.671196267602,6.024070896707132,3.8632338391013503,0.9047600582125512,0.6465986408860006,2.501940707674925,0.4745644495840645,0.3704874389839345,0.8053551671627879,4.194999824392349,34.847067491923305,72,0.6826,1.1106,0.173,1.4501,0.75,30,4542,28-31,0.3624,0.5036,-0.0316,0.8461,0.9604,28,1195,28-31,1.0384409084898552,0.4799747227284537,0.53851,1.2184362813931775,above,above,above,1.524,0.662,8.186,2.186
1630557,Corey Kispert,ATL,F,Rotation,27,59,22.27150151603533,9.983028632491465,3.3012309943345937,1.5773071167779664,0.4681280241082571,0.2917868796742778,0.9776503530731576,0.4685727806674264,0.3688223599868586,0.7727062008526148,1.7541587902916915,17.612560859134373,64,0.7521,0.9048,0.0582,1.4325,1.0083,15,1309,24-27,0.2699,0.3764,0.1733,-0.4316,1.15,22,714,24-27,1.170595853491272,0.3509462678178609,0.5351100000000001,1.2093355634480092,above,above,above,1.68,0.493,8.173,2.173
1628989,Kevin Huerter,DET,G,Rotation,27,65,22.863281911226636,9.542421282878465,3.0284079696410524,2.5246406179206637,0.8515697352686075,0.3263474262689293,1.062160934338527,0.4375826147885369,0.3381639953426451,0.7841052379020197,1.1648796039495062,19.4350623236028,64,0.8155,0.9045,0.0582,1.5864,1.0715,24,1309,24-27,0.1853,0.2413,0.0744,-0.0602,1.15,26,913,24-27,1.1807054524444724,0.1678065123329655,0.5319100000000001,1.0506454158695848,above,average,above,1.821,0.339,8.16,2.16
1642066,Myron Gardner,MIA,F,Bench,24,42,10.66019897944327,3.9571192180885255,2.513662613782235,0.7855281240878228,0.3980683169877099,0.2805481307398025,0.4844614143364168,0.464093724026498,0.3618133615633384,0.7152507294284748,0.8216028294929689,9.703194469605062,56,0.5564,0.9677,-0.8032,1.6457,0.9387,3,637,24-27,0.4869,0.6529,0.2252,-0.3589,1.15,6,98,24-27,0.7984703464872829,0.6536400485270354,0.5251250000000001,1.1826088961884471,above,above,above,1.243,0.89,8.133,2.133
1642867,Collin Murray-Boyles,TOR,F,Rotation,20,58,21.254626101254846,8.284718619977005,4.525509412750698,1.5114401865802145,0.7662508075572123,0.6913533862956232,1.0319364043249974,0.5067180543402743,0.3428773792323566,0.6915400391523963,1.7819850131194226,19.32336637238167,58,0.8944,1.1924,-0.2397,2.0035,0.977,3,907,21-23,0.0649,0.0235,0.0826,0.1756,1.15,4,653,21-23,1.4411807264941725,0.0649913136916823,0.5211250000000001,1.1719021691941314,elite,average,above,1.997,0.119,8.116,2.116
201142,Kevin Durant,HOU,F,Starter,37,72,34.94852090865395,22.795976045553942,6.060482250753523,4.205131518988718,0.8950920140077014,0.8864972868090015,2.740712138668268,0.5012483566036905,0.3986726243712419,0.8418664110587039,5.235912173009032,38.98030778872309,78,0.4117,1.1508,0.0832,-2.1986,0.75,54,2897,32+,0.6395,1.1111,-0.1119,-0.2623,1.0538,30,747,32+,0.5233218494843332,0.8665021265741321,0.5142100000000001,1.1533929149027071,above,above,above,0.919,1.168,8.087,2.087
1642859,Jase Richardson,ORL,G,Bench,20,49,11.350649305808885,4.344685546383891,1.354284240582735,1.176280019523365,0.4161616373618512,0.086529271753348,0.5866628604399599,0.4312617736293939,0.3356336912641326,0.7349946774183149,0.8382730952605939,8.65565653127386,61,0.3947,0.8051,-0.9598,0.8763,1.064,3,534,21-23,0.6412,0.7254,0.3161,0.275,1.15,6,124,21-23,0.3887595961921308,0.8203975727187295,0.505625,0.9812239774308288,above,above,above,0.881,1.172,8.053,2.053
1630538,Bones Hyland,MIN,G,Rotation,25,53,17.700959160471783,8.116272280683404,2.014935768273677,2.3839227050960363,0.7398541224047307,0.2116378639189516,1.119108923095269,0.4288836555531359,0.3718131212976879,0.8044795187216401,1.3105381251963508,15.845446296131648,55,0.8403,1.2046,0.0582,1.8921,0.8516,15,1309,24-27,0.0884,0.0815,0.0744,0.057,1.15,25,913,24-27,1.2273790675467968,0.0291004940145173,0.5019450000000001,0.9715047119389278,above,average,above,1.877,0.162,8.039,2.039
1626166,Cameron Payne,PHI,G,Rotation,31,45,18.371923312698424,7.54679347524241,2.012417993062743,2.598769775492696,0.7954938677760692,0.2346988627773424,0.8201539937149049,0.407473500911076,0.3540353429498886,0.8357795989996664,1.1020780833700403,16.130273928102078,44,0.5865,0.8706,0.0276,1.6425,0.7958,30,901,28-31,0.3974,0.3933,0.1577,0.6233,1.15,47,441,28-31,0.7497273129915585,0.4714138032033769,0.5014050000000001,0.9700785153721816,above,above,above,1.31,0.726,8.036,2.036
1630166,Deni Avdija,POR,F,Starter,25,68,32.42162151326053,19.03717213385563,6.970586489234945,4.340886651391302,0.9386580935016496,0.6397224965322621,2.720892055206334,0.4705618390680576,0.3430911039965963,0.7867751135858418,5.898771913623274,35.927455612919914,66,1.1614,1.9779,0.1699,2.2039,0.75,18,6780,24-27,-0.3084,-0.3503,-0.0596,-0.7548,1.0161,20,1588,24-27,1.9488838964996151,-0.4557256832610126,0.49999,1.1153305004379133,elite,below,above,2.594,-0.564,8.03,2.03
1630573,Sam Hauser,BOS,F,Rotation,28,71,22.660981916180656,8.753229212738907,3.8569095670900575,1.2507748624945645,0.556231223828246,0.3365152127932972,0.6235817711036186,0.4467657970918495,0.398481588015531,0.7655698159758705,0.8011372008847173,17.312340525749832,67,0.8574,0.8176,0.0276,2.345,1.1093,15,901,28-31,0.0559,0.0062,0.0602,0.268,1.15,23,343,28-31,1.3708248564934185,0.0524371937544354,0.496725,1.1065911345288026,elite,average,above,1.915,0.102,8.017,2.017
1630170,Devin Vassell,SAS,G,Starter,25,66,31.89892600221189,16.167145080003767,4.042155624262049,3.609840470017201,1.099519693206255,0.3764929226876113,1.588930429302814,0.4475880158920186,0.3731576439166319,0.811421408405801,2.8034913363165623,29.271599952522816,70,0.8,1.1966,0.1699,2.4645,0.75,18,6780,24-27,0.1204,0.193,-0.0093,0.0692,1.0037,22,2254,24-27,1.15153444300552,0.0749064030567293,0.49418,0.9509965335300656,above,average,above,1.787,0.22,8.007,2.007
1631199,Ron Harper Jr.,BOS,G,Bench,26,25,11.595832021948338,4.29569811102409,1.5631595261232636,1.117613211650191,0.4473296269423613,0.1808778276360199,0.5118450626704641,0.4109049478843309,0.3434322090182955,0.7648534265541331,0.5669031587606571,9.220686660911976,46,0.1504,0.4613,-0.8032,0.9333,0.7816,3,637,24-27,0.8987,1.0673,0.3726,0.2932,1.15,4,152,24-27,-0.0710131525779428,1.1889919970427794,0.487135,0.932389950543532,average,above,above,0.336,1.642,7.978,1.978
1629057,Robert Williams III,POR,C,Rotation,28,47,19.61010902160665,7.167429142191658,6.551124821023652,1.1223227373294158,0.5865954944874083,1.2819990227163551,0.9634632580951816,0.6082236028500557,0.3681976081162187,0.682408784257127,1.43105834252432,21.354583326930275,70,0.0558,0.4706,0.0276,-2.464,0.8409,21,901,28-31,1.0131,1.3967,0.1167,0.0793,1.15,25,212,28-31,-0.3057560838648381,1.420828108867586,0.4865849999999999,0.9409915252521672,average,elite,above,0.125,1.851,7.976,1.976
1627884,Derrick Jones Jr.,LAC,F,Rotation,29,57,24.068678713679077,9.384538885486164,3.79122521148166,1.2141165717774105,0.7837629464523181,0.6365143136189272,0.9124063553477848,0.4910757589171872,0.3584076780592821,0.7432087939600767,1.7896732711877346,19.10360942179622,68,0.6598,0.7322,0.0276,1.6001,1.0264,30,901,28-31,0.2697,0.6769,0.0602,-1.8965,1.15,44,343,28-31,0.9950864804893906,0.350667287374811,0.484255,1.0732129131240222,above,above,above,1.473,0.493,7.966,1.966
1630579,Jericho Sims,MIL,C,Rotation,27,61,18.480053179655837,5.268099508471302,5.2236882787766925,1.1044878425471103,0.365953912876971,0.6039822803782768,0.9429116223794884,0.6092105122725769,0.3495763184793003,0.6556431472240946,1.2671199902768704,15.160154164210253,55,0.7427,0.8478,0.0582,2.2812,0.9357,15,1309,24-27,0.1651,0.2116,0.1525,-0.2913,1.15,25,236,24-27,0.9200889927049922,0.1485964595853595,0.48278,0.9302049999966964,above,average,above,1.659,0.302,7.961,1.961
1642948,Ryan Nembhard,DAL,G,Rotation,23,60,20.6793309164134,7.920080475099288,2.502106613250794,3.6864494150855824,0.6354261749500469,0.1583833576168271,1.3300379878135709,0.4282950021712758,0.3557725033947,0.791356685610311,1.1854474210773802,17.503673143515663,56,0.6368,0.8653,-0.2397,1.4736,0.9799,3,907,21-23,0.2873,0.5398,0.1139,-1.0818,1.15,4,799,21-23,0.8443919436224825,0.3138128474050162,0.4795250000000001,0.9122911433714216,above,average,above,1.422,0.525,7.947,1.947
1630178,Tyrese Maxey,PHI,G,Starter,25,65,35.80921163137341,22.90695652380097,3.9516290171327846,5.630323963806664,1.461119152155008,0.4931069852916344,2.230508580458963,0.4510214902831186,0.3604208870000043,0.8622899568400404,4.917537958550342,39.72656712195128,69,1.3099,2.2049,0.1699,2.7094,0.75,18,6780,24-27,-0.5438,-0.7639,-0.0093,-0.8483,0.996,19,2254,24-27,2.1111665535166155,-0.8758524965006833,0.4757350000000001,0.9022813563566648,elite,below,above,2.925,-0.994,7.931,1.931
1630541,Moses Moody,GSW,G,Rotation,23,61,22.45138599516091,9.853373097665877,2.881059004408721,1.7976246567262413,0.825318682227219,0.3803926602556635,1.0004893436932143,0.4388519950842359,0.3792044958469783,0.7809424851805443,1.7364559529659362,18.62372557180113,62,0.3007,0.4088,-0.2397,0.8621,1.0299,15,907,21-23,0.6777,0.8177,0.1139,0.6455,1.15,23,799,21-23,0.21185153894945,0.8726449377200025,0.47035,0.8880590072604994,average,above,above,0.672,1.238,7.91,1.91
1641708,Amen Thompson,HOU,G,Starter,23,72,32.92155518654508,15.998156952802509,6.249568090584756,4.529306763200324,1.344649007034742,0.6220885962982476,2.168579790550354,0.4982756775302657,0.3217082859125162,0.7688909240055509,3.94905376282132,34.02323182575332,74,0.3749,1.0817,0.1015,-2.2853,0.75,9,4716,21-23,0.5814,0.8777,-0.1079,0.5425,1.0601,12,1613,21-23,0.35149598413463,0.7347977801960959,0.467825,0.8813902177585835,above,above,above,0.837,1.062,7.899,1.899
1630162,Anthony Edwards,MIN,G,Starter,24,65,34.47918641423391,23.450207553377712,4.814408919914545,4.390669407928337,1.2565734828365211,0.5540090357768538,2.671458531626894,0.4636806717207029,0.3838766892377229,0.814157325562569,5.524005141092095,38.5737913933809,67,0.8793,1.4782,0.1699,1.6905,0.75,18,6780,24-27,-0.0362,0.0095,-0.0093,-0.3931,0.996,15,2254,24-27,1.3007770912964196,-0.1492562643185956,0.467325,0.8800696653819663,elite,average,above,1.964,-0.066,7.898,1.898
1630595,Cade Cunningham,DET,G,Starter,24,66,33.710530334517664,21.26907588951776,4.916833401534375,7.299425528786059,1.209303903848422,0.561374048800435,3.1735565254039964,0.4569982311689342,0.3543402023177328,0.8245933758383256,4.731644151671705,40.25689159708068,65,0.6381,1.7157,0.1699,-3.0693,0.75,12,6780,24-27,0.2433,0.4369,-0.0093,-0.1689,1.0037,11,2254,24-27,0.8468385444141364,0.2508297224719747,0.46044,0.8618856591559503,above,average,above,1.425,0.445,7.87,1.87
203076,Anthony Davis,DAL,F,Starter,32,45,32.600684180893,19.99397743935357,9.373012057701876,3.133829858559118,1.0984328564499624,1.4031919730128186,2.0145537059184733,0.5040569142210064,0.327028753068275,0.7753808629357634,4.895101568817749,41.432657478904375,67,0.4443,0.9747,0.0832,-0.6196,0.75,42,2897,32+,0.467,0.6969,-0.1119,1.6737,0.8461,27,747,32+,0.5853110754849977,0.6258814944435673,0.454515,0.9936083979212816,above,above,above,0.992,0.853,7.845,1.845
1642874,Danny Wolf,BKN,F,Rotation,21,59,20.977683508662256,8.59629639775478,4.544509783121068,1.6886857421357702,0.6164878445942494,0.5475278307400676,1.1410701080287011,0.4373484498629719,0.3323005385598348,0.742731460226393,1.8307024205268303,18.93371366867797,63,0.0033,0.0873,-0.2397,0.0654,0.9787,3,907,21-23,1.006,1.276,0.0826,0.844,1.15,3,653,21-23,-0.2532548345239915,1.3777337884631295,0.454515,0.9936083979212816,average,elite,above,0.007,1.838,7.845,1.845
1628386,Jarrett Allen,CLE,C,Rotation,27,61,25.714185489424267,12.191559480837991,8.037561808242128,1.658932165720179,0.7688628522532696,0.9405102583256456,1.24841007542872,0.621344230001934,0.2692609774551117,0.7063839700118648,3.348743615780821,28.20474115561684,71,0.6466,1.301,0.0582,-2.7531,1.1056,27,1309,24-27,0.2188,0.2502,0.1525,-0.0557,1.15,28,236,24-27,0.7485884659058063,0.229161128885425,0.45409,0.8488737491216727,above,average,above,1.444,0.4,7.844,1.844
1627739,Kris Dunn,LAC,G,Rotation,32,70,23.27552583852481,7.071732770791401,2.9017603627140005,3.082753412101153,1.2287571649085909,0.2429459229612255,1.1720387380607074,0.4456911446233345,0.3586754284813208,0.776966477288472,0.956802171957316,18.421045849748676,75,0.6541,0.6325,-0.0177,1.6209,1.15,22,610,32+,0.2017,0.3733,-0.0463,-0.3464,1.15,31,315,32+,0.8769505541575715,0.1912820407170991,0.45052,0.835685900003869,above,average,above,1.461,0.369,7.83,1.83
1631123,Jamaree Bouyea,PHX,G,Bench,26,32,12.742776015195004,4.8657226387357415,1.614215725443196,1.4943513538849147,0.5476678019299959,0.216892810436977,0.6344814982367427,0.4328473777643342,0.3199447611543592,0.7315112455433731,0.7616644610817928,10.703508878959124,53,0.3018,0.7443,-0.8032,0.4817,0.9113,3,637,24-27,0.6284,0.7304,0.3726,-0.0363,1.15,6,152,24-27,0.2139217396193112,0.8020752091018447,0.44877,0.8310639666857094,average,above,above,0.674,1.148,7.822,1.822
1629640,Keldon Johnson,SAS,F,Rotation,26,73,23.50844086807319,11.50632089133858,4.90058015130537,1.564588087498264,0.6451053083240864,0.3217250356563478,1.0174562937606095,0.4866186121811379,0.3475286559642958,0.7670612917344426,2.2815102813667143,21.616933942333112,73,0.2332,0.5795,0.0582,-1.8848,1.15,21,1309,24-27,0.7055,0.8629,0.1733,0.4375,1.15,20,714,24-27,0.1839023144806947,0.9585656727806092,0.445735,0.9701071321687575,average,above,above,0.521,1.289,7.81,1.81
1628371,Jonathan Isaac,ORL,F,Bench,28,48,12.687939679895676,4.166887203691681,3.175419493201714,0.5741306275889628,0.5144213461821113,0.6387686133056175,0.47107639869757,0.4418285012488877,0.2820174294711727,0.6682923415486176,1.1855958211022148,11.8270800166828,71,-0.5078,-0.4556,-1.1459,1.1672,1.0899,18,320,28-31,1.5951,1.8907,0.4973,1.034,1.15,24,41,28-31,-1.22511659553441,2.1994706834666995,0.4385049999999999,0.9507547231265312,below,elite,above,-1.134,2.915,7.781,1.781
203944,Julius Randle,MIN,F,Starter,31,69,33.042608350166844,19.004513221352383,7.027440516411814,4.196462279837074,0.9502041544162156,0.3947136605147135,2.5012786997590544,0.4758471021768837,0.3373790463055465,0.7937166408905554,5.08829632646945,35.2656100058359,75,0.9339,1.5299,0.173,2.0754,0.75,33,4542,28-31,-0.1713,-0.3335,-0.0316,0.4181,1.0208,30,1195,28-31,1.5162903714949776,-0.2644845895502854,0.43656,0.9455485771255452,elite,average,above,2.086,-0.313,7.773,1.773
1629048,Goga Bitadze,ORL,C,Rotation,26,63,18.780570107545348,6.894021973246636,5.696322361824251,1.355300591754513,0.5844483386922482,1.0728153278200452,0.939822987488446,0.5803064082021501,0.2480843513532771,0.6702269181273615,1.827032319536327,19.79452770711594,68,0.2759,0.8492,0.0582,-2.7889,0.9592,21,1309,24-27,0.6259,0.6575,0.1525,1.0403,1.15,37,236,24-27,0.0870354452558776,0.8399223369311732,0.4334,0.7902211321609115,average,above,above,0.616,1.144,7.76,1.76
1628380,Zach Collins,CHI,F,Rotation,28,40,19.69185154333008,8.848435978518845,4.851011339433559,1.6353595604994502,0.4548310089944134,0.4723442732116787,1.087932758863862,0.5082545596672794,0.3704241846575848,0.7480697011142284,1.8109526585737437,18.816282014342704,72,0.5079,0.7429,0.0276,1.572,0.785,18,901,28-31,0.3411,0.4672,0.0602,0.1302,1.0953,23,343,28-31,0.7062471114862943,0.4502633055436362,0.43284,0.935591321020831,above,above,above,1.134,0.623,7.757,1.757
1629028,Deandre Ayton,LAL,C,Rotation,27,62,26.10158441736344,11.410492370463016,7.9697618426751395,1.176513094634922,0.651124388077288,0.9620365066077764,1.3105222499983964,0.5900755099374159,0.2758045513211056,0.6760760479851914,1.8542268225042504,26.267936657682363,69,0.7884,0.8622,0.0582,1.2717,1.1229,24,1309,24-27,-0.0105,-0.2171,0.1525,0.7533,1.15,18,236,24-27,1.0016454346896204,-0.114851509299026,0.428895,0.7774502264379425,above,average,above,1.761,-0.019,7.742,1.742
1629011,Mitchell Robinson,NYK,C,Rotation,28,51,20.867031333214896,6.595110633457038,7.245461277618796,0.9664092340405396,0.7889484763058077,1.0709740588407188,0.8701960651902754,0.6007979336683253,0.3625220142714103,0.5691520820516168,1.7812262457817052,21.448849557909707,70,0.5979,0.7897,0.0276,1.4204,0.9029,24,901,28-31,0.1979,0.3756,0.1167,-0.8834,1.15,25,212,28-31,0.6616782093488829,0.1978054196047663,0.4179,0.746281278952028,above,average,above,1.335,0.362,7.697,1.697
1629656,Quentin Grimes,PHI,G,Starter,25,69,29.33801854477823,14.25276663799811,3.768897094101829,3.5366573048425223,0.9968321598551642,0.3135398706185729,1.813777939925977,0.4466263202716627,0.3566820464063501,0.8117221632210156,3.090493959772979,26.197767259679328,58,0.4808,0.749,0.1699,1.1174,0.75,15,6780,24-27,0.3358,0.5555,-0.0093,-0.0337,1.0266,23,2254,24-27,0.5507998486239908,0.3832374282971187,0.41555,0.7433264667832756,above,above,above,1.074,0.614,7.688,1.688
1628436,Luke Kornet,SAS,C,Rotation,30,66,20.33900372141324,6.780875597758403,5.788227407324406,1.4506737557072955,0.5008634997320157,0.949062490780858,0.7032594470308191,0.5943595913368817,0.3531881955147735,0.7400527572536205,1.5913084442458076,19.549277644616435,68,0.3631,1.1371,0.0276,-3.8808,1.0144,27,901,28-31,0.4796,0.523,0.1167,0.6822,1.15,33,212,28-31,0.2426529888239212,0.6204323719665628,0.415525,0.7395485595087314,average,above,above,0.811,0.876,7.687,1.687
1629684,Grant Williams,CHA,F,Rotation,27,42,23.47754942395396,8.821085168570033,4.375410837191708,1.7177959119260595,0.6613775042244459,0.5357196123887379,1.1468908370760895,0.4546644047715656,0.3740784397564841,0.7839341260668077,1.859514528406187,19.092672553852637,73,0.0002,0.1832,0.0582,-1.3341,0.8968,21,1309,24-27,0.9216,1.4689,0.1733,-1.3198,1.15,24,714,24-27,-0.2591495155240547,1.260004041496059,0.41483,0.8873842827289226,average,elite,above,0.0,1.684,7.684,1.684
1628369,Jayson Tatum,BOS,F,Starter,28,47,33.96378250331365,21.28496144198848,8.23689005512135,4.401772258941098,1.144878284742067,0.4713582919081928,2.340850915156356,0.4480882773161622,0.3461572439094804,0.8077241890194338,5.056528614599108,40.279746711340174,70,0.4012,1.0008,0.173,-1.5879,0.75,27,4542,28-31,0.4203,1.5187,-0.0316,-4.101,0.8548,28,1195,28-31,0.5033559944841193,0.5607395609914086,0.409795,0.8739071901248272,above,above,above,0.896,0.768,7.664,1.664
1642877,Micah Peavy,NOP,G,Bench,24,52,13.134715243467136,4.253475862884529,1.6449831270387845,1.1704096628059686,0.5685462925747146,0.1257237905119933,0.5176114896472723,0.3954456093658533,0.2982938780581624,0.7528596720274603,0.653723839759841,9.548268869152874,51,-0.1422,0.0723,-0.8032,0.3012,1.15,3,637,24-27,1.0696,1.2927,0.3726,0.4267,1.15,6,152,24-27,-0.6216865307610111,1.4336241800213427,0.4031100000000001,0.7104711236530449,below,elite,above,-0.318,1.954,7.636,1.636
1642920,Kobe Sanders,LAC,G,Rotation,23,65,20.816697292419963,8.164458827698397,2.5044606141417294,2.085286236690467,0.7641347114467258,0.2042515390297691,1.2306023110125417,0.4480273140015298,0.3786291927741316,0.8000721077320618,1.3865524507587164,15.972297360121116,65,-0.0695,-0.051,-0.2397,0.2524,1.0241,3,907,21-23,0.9731,1.114,0.1139,1.4359,1.15,5,799,21-23,-0.4848650864892782,1.295490735565922,0.3996699999999999,0.7013857233019196,below,elite,above,-0.155,1.778,7.623,1.623
1631204,Marcus Sasser,DET,G,Bench,25,41,13.12137581613302,5.344526389789419,1.3193502246088888,1.9343037843842368,0.531776789979306,0.1036916017323484,0.8342655196008902,0.4151540213484919,0.3792608348296782,0.8038157545825371,0.7471095943263042,10.901341991430511,62,-0.0169,0.443,-0.8032,-1.0353,1.0316,9,637,24-27,0.8969,1.0746,0.3726,0.2344,1.15,17,152,24-27,-0.3858718544577355,1.1864154146591548,0.39431,0.6872294018245856,below,above,above,-0.038,1.639,7.601,1.601
1641706,Brandon Miller,CHA,F,Starter,23,60,32.49111274756208,18.70462128798896,5.60860257911166,3.122243901707095,1.0460056765797594,0.7377916707945518,2.298368464303141,0.4429269306300417,0.3651282422178015,0.8191331673982432,3.6026714178217425,33.1713338133034,70,0.3641,0.8491,0.1015,-0.9181,0.75,9,4716,21-23,0.4244,0.6383,-0.0213,0.6381,0.9637,6,1237,21-23,0.432809973483363,0.5664586600739322,0.391235,0.8242279768712003,above,above,above,0.813,0.775,7.588,1.588
1630180,Saddiq Bey,NOP,G,Starter,27,70,32.373071520807976,16.71312025848923,5.107200370194,3.2531000142617748,1.0181142197555022,0.2132542387898776,1.446794122444247,0.444673786964915,0.3546540660300218,0.8353297529455109,3.786715111897827,29.968721977306583,65,0.7465,1.2008,0.1699,1.723,0.75,15,6780,24-27,-0.0465,-0.15,-0.0093,0.4779,1.0342,22,2254,24-27,1.050847410425909,-0.1640000412915576,0.38965,0.6749218536745151,above,average,above,1.667,-0.085,7.582,1.582
1630171,Isaac Okoro,CHI,F,Rotation,25,60,23.269296254472025,8.298080303942848,3.3694952650016203,1.426600889895718,0.6845741056783278,0.4572755574066219,0.7898544309566817,0.468496535664163,0.3515307550536687,0.7357829736355088,1.643997768398601,17.117070515086535,69,0.3582,0.3595,0.0582,0.9621,1.0399,18,1309,24-27,0.4259,0.447,0.1733,0.5018,1.15,25,714,24-27,0.4215910644832428,0.5685510133968066,0.388665,0.8173489047773522,above,above,above,0.8,0.778,7.578,1.578
203991,Clint Capela,HOU,C,Bench,31,69,15.62122196044162,5.824892182785172,5.67816958523809,0.8197080440479816,0.4546374133726817,0.8178835558756017,0.7371580349988851,0.5403210341977123,0.3046861017014099,0.606471407075727,1.4321571805177595,16.948662623888815,73,-0.3539,-0.0512,-1.1459,0.1199,1.15,33,320,28-31,1.2842,1.5249,0.3077,1.0951,1.15,32,21,28-31,-1.036908693954603,1.8275521656133544,0.383245,0.6480402716646825,below,elite,above,-0.79,2.346,7.556,1.556
1628991,Jaren Jackson Jr.,UTA,F,Starter,26,57,31.78142679355413,19.233421774079805,6.161215240572483,2.436098079517059,1.120632591810578,1.198169440902484,2.1608981803524667,0.4711865597074928,0.355360749731875,0.7882040034588302,4.683837262037666,35.076535099829094,69,0.1278,0.2414,0.1699,-0.2896,0.75,21,6780,24-27,0.6918,0.9655,-0.0596,1.8041,0.9326,17,1588,24-27,-0.0165168395214537,0.9394555124316888,0.3816,0.7984381482236412,average,above,above,0.285,1.264,7.549,1.549
1628976,Wendell Carter Jr.,ORL,C,Starter,27,70,29.63894789274554,13.288096058788351,8.307089619807218,2.302991680330633,0.7788911401488898,0.8966847092787075,1.6026575243717045,0.5078586077408237,0.3177181229265119,0.7376752558113924,3.714435896426724,30.13516114696405,73,0.439,0.6409,0.1699,1.2622,0.75,24,6780,24-27,0.3023,0.4157,-0.0132,0.4268,1.0492,21,508,24-27,0.3781044975029868,0.3544339386909274,0.377485,0.6317116552464137,above,above,above,0.98,0.552,7.532,1.532
1631114,Jalen Williams,OKC,G,Starter,25,51,31.342901144376363,17.96304229258057,4.470999165178262,4.939599738374652,1.253367839511705,0.4070559942534045,2.047327951885773,0.4759306277414811,0.359860112188087,0.8170672383403979,3.830797084423331,33.67158444776602,77,0.5147,1.3852,0.1699,-2.5666,0.75,12,6780,24-27,0.2097,0.4428,-0.0093,-0.2709,0.8892,14,2254,24-27,0.6145996692678938,0.2027335179776521,0.37745,0.6427003756850602,above,average,above,1.149,0.383,7.532,1.532
1642275,Tidjane Salaün,CHA,F,Rotation,20,45,19.209462720728272,6.983354965956581,4.233721838309953,1.0748284026345931,0.549773471708455,0.3649561033891249,0.9215283641894948,0.4416618055444023,0.3507098328818038,0.7017511012192479,1.489114450927103,15.498724136983656,63,-0.0276,0.1324,-0.2397,-0.5966,0.8222,6,907,21-23,0.8636,0.672,0.0826,3.2298,1.15,7,653,21-23,-0.3120114935246214,1.1790997130115792,0.37344,0.7765964251552363,average,above,above,-0.062,1.578,7.516,1.516
1631096,Chet Holmgren,OKC,C,Starter,23,61,30.006434478517136,16.32777432451168,8.868717296768057,2.1416740594698025,0.7281453145626258,1.8344061522838584,1.847331615087283,0.5320277844801553,0.367657892745426,0.7442196345559756,4.249529128234436,36.02306895529022,68,0.4177,1.0635,0.1015,-1.5968,0.75,9,4716,21-23,0.3182,1.3217,-0.1771,-4.0707,0.9559,8,325,21-23,0.3400924140396918,0.378288282114969,0.372925,0.6187848339152839,average,above,above,0.933,0.581,7.514,1.514
1626157,Karl-Anthony Towns,NYK,C,Starter,30,69,32.27254846591186,19.593228903883688,10.775152601393572,2.9263442265186166,0.8289210873531527,0.9667799860762284,2.380589682182925,0.5132486975497699,0.3888794849146959,0.8120169966051778,5.129855292620358,39.91944190343912,73,0.8674,1.4678,0.173,1.592,0.75,33,4542,28-31,-0.2345,-0.5648,0.0295,1.0156,1.0263,26,436,28-31,1.1426292184267242,-0.4509126996754632,0.371545,0.6148727695650736,above,below,above,1.937,-0.428,7.509,1.509
1630568,Luka Garza,BOS,C,Rotation,27,56,15.479539401405464,6.780127440338294,4.188549647551018,0.8340413633885017,0.396488391238361,0.5659464633813912,0.7449360697285237,0.5442656869285676,0.3699663774111773,0.7047904373763635,1.6425327678083153,15.199817556613,57,0.8426,1.2576,0.0582,1.9048,0.8241,15,1309,24-27,-0.2062,-0.3216,0.1525,-0.3204,1.15,26,236,24-27,1.0983710179624184,-0.4084549689270115,0.3706400000000001,0.6123072491035229,above,below,above,1.882,-0.377,7.505,1.505
1628366,Lonzo Ball,CLE,G,Rotation,28,43,21.650320226074776,7.407875030625862,3.191603306958548,3.102136191546953,1.0675321749536044,0.2773491441613072,1.2718077394045135,0.3909115451217855,0.3310495718397577,0.7896650048963949,1.1397523992787966,18.65383950423677,70,-0.3625,-0.5625,0.0276,-0.6517,0.855,21,901,28-31,1.2657,1.7553,0.1577,0.0874,1.1411,16,441,28-31,-1.0362912649159324,1.714328516370648,0.37019,0.6235259551765813,below,elite,above,-0.81,2.313,7.503,1.503
201939,Stephen Curry,GSW,G,Starter,38,55,31.32057658674409,21.05115654610404,3.8059996132352776,5.611138729297082,1.120724554132643,0.3524483414608704,2.5919762203470222,0.4557799792384221,0.3921586711252176,0.9005225544669768,4.070197914808517,35.86260664236551,73,0.593,1.1428,0.0832,0.2704,0.75,48,2897,32+,0.0886,-0.0521,0.0155,1.22,0.929,40,933,32+,0.7619603169498289,0.0293867809460311,0.36602,0.6125125483555954,above,average,above,1.324,0.162,7.486,1.486
1642278,Tyler Kolek,NYK,G,Bench,25,50,10.962546861097476,3.8631541256069686,1.3454725461910948,1.8821407481274808,0.4020258338580583,0.0896460126763556,0.6998242345585117,0.4066459513452801,0.3488029477333755,0.7463257836786635,0.5839999774359634,9.076123608272232,51,-0.0513,0.4541,-0.8032,-1.4345,1.0442,6,637,24-27,0.8741,0.8711,0.3726,1.2569,1.15,8,152,24-27,-0.4506126754061208,1.1537787044665788,0.36513,0.6101619651252171,below,above,above,-0.115,1.597,7.482,1.482
1628398,Kyle Kuzma,MIL,F,Rotation,30,65,25.920234546407087,12.651790087620096,4.904944472623079,2.305301833684052,0.6177182158144054,0.4351074524174195,1.6708127480883712,0.4654159353357446,0.3388677985265678,0.7185022363889072,2.508072704492811,23.483340461900973,69,0.2759,0.5293,0.0276,-1.0787,1.1352,27,901,28-31,0.4642,0.6286,0.0602,0.0846,1.15,29,343,28-31,0.2650967914815651,0.6219757682408683,0.360635,0.7423215153646817,average,above,above,0.616,0.848,7.464,1.464
1641869,Malachi Smith,BKN,G,Rotation,26,30,22.37177694000584,8.921072310898682,2.849554662703856,2.7836217708732254,0.8097467058596108,0.2650457593836313,1.2071995964156788,0.4456036336993379,0.3727215770711178,0.8154433546319034,1.4475956867627535,18.53314836176719,61,0.5903,0.9029,0.0582,1.6307,0.7721,3,1309,24-27,0.0641,0.0744,0.0744,0.0,0.958,0,913,24-27,0.7568789153056243,-0.0056833681644124,0.35351,0.579472327892638,above,average,above,1.318,0.117,7.435,1.435
203110,Draymond Green,GSW,F,Rotation,36,64,25.11351053671869,8.002663785278585,5.18505451850352,4.02118282570521,0.8803244586721198,0.6226472816764826,1.9419501566650967,0.4404337808292528,0.3423437197180207,0.7213283621173832,1.473155903125398,22.823468510421336,77,-0.0418,0.0549,-0.0177,-0.6776,1.1449,42,610,32+,0.8187,1.0121,0.0742,0.8245,1.15,34,283,32+,-0.3390129355249108,1.1164686035468698,0.345425,0.7016091859687946,average,above,above,-0.093,1.496,7.403,1.403
1630183,Jaden McDaniels,MIN,F,Starter,25,72,32.17589622037039,14.882154131049164,5.417310506860532,2.5227789727452627,1.1115665577732452,0.8391396346729085,1.7211595074523882,0.4845968785922405,0.3636828444238211,0.7936453113956791,2.905948625938395,29.298054268285767,60,0.5562,0.8169,0.1699,1.682,0.75,18,6780,24-27,0.087,0.4251,-0.0596,-1.5398,1.0465,19,1588,24-27,0.7980900444872788,0.0958186526486996,0.34506,0.7006321971305635,above,average,above,1.242,0.159,7.401,1.401
1629014,Anfernee Simons,CHI,G,Rotation,26,56,26.265630613655365,13.798252866788214,2.694292632816067,3.275241708261033,0.685601204549346,0.16603822938196,1.5539885134622655,0.4325845014745467,0.3736746420997196,0.8671175534863945,2.038639831459916,22.945196376890696,72,0.494,0.5588,0.0582,0.8076,1.0774,24,1309,24-27,0.1561,0.1665,0.0744,0.1353,1.15,26,913,24-27,0.5756422566623246,0.126008620331947,0.341945,0.5489279514214866,above,average,above,1.103,0.285,7.388,1.388
1628978,Donte DiVincenzo,MIN,G,Starter,29,73,30.48810335115204,14.19726872612669,3.919941185989832,4.042585642124953,1.2411563555583758,0.3523481709255308,1.7125942197043678,0.4331203919512047,0.3844843420228408,0.7974886084934156,2.1210970125679003,28.03299597224927,69,0.4619,0.6556,0.173,1.4647,0.75,24,4542,28-31,0.1938,0.3379,-0.0817,0.0601,1.0521,26,1495,28-31,0.5152300371145581,0.179973706922303,0.341255,0.5471055891417553,above,average,above,1.032,0.354,7.386,1.386
1631105,Jalen Duren,DET,C,Starter,22,68,29.370289361939705,15.885929589279366,10.18131763546113,2.2358903380179456,0.7539391830439155,1.0885720530626806,1.9527253129912057,0.5954461558984658,0.3530757373425663,0.719097310584444,4.586316078341167,35.03215465418822,63,0.451,1.291,0.1015,-2.6323,0.75,12,4716,21-23,0.2062,0.3379,-0.1771,0.5493,1.0082,10,325,21-23,0.3995197557921672,0.2102576869267504,0.34084,0.5278293377728952,above,average,above,1.007,0.377,7.384,1.384
1627936,Alex Caruso,OKC,G,Rotation,32,56,20.82643936897755,7.470698249931324,2.768933980539181,2.4764570024570847,1.1848829812925386,0.3847538931502055,0.991177864738338,0.4331152931166882,0.3462202362887213,0.8005167237579729,1.1644439743758368,18.225837288853864,73,0.2154,0.5024,-0.0177,-1.0114,0.9745,27,610,32+,0.4752,0.5457,-0.0463,0.9969,1.15,38,315,32+,0.0513168870047619,0.5827794195622549,0.33231,0.523480907124077,average,above,above,0.481,0.868,7.349,1.349
1631466,Nate Williams,GSW,G,Rotation,27,31,17.334037577888218,7.417598048296458,2.1158257480490508,1.7378993559214044,0.6051006051257555,0.1425434657266786,1.006459866115185,0.4512225567730522,0.3682656076120464,0.8014817465017211,1.2287361302396154,13.799910326279544,46,-0.1958,-0.3436,0.0582,-0.5234,0.75,6,1309,24-27,0.9768,1.8438,0.0744,-1.2494,0.9733,5,913,24-27,-0.7225617634015186,1.300787043798928,0.33187,0.522318821032654,below,elite,above,-0.437,1.785,7.348,1.348
1642864,Hugo González,BOS,G,Bench,20,62,13.139374764538577,4.130121334788472,2.355039348536835,0.9254769392433292,0.5120844327475962,0.1985640576057135,0.6075154907715505,0.4348111212415089,0.3407135900569955,0.68024260575609,0.6145605268447452,9.868813942186046,58,-0.4443,-0.2695,-0.9598,0.2877,1.15,3,534,21-23,1.2763,1.7003,0.3161,-0.0524,1.15,6,124,21-23,-1.190238914729244,1.729501723740881,0.32997,0.5173007220015096,below,elite,above,-0.992,2.332,7.34,1.34
1630631,Jose Alvarado,NYK,G,Rotation,28,62,21.40948364516216,8.452682433636818,2.491161833093892,3.122879808480938,0.9776510884799692,0.1932544168358417,1.170389817425039,0.4161731943798709,0.3611343929273734,0.7882574634867295,1.1864275983943742,18.46872304459329,62,0.6404,0.7304,0.0276,1.5478,1.0062,15,901,28-31,-0.058,-0.131,0.1577,-0.192,1.15,24,441,28-31,0.8511671458147552,-0.1804615398536025,0.32612,0.5071324687015586,above,average,above,1.43,-0.106,7.324,1.324
1630696,Dru Smith,MIA,G,Rotation,28,47,19.616069370792506,7.303343358232409,2.570385371511014,2.375224708574759,1.1618507926452069,0.2835531253343962,1.0648977556134256,0.4408205395717356,0.3792102000829686,0.8089574823670538,1.4075950400640622,17.221956865233146,64,0.1933,0.5117,0.0276,-1.0968,0.841,6,901,28-31,0.4828,0.6911,0.1577,-0.4209,1.15,5,441,28-31,0.0097246735466423,0.5936583229597802,0.323575,0.500410857104578,average,above,above,0.432,0.882,7.314,1.314
203932,Aaron Gordon,DEN,F,Rotation,30,47,25.895541135376373,12.485219361912428,5.091275467403564,2.357720113336728,0.6037931724040764,0.3850814391007306,1.1531624667843534,0.5012947726256503,0.383083104742658,0.7557602723672401,3.1323338012951267,23.944791460531867,68,0.4648,0.6732,0.0276,0.2687,0.9862,36,901,28-31,0.1481,0.2713,0.0602,-0.5205,1.15,40,343,28-31,0.6242920304854156,0.1810471780004533,0.322285,0.639670770306676,above,average,above,1.038,0.271,7.309,1.309
1630590,Scotty Pippen Jr.,MEM,G,Rotation,25,35,21.865513790346064,10.075060162436008,2.673131115374175,3.624243332878213,1.2673716852651995,0.3268265260997163,1.833157079407912,0.4515829008698285,0.3607761314021834,0.7718498612137483,1.997134730245171,21.66862005488917,78,0.3394,0.9195,0.0582,-1.8868,0.8014,6,1309,24-27,0.2962,0.3107,0.0744,0.7764,1.0343,7,913,24-27,0.2846849625163835,0.3265526158573815,0.31996,0.4908632634216371,average,average,above,0.758,0.541,7.299,1.299
1630558,Davion Mitchell,MIA,G,Starter,27,70,28.57792889704711,11.679628452281708,2.928072224588454,4.982954940801092,0.9710420308302752,0.2196469652161444,1.7091532342035138,0.4624145257075652,0.378813463211977,0.7834435092410502,2.036048373281669,24.53066128692524,67,0.9597,1.4347,0.1699,3.0461,0.75,15,6780,24-27,-0.4679,-0.6147,-0.0093,-0.8081,1.0342,21,2254,24-27,1.4520899402571807,-0.7672066059911868,0.31728,0.4837851026829701,elite,below,above,2.143,-0.855,7.288,1.288
1642354,KJ Simpson,DEN,G,Bench,23,24,13.863193372945473,4.855215552521847,1.8098751183836992,1.788899454637541,0.6254875797593398,0.0907901785964137,0.9537123298541972,0.3708872975435967,0.3009046202542615,0.7355637808072036,0.918782256621627,10.905535821751664,65,-0.4355,-0.336,-0.9598,-0.3685,0.8795,6,534,21-23,1.2328,1.5838,0.3161,0.2688,1.15,7,124,21-23,-1.1736773093703547,1.6672343161366234,0.3152349999999999,0.4783840434626062,below,elite,above,-0.973,2.253,7.28,1.28
1630598,Aaron Wiggins,OKC,G,Rotation,27,64,21.34579546906732,9.341413206940455,2.933665691785378,1.9700537749574771,0.8254752452946039,0.2807734775666925,1.097962782682007,0.4534446433075199,0.372662062877669,0.7900450500689303,1.291483282639648,18.037676085421005,56,0.1507,0.0936,0.0582,0.7132,1.0277,15,1309,24-27,0.515,0.3454,0.0744,2.1829,1.15,23,913,24-27,-0.0704485523952534,0.639750518933506,0.314635,0.4767993806106659,average,above,above,0.337,0.941,7.278,1.278
1628374,Lauri Markkanen,UTA,F,Starter,28,52,33.252488187655835,20.865253993488,6.828579105026168,2.329585405218105,0.9611290651539944,0.5219988349773647,1.667430960354165,0.4666622170697495,0.3608602020758001,0.8512209904952742,4.881375277944704,35.335879767386466,68,0.52,1.2424,0.173,-1.5741,0.75,27,4542,28-31,0.0626,0.019,-0.0316,0.6824,0.8925,21,1195,28-31,0.7292553824865409,0.0617830385966081,0.31417,0.6179494979169571,above,average,above,1.161,0.114,7.275,1.275
1626181,Norman Powell,MIA,G,Starter,32,61,30.89283349888097,18.602865958345298,3.4338759551217604,3.163572757582382,1.0653048027643837,0.2500201035325258,1.8349521737516403,0.465523505279429,0.3933960569294423,0.8262811599271642,4.118028000865391,29.57989878600407,71,0.7504,1.2813,0.0832,1.4688,0.75,33,2897,32+,-0.2255,-0.566,0.0155,1.0389,0.9758,46,933,32+,1.0581872128008711,-0.420226844996431,0.311245,0.4678460354972026,above,below,above,1.676,-0.412,7.264,1.264
203994,Jusuf Nurkić,UTA,C,Rotation,31,50,23.49401534598123,9.08401512331801,8.321651641958443,2.8442329143151923,0.858144908655552,0.7840283766923262,1.813376818873584,0.4982605075457291,0.327193838398773,0.6230454081182866,2.389770113819316,26.449489502310986,70,0.5964,0.7192,0.0276,1.4989,0.9554,33,901,28-31,-0.0454,-0.1377,0.1167,0.0816,1.15,37,212,28-31,0.6590013020627354,-0.167211042978212,0.30759,0.4335712655667419,above,average,above,1.332,-0.083,7.249,1.249
1629111,Jock Landale,ATL,C,Rotation,30,61,19.24694824845474,7.740451960934019,5.185694070751893,1.2819676683076355,0.4825463649441985,0.6444610115328402,0.8921313164332956,0.5234662193180969,0.3736284639987812,0.671417686564521,1.6195331695651194,18.375127161295563,62,0.6703,0.8352,0.0276,1.5732,0.9479,15,901,28-31,-0.1402,-0.2641,0.1167,0.0153,1.15,26,212,28-31,0.7908836010269376,-0.3094369396196684,0.305575,0.4278590846495871,above,average,above,1.497,-0.256,7.241,1.241
1631200,Kris Murray,POR,F,Rotation,25,58,20.872619826789418,6.556308920325495,3.743220413986739,1.2615273268259963,0.7228869947668041,0.4097791639220537,0.8653129530697703,0.4539612915895218,0.2964695844145139,0.6752403028921986,1.2888628825235928,15.473149930345375,62,-0.2072,-0.3325,0.0582,-0.1261,0.9672,9,1309,24-27,0.9299,1.2369,0.1733,0.1447,1.15,16,714,24-27,-0.6535226895282823,1.271581729882631,0.3044949999999999,0.5920526019994546,below,elite,above,-0.463,1.699,7.236,1.236
1628960,Grayson Allen,PHX,G,Starter,30,58,30.30618349354716,15.115190144847316,3.480714299481506,3.815965359403996,1.1444548158861456,0.3194740558749394,1.6779598465123298,0.4375603554136609,0.380992564807151,0.8411576424545893,2.9892842817843324,27.72982211210204,66,0.6563,1.1334,0.173,0.9518,0.75,24,4542,28-31,-0.1284,-0.1898,-0.0817,0.0163,0.9387,27,1495,28-31,0.8810909554972938,-0.2812345397464689,0.303185,0.4465587311861367,above,average,above,1.466,-0.235,7.231,1.231
1630182,Josh Green,CHA,G,Rotation,25,58,21.569300127084983,7.160246811082505,2.4118794193956923,1.8388699568165552,0.8001875720518412,0.1823982243848246,0.976601773474228,0.4412236599391533,0.3858533828175542,0.7782889028432929,1.1267584192540183,14.783962665417938,66,0.1125,0.0259,0.0582,0.8297,0.9836,18,1309,24-27,0.5298,0.7456,0.0744,-0.0897,1.15,30,913,24-27,-0.1423409756577046,0.6609357518655291,0.300285,0.438899527401758,average,above,above,0.251,0.968,7.219,1.219
1630549,Day'Ron Sharpe,BKN,C,Rotation,24,60,19.270671920713617,8.082416136371519,6.380083482149463,1.623337321489867,0.734231928097557,0.76550824734815,1.31768516830053,0.5539755548572483,0.2814593371459071,0.6731861855950957,2.094395975957606,21.355057655222268,66,0.6976,0.9511,0.0582,1.0457,0.946,15,1309,24-27,-0.1909,-0.3655,0.1525,0.0757,1.15,24,236,24-27,0.8396033136348228,-0.3855007894057639,0.297775,0.4057474165831811,above,below,above,1.558,-0.349,7.209,1.209
203903,Jordan Clarkson,NYK,G,Rotation,33,58,22.08706917267841,10.52165294900143,2.450795534580892,2.726258377505439,0.6473299539412154,0.1698800272883411,1.4448898392497571,0.4241815080079492,0.3417323738737644,0.8207749096828707,2.0166209729270315,18.55873526119557,70,0.1297,0.1519,-0.0177,0.3267,1.0216,36,610,32+,0.5024,0.4147,-0.0463,2.0194,1.15,48,315,32+,-0.1099705651835119,0.621714442248135,0.297415,0.4313195567599763,average,above,above,0.29,0.918,7.208,1.208
1641796,Pelle Larsson,MIA,G,Rotation,25,63,21.697088770200267,8.74918662554727,2.698891438913591,2.526255359525925,0.7286124883742686,0.2101799882871912,1.117141764228695,0.4572179962259984,0.3467498733541503,0.7823852968829565,2.065577425980095,17.47647505728815,58,0.3682,0.837,0.0582,-2.0029,1.0277,6,1309,24-27,0.2066,0.2671,0.0744,-0.0297,1.15,8,913,24-27,0.3388865800545666,0.1982960705391878,0.29548,0.4262090190624686,average,average,above,0.822,0.377,7.199,1.199
1631120,JD Davison,HOU,G,Scrub,23,20,6.15255481687093,2.034732673730255,0.8650918253907928,0.7823890593102547,0.2290617923984227,0.0927126477115879,0.3838985453676758,0.363140690274516,0.2560856878256208,0.6930780856285107,0.469041532205717,4.827851228126945,40,-0.0259,0.8283,-1.7014,-1.4159,0.9098,6,195,21-23,0.6868,1.0619,0.3161,-0.7378,1.0434,5,124,21-23,-0.4028098599384177,0.8856709931038816,0.294815,0.4244526844015679,below,above,above,-0.058,1.255,7.197,1.197
1642345,Oso Ighodaro,PHX,F,Rotation,23,70,20.613043262809327,6.699010643128052,4.416244880725944,1.5730204707618327,0.6953233666979759,0.5649008719164424,1.000084733141817,0.5381787268288102,0.340042582464554,0.6100598090753484,1.4278850675994117,17.13862318884337,63,0.0324,0.3893,-0.2397,-1.6257,1.0603,6,907,21-23,0.6109,0.7442,0.0826,0.5995,1.15,10,653,21-23,-0.1979208935233983,0.8266079232179921,0.292725,0.5605480578186796,average,above,above,0.072,1.116,7.188,1.188
1631245,Quenton Jackson,IND,G,Rotation,27,44,19.101608647080965,8.353856391478056,2.3197359933389388,2.535308355951776,0.7499696395682117,0.1726118193674222,1.0889387241339732,0.4504137055218246,0.3627604859980753,0.8095640944482195,1.824101272071633,16.61930777008537,51,0.3434,0.8784,0.0582,-1.6183,0.8105,6,1309,24-27,0.2303,0.4143,0.0744,-0.7059,1.15,7,913,24-27,0.2922129649522422,0.2322210719235761,0.292505,0.4183517324215974,average,average,above,0.767,0.421,7.188,1.188
1631342,Daeqwon Plowden,SAC,G,Rotation,27,37,23.55735547952173,9.70781269209686,2.8160697161155106,2.0933192522749318,0.7923559925788299,0.2114285943548636,1.0453299108889902,0.4337721712906023,0.3478334093397306,0.8290197296502257,1.5776236754099946,18.19309907975996,66,0.1104,0.1358,0.0582,0.259,0.8575,3,1309,24-27,0.5113,0.3465,0.0744,2.4989,1.0649,3,913,24-27,-0.1462931769365305,0.6344542107005002,0.290805,0.4138618543410995,average,above,above,0.247,0.934,7.181,1.181
1642883,Sion James,CHA,G,Rotation,23,74,21.98961058033729,7.192467667968041,3.08773803173182,2.2373911127267307,0.7194560004822559,0.2463122792271183,1.0359059733206957,0.4127052055691131,0.3538521216826227,0.8061998464377951,1.454029820544306,16.11523884094375,69,-0.184,-0.1678,-0.2397,0.0548,1.1256,3,907,21-23,0.8674,1.1503,0.1139,0.299,1.15,4,799,21-23,-0.7003541562157353,1.1441880922608656,0.28913,0.4094380038794326,below,above,above,-0.411,1.585,7.174,1.174
1630249,Vít Krejčí,POR,G,Rotation,25,56,21.701655093650288,8.133535029190485,2.508527340071308,2.2407661694134453,0.7322856948862524,0.2864193745083848,0.9552343887566874,0.4497785895792935,0.3902331308143196,0.7779560780118151,1.1082958400461052,16.605797910823448,67,0.4833,0.5193,0.0582,1.4597,0.9702,15,1309,24-27,0.0507,0.0323,0.0744,0.0235,1.15,19,913,24-27,0.5555048501464024,-0.0248645925758386,0.28863,0.4081174515028158,above,average,above,1.079,0.093,7.172,1.172
1641717,Cason Wallace,OKC,G,Rotation,22,69,23.853492801880545,8.27245247456184,2.8448220975342977,2.3729140251151057,1.3142636971208432,0.3517944686876196,0.9981386021970022,0.4440149691456166,0.3602707485741165,0.7865322077487329,1.0728910746749944,19.24564592450404,66,-0.0427,0.1999,-0.2397,-1.0787,1.1286,9,907,21-23,0.6876,1.1271,0.1139,-1.1253,1.15,9,799,21-23,-0.4344274701690245,0.8868161408299369,0.285935,0.4009996741928501,below,above,above,-0.095,1.256,7.161,1.161
1630559,Austin Reaves,LAL,G,Starter,27,61,33.799961437246175,19.495916622052885,4.330445575036813,5.271047397100336,1.1027524515054057,0.3392773406993781,2.4539298191743524,0.468560732192447,0.3668823598595266,0.8575800975199068,5.027584378430148,34.471181965187554,64,1.0223,1.676,0.1699,2.312,0.75,15,6780,24-27,-0.6249,-1.2498,-0.0093,1.0547,0.9655,13,2254,24-27,1.5699031783783703,-0.9919418472295396,0.28106,0.3881242885208341,elite,below,above,2.283,-1.142,7.141,1.141
1642281,Jaylon Tyson,CLE,G,Rotation,23,61,20.7538830785725,9.102143241015666,3.3225345850060006,2.058384964379554,0.6935100366128956,0.2627894172111043,1.185477558373604,0.4598723225642546,0.396369275897227,0.7684728029780844,1.4228837646010146,17.86018299269059,60,0.171,0.5455,-0.2397,-1.2192,0.9898,6,907,21-23,0.4085,0.5395,0.1139,-0.0268,1.15,9,799,21-23,-0.0322439400332702,0.4873027279023941,0.277875,0.3797123698817838,average,above,above,0.382,0.746,7.128,1.128
1630545,Terrence Shannon Jr.,MIN,G,Bench,25,40,11.735115182161252,4.62799319219585,1.3711581497824852,1.1535437874552308,0.3839652335297578,0.0900429911552553,0.598610774036387,0.4314197754412121,0.3615404137441916,0.7820649770995154,1.0079731820780995,8.827112553136331,48,-0.1063,0.2001,-0.8032,-0.3984,0.9612,6,637,24-27,0.7462,0.6521,0.3726,1.4582,1.15,9,152,24-27,-0.5541227088991789,0.9706982117634876,0.277325,0.3782597622675052,below,above,above,-0.237,1.363,7.126,1.126
1629029,Luka Dončić,LAL,F,Starter,27,63,34.87267688981311,25.898214290715604,7.621641412172526,6.1845044048392985,1.411069318616777,0.5677823510628697,3.105950917058696,0.4705297392165338,0.3673406797221987,0.7811699444609708,7.150506870183388,47.15154468456183,68,1.5888,2.753,0.1699,2.865,0.75,24,6780,24-27,-1.3278,-1.9911,-0.0596,-1.4496,0.9781,17,1588,24-27,2.761589270508327,-1.877689001486508,0.2763299999999999,0.5166638605507262,elite,poor,above,3.548,-2.426,7.122,1.122
1630639,A.J. Lawson,TOR,G,Bench,25,29,11.927212053696044,4.897453480131233,1.810515247160701,0.9881267378515995,0.4659677370091134,0.1356907240541983,0.52380289323692,0.4179889240189082,0.3496058718790861,0.7279849055581885,1.0179008045708875,9.833434373454487,65,-0.1897,0.1135,-0.8032,-0.9831,0.842,12,637,24-27,0.8246,1.6912,0.3726,-4.0952,1.15,13,152,24-27,-0.711081559686834,1.082922688916907,0.266735,0.3502904629307571,below,above,above,-0.424,1.507,7.083,1.083
1642449,Tolu Smith,DET,F,Bench,25,21,10.939975890802987,4.079995693599031,2.530362984858296,0.7349974538284902,0.3252558162211532,0.3431113580428767,0.5226323726184045,0.4646963798298927,0.3310626559341335,0.70145003192376,1.1302657122182609,9.701396606345403,47,0.3076,0.8808,-0.8032,0.3846,0.75,3,637,24-27,0.2166,0.2252,0.2252,0.0,1.0685,0,98,24-27,0.3253746584822113,0.2765979797450544,0.26665,0.4907535812244812,average,average,above,0.687,0.396,7.083,1.083
1629651,Nic Claxton,BKN,C,Rotation,26,66,25.322693328920906,9.982447581847518,7.014735566981706,2.1959533228816865,0.6536344078916249,1.231021853766029,1.258720813262716,0.5624219470018886,0.2689089135288803,0.6079622594568554,2.570829852353143,26.089308218258346,70,0.3703,0.8279,0.0582,-2.2709,1.1375,21,1309,24-27,0.1389,0.0713,0.1525,0.3224,1.15,16,236,24-27,0.2555021437974295,0.1092893024966869,0.26617,0.3161526384756481,average,average,average,0.827,0.254,7.081,1.081
1628381,John Collins,LAC,F,Rotation,28,61,25.618491820006835,12.688008806390982,5.811646991075004,1.3373963224332628,0.7542838602677692,0.6896497940366076,1.4415419954140651,0.5194101207103429,0.3880602864851136,0.7876739509241261,2.436176343160776,24.55833864682994,74,0.2937,0.5127,0.0276,-0.7201,1.0952,27,901,28-31,0.2287,0.2217,0.0602,0.4781,1.15,17,343,28-31,0.298943669481928,0.2934762965495752,0.26445,0.4848648813776074,average,average,above,0.656,0.418,7.074,1.074
1630173,Precious Achiuwa,SAC,F,Rotation,26,66,22.18618679807773,8.511430158387588,5.560217328582072,1.2748887696220008,0.7630289764792517,0.6414615929928592,0.9519227073273628,0.4993615633360235,0.3192097589107842,0.6402485794446291,1.7039236716840032,20.357573108208044,55,0.3944,0.4202,0.0582,0.8311,1.0638,18,1309,24-27,0.096,0.0623,0.1733,-0.059,1.15,27,714,24-27,0.4904257264839806,0.1083727725859464,0.26012,0.4732748494062602,above,average,above,0.881,0.175,7.056,1.056
1641747,DaRon Holmes II,DEN,F,Bench,23,29,10.419600269194024,3.990871460387437,2.0635309283720344,0.6625623538105209,0.2770675653519737,0.3025781224847025,0.5331542442946875,0.4693618547475425,0.3693541091364122,0.7242632371325253,0.8464960896588315,8.666734924365002,70,0.2818,0.6832,-0.9598,1.5287,0.7895,3,534,21-23,0.2287,0.4235,-0.1162,-0.2033,1.15,4,106,21-23,0.2763157004816854,0.2934762965495752,0.257905,0.4673459993331575,average,average,above,0.629,0.418,7.047,1.047
203937,Kyle Anderson,MIN,F,Rotation,32,50,20.441239245948765,6.874762081605216,3.7555855218709855,2.494462483680868,0.8024857045766235,0.4995599454848628,0.9415023828631428,0.476397121383448,0.3569690519762285,0.7334003896510454,1.522817854205564,18.08779300069301,65,0.1821,0.2443,-0.0177,0.4489,0.914,36,610,32+,0.3503,0.265,0.0742,1.234,1.15,50,283,32+,0.0867351534796531,0.463096405923933,0.25779,0.467038180932071,average,above,above,0.407,0.64,7.047,1.047
1642353,Cam Christie,LAC,G,Bench,20,41,9.701768870996904,3.3966702173345515,1.3867181450562347,0.9348096146832968,0.4078458275550021,0.0971461677819453,0.5149842035129435,0.3868184599516022,0.284118569673875,0.7412627986175053,0.7394903853431016,7.462938195924877,64,-0.2116,-0.0105,-0.9598,0.1142,0.8991,3,534,21-23,0.8252,1.0535,0.3161,-0.0937,1.15,6,124,21-23,-0.7522973730231606,1.083781549711449,0.2549599999999999,0.3191914544614265,below,above,average,-0.473,1.508,7.035,1.035
1630643,Jay Huff,IND,C,Rotation,28,65,17.60043458068126,7.359946062049808,4.241891293415329,1.0222108200467828,0.4234768959575665,1.1379686252952068,0.8267113556726136,0.5128808808481742,0.3456845205263898,0.730039168496562,1.3301495836143609,17.841157052304084,61,0.0066,0.144,0.0276,-0.9347,0.9429,9,901,28-31,0.5565,0.6792,0.1167,0.4134,1.15,7,212,28-31,-0.3935586428504774,0.7358033788413306,0.254055,0.281808682241737,below,above,average,0.015,1.017,7.032,1.032
1631104,Blake Wesley,POR,G,Bench,23,35,11.986530801565117,4.246487362491345,1.3257433782086885,1.7538587890800914,0.5019240250014706,0.125937200088853,0.8366139214279069,0.4299477808568234,0.3036430406295523,0.642989366372299,1.1023797552023455,9.515137353804972,65,-0.1107,0.253,-0.9598,-0.4388,0.9274,12,534,21-23,0.6997,0.4297,0.3161,2.5574,1.15,21,124,21-23,-0.5624035115786234,0.9041365001865234,0.25398,0.3166031718032573,below,above,average,-0.247,1.278,7.031,1.031
1641757,Jordan Miller,LAC,G,Rotation,26,49,19.930499858883135,8.265046138249538,2.535485658094308,2.1602748013127058,0.7148835801104398,0.2016103532674639,1.0786992159388251,0.4648077293952916,0.3420812828623654,0.7884320189842935,1.910478486777932,16.21882371412665,56,0.2914,0.778,0.0582,-1.8571,0.8711,6,1309,24-27,0.2067,0.2425,0.0744,0.119,1.15,10,913,24-27,0.1943489332860783,0.1984392140049447,0.253285,0.3147676039997596,average,average,average,0.651,0.378,7.029,1.029
1641871,Duop Reath,POR,C,Bench,29,40,10.992192217697186,4.204783995327864,2.5095445859170558,0.5092525582074349,0.2627218305299897,0.3927919534876435,0.4826972074328953,0.4650299988811907,0.3696978665190896,0.6923998210595,0.7689649014423909,9.463960480359486,72,-0.5125,-0.3306,-1.1459,-0.5223,0.9258,9,320,28-31,1.1839,1.6087,0.3077,-0.2805,1.15,13,21,28-31,-1.3199470243432696,1.6770747665296193,0.25088,0.2728080994070139,poor,elite,average,-1.145,2.163,7.018,1.018
1642274,Yves Missi,NOP,C,Rotation,21,64,22.17087142386022,7.864694679724035,6.6003691753909255,1.272915812283533,0.4689901158861909,1.2456753522995296,1.0621793103241548,0.542420800386933,0.3209049164457139,0.632541944421895,2.1378164790826597,21.77632850285145,67,-0.1464,-0.1199,-0.2397,-0.0187,1.0479,6,907,21-23,0.7361,0.9458,0.0268,0.6457,1.15,8,157,21-23,-0.6666031860375266,1.0052524404110097,0.250725,0.2723687008749251,below,above,average,-0.327,1.345,7.018,1.018
1631166,Drew Timme,LAL,F,Bench,25,28,10.679368720127474,3.941616882296862,1.9883211981987032,0.754878952223924,0.3253602619082001,0.2160863124868124,0.5271967623230064,0.4892532600304747,0.3627568446910001,0.6918353989104806,0.7118603425440855,8.557063709333223,60,0.3931,0.8357,-0.8032,1.632,0.7774,3,637,24-27,0.067,-0.0596,0.2252,0.2651,1.15,5,98,24-27,0.4879537634839541,0.0679206083437065,0.246355,0.4364303251370697,above,average,above,0.878,0.122,7.0,1.0
1630230,Naji Marshall,DAL,F,Starter,28,71,29.44218172973018,14.528683108998267,5.4148583541705175,2.914354489604833,1.025516203271772,0.3193333921768799,1.6792191219906711,0.4893918756581377,0.3275875694053178,0.7771540595587357,3.466231188215247,27.753374532765424,60,0.6868,1.1073,0.173,1.528,0.75,18,4542,28-31,-0.2938,-0.4457,-0.0316,-0.0666,1.0359,23,1195,28-31,1.0464272504899408,-0.4353601109183677,0.24553,0.4342220626944921,above,below,above,1.534,-0.537,6.997,0.997
1630314,Brandon Williams,DAL,G,Rotation,26,51,19.46446180796028,9.331932097095272,2.366973016022738,2.736903520722874,0.7476799638155541,0.223942380155418,1.3262406459592972,0.4542262146613436,0.3258419748292037,0.7930407102514571,2.4370686095015346,17.86628138336049,63,0.3828,0.913,0.0582,-1.7135,0.8766,12,1309,24-27,0.0736,0.0155,0.0744,0.3239,1.15,17,913,24-27,0.366363788945451,0.0079152610824942,0.24366,0.2893469707498824,above,average,average,0.855,0.134,6.989,0.989
1641731,Bilal Coulibaly,WAS,G,Rotation,21,58,25.413147668497587,10.157725610192022,3.733575720149145,2.5199108546018616,1.047001744050767,0.599609657715532,1.4779383406004347,0.4263391032634125,0.3257092076719778,0.7530830095535467,2.424632324404146,21.87977862097225,70,0.1096,0.2647,-0.2397,-0.102,1.0751,9,907,21-23,0.3966,0.5214,0.1139,-0.0209,1.15,11,799,21-23,-0.1477987774237022,0.4702686554773216,0.23875,0.2763791464115034,average,above,average,0.245,0.725,6.97,0.97
1628418,Thomas Bryant,CLE,C,Bench,28,54,12.242400168424409,5.097078791170732,3.3473285196465405,0.5811924175465883,0.3038953035725467,0.4723119264626501,0.5288013434054237,0.5080951530037772,0.336597474550795,0.7626249541106623,1.092363231360021,11.78548198776663,66,0.4019,0.8355,-1.1459,0.9558,1.141,24,320,28-31,0.038,-0.3271,0.3077,1.3703,1.15,32,21,28-31,0.311895657292271,-0.0420882604898421,0.238145,0.2367065490447475,average,average,average,0.898,0.069,6.967,0.967
1630574,Ariel Hukporti,NYK,C,Bench,24,43,10.408302167453876,2.9963902583761737,2.906265172306895,0.4960054000696843,0.1977963065293087,0.5481586876351309,0.6792066690141955,0.5365330525771627,0.2808679802085443,0.6541592902505406,0.8760577801803273,8.786574878728096,48,-0.4525,-0.404,-0.8032,-0.1815,0.9396,6,637,24-27,1.0817,1.4107,0.1835,0.392,1.15,11,34,24-27,-1.212870732897368,1.52374684842037,0.23789,0.2359836675887304,below,elite,average,-1.011,1.976,6.965,0.965
1631157,Ryan Rollins,MIL,G,Starter,23,61,26.68169688265662,13.82616019186457,3.5863654363609774,4.123748790129234,1.1665747791303438,0.3464944272334633,1.9894569101452264,0.4616771438824918,0.388349820319769,0.8040317140899526,2.5564110703668472,26.865172609637792,62,0.1514,0.4781,0.1015,-1.3424,0.75,6,4716,21-23,0.342,0.9909,-0.1079,-2.1125,0.9745,5,1613,21-23,-0.0691311519689781,0.3921123231740474,0.23717,0.2722062009013937,average,above,average,0.338,0.625,6.963,0.963
1643016,Bez Mbeng,UTA,G,Starter,22,33,32.3712538933371,15.023496547634,4.295819263905733,4.681131268889644,1.4109379127537958,0.3485759276448224,2.0663605125264706,0.4584056110222437,0.3444784054801421,0.7888538622067734,3.2413407169742783,30.41235757632473,44,0.501,0.7955,0.1015,1.2558,0.75,3,4716,21-23,-0.0867,-0.2446,-0.1079,0.6455,0.7567,2,1613,21-23,0.5888162609250774,-0.2215437145258364,0.236535,0.2705290993830901,above,average,average,1.119,-0.158,6.961,0.961
1642266,Ja'Kobe Walter,TOR,G,Rotation,21,65,20.98117668963435,8.310041150522354,2.750536598695903,1.8155205978983773,0.8643717933234187,0.2284596415556061,0.958138281918092,0.4277268481406722,0.3712265713695907,0.7888933976234287,1.5409155114148985,16.654321988523986,65,0.1277,0.4349,-0.2397,-0.9855,1.028,6,907,21-23,0.3651,0.5421,0.1139,-0.4202,1.15,8,799,21-23,-0.1137345664014413,0.4251784637638941,0.23453,0.265233684352856,average,above,average,0.285,0.667,6.952,0.952
1627747,Caris LeVert,DET,G,Rotation,31,59,22.23659967853967,9.271282439546786,2.621584928858185,3.002956106422537,0.8561343833921682,0.4422318050626738,1.2697678703291235,0.431885934885153,0.3514189349678939,0.7415141787062973,1.7781909365932629,19.546949208845817,78,-0.0162,-0.0411,0.0276,0.0361,1.0005,30,901,28-31,0.5409,0.6719,0.1577,0.1986,1.15,34,441,28-31,-0.3845544540314602,0.6768246765645464,0.234495,0.2651412456864928,below,above,average,-0.036,0.988,6.952,0.952
1631107,Nikola Jović,MIA,F,Rotation,22,51,20.67611892631671,8.45286723411867,4.0048901111392645,1.8533447443409128,0.657936360764425,0.4224246154127429,1.1678059840952266,0.4357215321120448,0.3322659974369281,0.725393699293151,1.8661102207395184,18.112029428433438,53,-0.0636,0.0279,-0.2397,-0.2839,0.906,12,907,21-23,0.5982,0.7201,0.0826,0.6332,1.15,11,653,21-23,-0.3804658535253551,0.8088926650843214,0.2342099999999999,0.4039220253005772,below,above,above,-0.142,1.093,6.951,0.951
1630591,Jalen Suggs,ORL,G,Rotation,24,54,25.155134079094708,11.827762330061708,3.2881819283782683,3.5818463247405417,1.2811702592789331,0.5383235104838945,1.9948076551515397,0.4319440052552917,0.3442429638731757,0.8254355628062535,2.072636720511092,24.61002378536338,72,0.745,0.8572,0.0582,1.4817,1.0349,15,1309,24-27,-0.3902,-0.5127,0.0744,-0.5399,1.15,14,913,24-27,1.0480244095124618,-0.6559841330980658,0.23416,0.2642564755941594,above,below,average,1.664,-0.713,6.951,0.951
1630583,Santi Aldama,MEM,F,Rotation,25,50,24.477855092674123,10.902258107002536,5.522533782254872,2.1351074580393608,0.7457172571322095,0.6040536382253618,1.1063279553151113,0.4716304261040474,0.3539565828155907,0.6856635971294831,1.9360921693631343,23.674944563525024,71,0.9957,1.2094,0.0582,2.091,0.9861,15,1309,24-27,-0.7083,-0.9412,0.1733,-1.0321,1.15,16,714,24-27,1.6338036894962376,-1.0135470791393486,0.2289,0.3897088452156227,elite,below,above,2.224,-1.294,6.93,0.93
1631246,Vince Williams Jr.,UTA,G,Rotation,25,44,21.5248423103676,8.233929491258849,3.427832317558692,2.982419560502924,0.7399191415167614,0.3276168893265588,1.41231726364563,0.4080315008083875,0.3343090349183881,0.7937393169619402,1.507977935388996,18.611248441967994,62,-0.0636,-0.0896,0.0582,-0.2963,0.8674,12,1309,24-27,0.5841,0.7292,0.0744,0.4806,1.15,12,913,24-27,-0.4737612828963866,0.7386626537715324,0.2278649999999999,0.2476307211725512,below,above,average,-0.142,1.067,6.925,0.925
1642450,Daniss Jenkins,DET,G,Rotation,24,51,20.939365275760228,8.99557690899435,2.5156856547643787,3.1677554514070216,0.8453814319563886,0.2325641330531657,1.4156527458455106,0.4216625994570292,0.364159783072409,0.8112938024749591,1.9317075343871104,18.58421682100529,52,0.5883,0.8189,0.0582,0.9874,0.9112,3,1309,24-27,-0.217,-0.4061,0.0744,0.3263,1.15,5,913,24-27,0.753114914087695,-0.4080596504070933,0.225915,0.242480566903745,above,below,average,1.314,-0.396,6.918,0.918
1628963,Marvin Bagley III,DAL,F,Rotation,27,54,19.07223160730793,8.913793945903597,4.815103549243839,1.202731058291955,0.4950945899573383,0.5205277169960059,0.9289003937575228,0.5382246209238021,0.3683283553524602,0.7105320521245373,1.9892207270975344,18.61398131953665,61,0.2267,0.6313,0.0582,-1.7073,0.892,21,1309,24-27,0.2221,0.252,0.1733,-0.1002,1.15,26,714,24-27,0.1715424994805622,0.2842699419289275,0.22463,0.3782794141491901,average,average,above,0.506,0.406,6.912,0.912
203999,Nikola Jokić,DEN,C,Starter,31,66,34.06551225282451,22.97421163804941,11.367837596846952,7.157294539553496,1.21198308890017,1.032462352314724,2.8542753667783893,0.5574240072205434,0.3829339006584444,0.7865318263118236,5.768109282251302,51.23061952046229,71,2.3043,3.7384,0.173,5.9921,0.75,33,4542,28-31,-2.3211,-3.1694,0.0295,-4.2049,1.0034,27,436,28-31,3.706927938070325,-3.5813826989588287,0.2228700000000001,0.1934045324147029,elite,poor,average,5.146,-4.241,6.905,0.905
1630567,Scottie Barnes,TOR,F,Starter,24,72,33.5502171177448,18.132913253346103,7.298360628432352,4.696984960646342,1.2750568231957131,1.0970089471904576,2.4444622689228943,0.4758913539493772,0.3216901194283872,0.7796974828837528,4.192423430241208,38.608158490670064,68,1.0134,1.626,0.1699,2.5178,0.75,15,6780,24-27,-0.7527,-0.8804,-0.0596,-1.7318,1.0465,8,1588,24-27,1.6674604164965985,-1.075480737496433,0.2186550000000001,0.3622862407014307,elite,below,above,2.263,-1.375,6.888,0.888
1630228,Jonathan Kuminga,ATL,F,Rotation,23,46,22.81916958041394,11.352255974771714,4.766198257812096,1.8200913081338543,0.681685959387555,0.438704253734868,1.403929217184659,0.4713269156514376,0.3296875208346123,0.7089082178599662,3.020008242438045,21.75907226852962,68,0.2718,0.4763,-0.2397,0.4725,0.9155,15,907,21-23,0.1454,0.0984,0.0826,0.4261,1.15,20,653,21-23,0.2573006004814815,0.1772809420192792,0.21492,0.3522888343704877,average,average,above,0.607,0.266,6.873,0.873
1630192,Zeke Nnaji,DEN,F,Bench,25,48,11.452417122611411,3.706099395591514,2.304282261544097,0.5701795866708044,0.3547839479323157,0.458559959739363,0.4807387826109096,0.4633631214380237,0.3073955853385599,0.7071453486937281,0.8792357489087586,9.285800429854762,49,-0.3786,-0.302,-0.8032,0.3368,1.0418,18,637,24-27,0.9363,1.1159,0.2252,0.7708,1.15,31,98,24-27,-0.9794415035317762,1.2805091040602288,0.213105,0.3474306569968167,below,elite,average,-0.845,1.711,6.866,0.866
1630552,Jalen Johnson,ATL,F,Starter,24,63,34.35170371522193,18.86553115991441,8.505197578002457,4.786114688381511,1.2296620612975493,0.7309059584806795,2.5611306387993817,0.4850485021143591,0.3451548118326007,0.7698877145267214,4.27689387582527,39.57151370662493,66,1.299,2.177,0.1699,2.7449,0.75,15,6780,24-27,-1.1171,-1.4513,-0.0596,-2.5343,0.9781,14,1588,24-27,2.21053167250242,-1.583783104733406,0.211755,0.3438171366362352,elite,poor,average,2.901,-2.041,6.86,0.86
1630264,Anthony Gill,WAS,F,Rotation,33,54,16.754321843079826,5.898942003397466,3.0095585491289656,1.2172645211926036,0.495664568188246,0.3019410161326485,0.7210375839397252,0.4991828311775156,0.3523251023391098,0.7448100572656555,1.1478491162254876,13.00808821316409,46,0.6194,0.8157,-0.0177,1.9417,0.8604,18,610,32+,-0.2868,-0.4516,0.0742,-0.0063,1.15,30,283,32+,0.9182654764885668,-0.4255957954116202,0.2116099999999999,0.343429017782691,above,below,average,1.383,-0.524,6.859,0.859
1629630,Ja Morant,MEM,G,Starter,26,38,31.12001793476565,18.87743986052176,3.947141685451081,6.224337739199195,1.1576663126143716,0.308385632629641,2.8681059391213704,0.4386282888843701,0.3196768556357289,0.8470037173035799,4.852349378893987,34.48056638847252,67,0.9671,1.6243,0.1699,1.9125,0.75,18,6780,24-27,-0.7125,-0.5287,-0.0093,-5.8183,0.79,12,2254,24-27,1.4660167447635193,-1.1173355232325948,0.21128,0.2038279988401655,elite,below,average,2.16,-1.302,6.858,0.858
1629006,Josh Okogie,HOU,G,Rotation,27,63,18.775108972102025,6.708891020641133,2.6119793931383546,1.5778559180267648,0.8756388858874578,0.2729652961327784,0.8468061049898423,0.4305626865120021,0.3620311103599422,0.7438426873241452,1.4990471076414331,14.809056610518171,60,-0.1071,-0.2,0.0582,0.0379,0.9591,24,1309,24-27,0.5913,0.7803,0.0744,0.2369,1.15,37,913,24-27,-0.5556283093863505,0.7489689833060302,0.20718,0.1929994693519058,below,above,average,-0.239,1.08,6.841,0.841
1628368,De'Aaron Fox,SAS,G,Starter,28,69,33.48464043973139,19.9624357013479,4.164681857681585,5.613533521121559,1.3568997055357532,0.3227076162023793,2.36275756512083,0.4651892649546232,0.3453378266711834,0.7945740688288353,4.153897151449366,36.0564186123417,73,0.3405,1.0381,0.173,-2.6401,0.75,27,4542,28-31,0.0407,0.0511,-0.0817,0.3365,1.0219,18,1495,28-31,0.2867551631862447,-0.0391789391515299,0.20559,0.1888001127942638,average,average,average,0.76,0.074,6.834,0.834
1641890,Tyler Smith,DAL,F,Bench,21,23,11.053010352003843,4.136830929119604,2.247481474983388,0.5613509646792346,0.3648566717801872,0.2369245583638739,0.5117270471805777,0.4517869331986124,0.3212563416126484,0.7088426965941175,0.764700017322081,8.969451789370128,52,-0.0419,0.1822,-0.9598,0.657,0.75,3,534,21-23,0.5047,0.792,-0.1162,0.0884,1.1235,6,106,21-23,-0.3392030865249128,0.6784693079584793,0.20407,0.3232468373984052,average,above,average,-0.094,0.922,6.828,0.828
1630570,Trendon Watford,PHI,G,Rotation,25,53,19.21194594325412,8.212883275776171,3.047869836722558,2.409402807352336,0.5859831284923585,0.2995764138614476,1.3017613226673088,0.4660241666436452,0.3394451942392026,0.7833448169468429,1.780765546876538,16.839348595265854,51,0.5015,0.6295,0.0582,1.4162,0.8871,15,1309,24-27,-0.1603,-0.2351,0.0744,-0.2065,1.15,22,913,24-27,0.5897572612295597,-0.326897305322924,0.2036899999999999,0.1837820137631191,above,average,average,1.12,-0.293,6.827,0.827
1629004,Svi Mykhailiuk,UTA,G,Rotation,28,50,20.73567733249144,8.480160906377275,2.38981054548706,2.0834624879954307,0.621481301371218,0.1408538796978977,1.0234230967501845,0.43660284119602,0.3772614208637355,0.8175190313020043,1.0343394018448864,15.736709739412058,65,0.5301,0.6975,0.0276,1.3424,0.8916,24,901,28-31,-0.1965,-0.371,0.1577,0.044,1.15,39,441,28-31,0.64358247864595,-0.3787152399269263,0.20313,0.1823029951013081,above,below,average,1.184,-0.359,6.825,0.825
1642272,Jared McCain,OKC,G,Rotation,22,54,20.95951277774209,9.85532981833788,2.4255237556432605,2.162982100459702,0.6718715946905226,0.1496980226668918,1.1958514831164864,0.4383703137308751,0.3725930498124685,0.8233352925863736,1.57602421535964,17.2792888447551,65,-0.0609,0.0249,-0.2397,-0.2131,0.9373,6,907,21-23,0.519,0.5276,0.1139,1.0056,1.15,10,799,21-23,-0.4686798812521819,0.6454762575637825,0.200055,0.1741815979851136,below,above,average,-0.136,0.948,6.812,0.812
201950,Jrue Holiday,POR,G,Starter,35,59,31.093285550513144,14.50719224547389,4.33046606118023,5.111943231695834,1.0562019938396576,0.3303331412818232,2.0967772589802287,0.4518309912148943,0.3767912989079934,0.848390025022513,2.240166384042612,29.43449451281813,68,0.2017,0.4086,0.0832,-0.1741,0.75,51,2897,32+,0.1973,0.3921,0.0155,-0.3449,0.9602,31,933,32+,0.0255334786619456,0.184983728223795,0.19972,0.1732968278927802,average,average,average,0.45,0.361,6.811,0.811
1642868,Carter Bryant,SAS,F,Bench,20,62,11.420365362438954,4.155154666121796,2.448034682241956,0.6493880379092862,0.2984593809631185,0.3348318677907272,0.5191925831190596,0.4342278578714078,0.3312204337566785,0.6934864558585282,0.785571941047714,9.447559504818551,58,-0.4644,-0.2761,-0.9598,0.1557,1.15,3,534,21-23,1.0093,1.5359,-0.1162,-0.0898,1.15,6,106,21-23,-1.1425910615335249,1.3823369657734534,0.198765,0.3090470407221934,below,elite,average,-1.037,1.844,6.807,0.807
1631288,Jamal Cain,ORL,F,Bench,27,35,12.578498449198449,4.68742667271723,2.3418833533429764,0.6452426395491723,0.4209887708018252,0.2291600869164882,0.5221612264711138,0.4522767520891165,0.3412285287970065,0.7348508812545601,1.102307732067707,9.893836002736386,55,-0.0781,0.4475,-0.8032,-1.7323,0.9391,12,637,24-27,0.5221,0.5803,0.2252,0.3827,1.15,20,98,24-27,-0.4080377485256508,0.7027406065038231,0.19199,0.2909125218755704,below,above,average,-0.174,0.954,6.78,0.78
1629013,Landry Shamet,NYK,G,Rotation,29,53,20.333497801516085,8.19056494946279,1.951070713397188,1.6895978175543784,0.6601402232532247,0.1657790351656207,0.8190975647075653,0.4372751012469772,0.3773621778071243,0.7720421395664768,1.2959742269105865,14.724906742419956,63,0.5837,0.7552,0.0276,1.4571,0.9071,24,901,28-31,-0.2911,-0.2172,0.1577,-1.7013,1.15,35,441,28-31,0.7444577112864573,-0.5141289585329656,0.19004,0.1477309338814749,above,below,average,1.304,-0.532,6.772,0.772
1628379,Luke Kennard,LAL,G,Rotation,29,65,22.378417213557285,8.904419479854969,2.5574428806408243,2.681954115509569,0.7344131642862913,0.1285920491326921,1.069296103492695,0.4678391649689284,0.42472510450008,0.8530782652951232,1.2152179241881116,17.516001646652565,63,0.2795,0.8261,0.0276,-2.7854,1.0533,27,901,28-31,0.0781,0.0438,0.1577,-0.0565,1.15,39,441,28-31,0.1719531260393986,0.0143567170415553,0.18887,0.1446408413201913,average,average,average,0.624,0.143,6.767,0.767
1628370,Malik Monk,SAC,G,Rotation,28,61,24.29536355633009,12.244050401871938,2.6324873671913167,3.5487741936616564,0.7475861911280055,0.3697680130791337,1.6097964438617418,0.4370296529244775,0.362547295656786,0.844659241645358,1.9953162798521276,22.46846270175368,65,0.3854,0.6853,0.0276,-0.9035,1.0646,27,901,28-31,-0.0521,-0.0539,0.1577,-0.6027,1.15,41,441,28-31,0.3712569905287593,-0.1720160753739447,0.188525,0.1437296601803255,above,average,average,0.861,-0.095,6.766,0.766
1628401,Derrick White,BOS,G,Starter,31,73,33.315140934712325,16.148848070722842,4.142027798979967,5.030412310405478,1.1029640066547517,0.8482093358232927,1.844137262252796,0.4280754847167112,0.3600460738957897,0.8599863181576145,2.7795484409949367,32.67428266028836,69,0.2537,0.7106,0.173,-1.6681,0.75,27,4542,28-31,0.1074,0.7313,-0.0817,-3.1214,1.0521,22,1495,28-31,0.1233975103281095,0.0562977525083306,0.187865,0.141986531043191,average,average,average,0.567,0.196,6.763,0.763
1626171,Bobby Portis,MIL,F,Rotation,31,62,23.363271082002623,11.367865118387565,5.960436023170829,1.6100220932342626,0.6625370684073011,0.3532976228473741,1.0427980215361945,0.4772702845636721,0.4089415631231847,0.7626159250084098,1.3469082340000982,22.94012753827179,71,0.5949,0.629,0.0276,1.5012,1.0513,33,901,28-31,-0.316,-1.2298,0.0602,4.4505,1.15,39,343,28-31,0.8716784814880676,-0.46632694009691,0.184995,0.2721891330442601,above,below,average,1.329,-0.577,6.752,0.752
1629026,Kenrich Williams,OKC,G,Rotation,31,57,17.807714733930858,6.817546888520811,2.969354777905571,1.8193967917620688,0.6489898079619603,0.150242219846664,0.82303774106734,0.4523726228788637,0.3777004045597958,0.7346087914819296,0.9645304081967228,14.68452615200913,52,0.3811,0.5836,0.0276,0.4596,0.8817,24,901,28-31,-0.0547,-0.3289,0.1577,1.0249,1.15,34,441,28-31,0.3631643879102111,-0.1757378054836244,0.18499,0.1343933548776433,above,average,average,0.851,-0.1,6.751,0.751
1642346,Ryan Dunn,PHX,F,Rotation,23,66,20.200220531796504,7.109953204141407,4.134110043667266,1.2208069598802056,0.7163203849132833,0.487588796065879,0.8357274322986137,0.4531498532723089,0.3294182405086903,0.6445300851070352,1.1122930663312096,16.678095807001306,62,-0.0765,-0.0206,-0.2397,-0.0182,1.0178,6,907,21-23,0.4984,0.562,0.0826,0.7141,1.15,10,653,21-23,-0.4049953325256181,0.6696814240024064,0.182205,0.2647211909657246,below,above,average,-0.171,0.911,6.74,0.74
1642276,Kel'el Ware,MIA,C,Rotation,21,70,21.992698867991507,9.673407046300095,7.468679124491617,0.9986685478268746,0.6448434714672351,1.049054806790615,1.0059706942633702,0.5389420683750038,0.3649100028385704,0.6933319597008097,1.6520084299224247,24.209548957940527,60,0.1121,0.3503,-0.2397,-0.6519,1.0929,6,907,21-23,0.2631,0.3505,0.0268,0.1043,1.15,9,157,21-23,-0.2052828303914337,0.2956232303750508,0.18005,0.072017144388613,average,average,average,0.25,0.481,6.731,0.731
1642285,Cam Spencer,MEM,G,Rotation,26,57,20.267754964190623,8.648214247748555,2.31662007280262,3.256494545012473,0.6885235345053003,0.1746330783219874,1.0627690617979415,0.445587630811131,0.3968735074548576,0.870017558406046,1.5482105592692286,17.839600929314333,64,0.5144,1.3408,0.0582,-3.4164,0.9448,6,1309,24-27,-0.2384,-0.3693,0.0744,-0.0807,1.15,10,913,24-27,0.6140350690852042,-0.4386923520790727,0.17564,0.1096990254349053,above,below,average,1.149,-0.436,6.713,0.713
1642382,Branden Carlson,OKC,C,Bench,26,40,11.045209864404049,4.323028489127207,2.9155064146250806,0.5367077688509645,0.228198443253065,0.6197398175856731,0.4804480605445674,0.5074720827533509,0.3378878903130098,0.6569719273334138,0.841112034354075,10.690064561925398,45,-0.0546,0.5,-0.8032,-1.8284,0.9319,6,637,24-27,0.451,0.5275,0.1835,0.2059,1.15,11,34,24-27,-0.5027764601252971,0.5775245592667141,0.17292,0.0518048119125266,below,above,average,-0.122,0.824,6.702,0.702
201599,DeAndre Jordan,NOP,C,Rotation,37,37,17.54732518929741,5.657914041681835,5.943244734862273,1.1928569866116572,0.4077936231444403,0.818083796869312,0.9154614974922136,0.5358454951028767,0.3715671039851075,0.6059815809266433,1.6165344346357644,17.341263965983092,63,-0.0193,-0.0006,-0.0177,-0.2093,0.75,51,610,32+,0.3992,0.6771,-0.0772,-0.1034,1.071,52,136,32+,-0.4397799086579583,0.4998104089921629,0.1690249999999999,0.0407631520255199,below,above,average,-0.043,0.729,6.686,0.686
1629655,Daniel Gafford,DAL,F,Rotation,27,57,22.17727953691796,9.937922025441248,5.968046770808085,1.3184021577057017,0.6566320654957445,1.1318998145341117,1.0818585239759675,0.5956897859255594,0.3653015905072579,0.702124203782436,2.5444715914180187,23.360918503083106,68,0.1659,0.3378,0.0582,-0.6651,0.9896,21,1309,24-27,0.1714,0.1273,0.1733,0.2066,1.15,24,714,24-27,0.0559306914793229,0.2135483996157702,0.168375,0.2277026823828765,average,average,average,0.37,0.313,6.683,0.683
1630174,Aaron Nesmith,IND,G,Starter,26,52,30.173582252632563,14.731705231833509,4.105140332606772,3.0303501584797305,0.9344017314264376,0.4304098055205672,1.5986329418929306,0.4498870891171043,0.3850338079246536,0.8283858931399996,2.868664574642354,26.699200537629316,65,0.1075,0.0869,0.1699,0.4438,0.75,18,6780,24-27,0.2423,0.4717,-0.0093,-0.1008,0.8968,25,2254,24-27,-0.1517509787025281,0.2493982878144056,0.16816,0.0899435618807149,average,average,average,0.24,0.443,6.683,0.683
1643018,LJ Cryer,GSW,G,Rotation,24,31,20.37028269099651,8.740019213012266,2.476244320575719,2.2394898733485467,0.6666814785158481,0.2077758084259575,1.1575488074202367,0.4297063135798914,0.3684184870893459,0.8080745205323024,1.5252784424332355,16.536570261131125,70,-0.0005,-0.0511,0.0582,0.1795,0.75,3,1309,24-27,0.3741,0.533,0.0744,0.4221,0.9733,4,913,24-27,-0.3550070444707146,0.4380613756820162,0.16807,0.0897058624529238,below,above,average,-0.001,0.684,6.683,0.683
1631159,Leonard Miller,CHI,F,Rotation,22,42,15.557214817471571,6.708203065110225,3.474353782728495,0.9255349448279152,0.4846357305553501,0.3711061472162831,0.7541093258271883,0.490550247963494,0.3271998535032306,0.740989895568075,1.33983042285606,14.078846329114002,34,0.2339,0.7329,-0.2397,-1.0456,0.75,6,907,21-23,0.0878,0.1327,0.0826,-0.2809,1.15,6,653,21-23,0.185233371480709,0.0969345744208993,0.168155,0.2271138123981891,average,average,average,0.522,0.16,6.682,0.682
1642366,Quinten Post,GSW,C,Rotation,26,60,19.19397245061557,8.030154425985055,4.964018280282724,1.303281330564897,0.4757553298398148,0.7286222322295067,0.9814458236135846,0.4850172290142077,0.3609591671278929,0.6966230287534677,1.356851443674241,18.57358522076605,65,-0.0305,0.0082,0.0582,-0.5213,0.9442,6,1309,24-27,0.4022,0.4814,0.1525,0.1522,1.15,8,236,24-27,-0.4597674830611932,0.5043112285061331,0.164215,0.0271276233845697,below,above,average,-0.068,0.735,6.667,0.667
1631323,Simone Fontecchio,MIA,F,Rotation,30,66,19.663141571536,8.230403707502358,3.565540974677329,1.3317698269274998,0.5664054215897717,0.2826562726472149,0.8691525035843028,0.4380251208533238,0.3703880125948633,0.7932916329355144,1.4675637724995354,16.184740196633058,61,0.1153,0.3852,0.0276,-1.4182,0.9988,12,901,28-31,0.2188,0.4237,0.0602,-0.8195,1.15,18,343,28-31,-0.0402857145217085,0.2796667646186037,0.161875,0.2103042510171127,average,average,average,0.257,0.4,6.657,0.657
1630692,Jordan Goodwin,PHX,G,Rotation,27,58,21.1877435052408,7.942638236498601,3.7030750028294106,2.282419180892109,1.0602388177754802,0.2442044115690197,1.0531661219521131,0.4186941311421474,0.3627706866073329,0.7759670758972664,1.0891861710919868,18.67012057731344,66,-0.0357,0.0209,0.0582,-0.6479,0.9746,12,1309,24-27,0.398,0.4056,0.0744,0.8043,1.15,19,913,24-27,-0.4212534659062717,0.4722726639979184,0.159465,0.0669791560513452,below,above,average,-0.08,0.727,6.647,0.647
1630623,Tyson Etienne,BKN,G,Rotation,26,33,20.08454573260788,8.677114690834756,2.194492843678137,2.3398179509125696,0.698133947313327,0.1766823703305203,1.079444167569194,0.4262696260918154,0.3740198552233623,0.809835255890152,1.620750562847366,16.365237814979725,57,0.4062,0.6741,0.0582,0.8883,0.75,3,1309,24-27,-0.1431,-0.3695,0.0744,0.5681,1.0038,3,913,24-27,0.4104026031952248,-0.3022766292127351,0.159015,0.06579065891239,above,average,average,0.907,-0.261,6.646,0.646
1631103,Malaki Branham,WAS,F,Bench,22,37,11.999399449756885,5.04971451896548,1.957198095257949,0.890265978316776,0.347948351732786,0.2017548240101672,0.678140889419238,0.4571508735759665,0.3595501915282092,0.7662542029700811,1.021999319239369,9.704719838559804,63,-0.0494,0.3484,-0.9598,-0.3837,0.9514,12,534,21-23,0.4133,0.5665,-0.1162,0.5433,1.15,21,106,21-23,-0.3534644115250657,0.550975245484661,0.158815,0.202113604866461,below,above,average,-0.11,0.755,6.645,0.645
1642949,Yanic Konan Niederhäuser,LAC,C,Bench,22,39,11.393635614867655,4.173268897541021,3.115414224534792,0.4266053637313627,0.2115497359511048,0.6845356777500801,0.6283388081242598,0.5576056383757717,0.2405001967971302,0.6957299880484216,1.30152255176479,10.611591445559112,53,0.2402,0.5834,-0.9598,1.1396,0.9487,3,534,21-23,0.0578,0.0631,0.0268,0.0696,1.0937,6,157,21-23,0.0233250518455661,-0.0123828516976391,0.15812,0.009849339171141,average,average,average,0.536,0.106,6.642,0.642
1628970,Miles Bridges,CHA,F,Starter,28,71,32.872587837627826,18.091028189524447,6.7224203428910565,3.226001630876305,0.8334580719458097,0.5658105443634039,1.8287624578621855,0.4580242901129069,0.3378759585967287,0.8131358980138326,3.748771346022216,33.36597843837363,66,0.2589,0.762,0.173,-1.9341,0.75,21,4542,28-31,0.0313,0.0044,-0.0316,0.3701,1.0359,16,1195,28-31,0.2327711214812186,0.018122599259294,0.15648,0.1958635529835289,average,average,average,0.578,0.057,6.635,0.635
1631170,Jaime Jaquez Jr.,MIA,G,Starter,25,70,28.830228023454247,14.320420190517709,4.400247050351645,4.015801259739562,0.9727914863243023,0.2862156780401236,1.924700410967917,0.4721087766604833,0.3445918038169474,0.7945889336708467,3.048814891179002,27.47673962267438,64,0.3403,0.9408,0.1699,-2.0027,0.75,9,6780,24-27,-0.0764,-0.0497,-0.0093,-0.4125,1.0342,12,2254,24-27,0.2863787630644517,-0.2067999375528744,0.152785,0.0493365762997421,average,average,average,0.76,-0.14,6.62,0.62
1642928,Dylan Cardwell,SAC,C,Rotation,24,50,21.30270822342591,7.370443179487163,6.819143960891569,1.347742513840567,0.6290930800065994,1.1956122288158086,1.0491289271457085,0.5556950674681301,0.3463131511299306,0.6307588972040707,1.7637624842751602,22.00001670263941,72,0.1128,0.0767,0.0582,0.5933,0.9115,3,1309,24-27,0.1955,0.1914,0.1525,0.094,1.15,4,236,24-27,-0.2040336069912315,0.1942047639935903,0.150015,-0.013126951813246,average,average,average,0.252,0.357,6.609,0.609
1641816,Hunter Tyson,DEN,F,Scrub,25,21,6.239357300367905,2.061529158141566,1.3325654859684006,0.424103833964884,0.1499875677200423,0.0935175910918495,0.249805887230479,0.372787499668687,0.2494456393466393,0.7437874752579088,0.5026472988201687,4.7774730814561694,60,-0.6504,-0.373,-1.5874,-0.6561,0.9226,9,190,24-27,1.1266,1.6345,0.2252,0.0608,1.0685,9,98,24-27,-1.4962719215373164,1.5459589956222377,0.14925,0.1765111439413024,poor,elite,average,-1.452,2.059,6.607,0.607
1641764,Brandin Podziemski,GSW,G,Starter,23,73,29.845107704122867,14.211079604434191,4.821066920012084,4.10771440653116,1.1070501588886557,0.2516747228645918,1.7494168691544931,0.4504008280880447,0.3697809356697338,0.7927494500298892,2.8089943992333124,28.48468929435068,66,0.2348,0.6617,0.1015,-1.4249,0.75,9,4716,21-23,0.0441,0.1352,-0.1079,-0.075,1.0679,12,1613,21-23,0.0878276988186769,-0.0343120613157949,0.148985,0.0393003782374529,average,average,average,0.524,0.081,6.605,0.605
1629622,Max Strus,CLE,G,Rotation,30,37,24.338309151898013,9.89493471026288,3.982401794418856,2.69586061206602,0.6091935647861755,0.1752629284946341,1.083835147780564,0.4349777701784046,0.3816672101466853,0.8043839011188191,1.149974197085677,19.987142113726403,67,0.8177,1.0535,0.0276,2.5068,0.8677,15,901,28-31,-0.6703,-1.0145,0.1577,-0.7603,1.0517,16,441,28-31,1.1848458537841948,-1.0569289806831776,0.1481,0.0369630005308409,above,below,average,1.826,-1.225,6.601,0.601
1630241,Sam Merrill,CLE,G,Rotation,29,56,22.3735951581512,9.552761878701103,2.403625352471939,2.2049348520701666,0.6846419555324302,0.1615382263682608,0.8405053852203583,0.4358439717577006,0.3959788950706101,0.8410504598146187,1.179493007420913,17.442549740254396,65,0.1347,0.6564,0.0276,-2.9598,0.979,12,901,28-31,0.1609,0.149,0.1577,0.0321,1.15,19,441,28-31,-0.1005605621386885,0.1328795066882788,0.14649,0.032710821878134,average,average,average,0.301,0.294,6.595,0.595
1642843,Cooper Flagg,DAL,F,Starter,19,70,32.67758817318342,18.28437402946232,6.38025324827644,3.627637862924932,1.1079452487473962,0.8862142022787725,2.1778152077133632,0.4594066397297289,0.3171661011094435,0.7937329426724375,4.461218996185146,35.18679786714659,63,0.6688,1.1386,0.1015,1.2621,0.75,3,4716,21-23,-0.4957,-0.7831,-0.0213,0.0,1.0409,1,1237,21-23,1.012200070489574,-0.7169908681772724,0.144775,0.1645329931164113,above,below,average,1.494,-0.906,6.588,0.588
201144,Mike Conley,MIN,G,Rotation,38,60,21.28754050095456,7.038923419640769,2.194534262813279,3.42902578530148,0.8221704615881911,0.2048628653184516,0.9682756717189662,0.4047721097958381,0.3791303640921912,0.8687375659333941,1.1499611110500516,16.928727521969886,71,0.1184,0.4446,-0.0177,-1.6842,1.0196,54,610,32+,0.1748,0.2673,-0.0463,0.0552,1.15,40,315,32+,-0.1312371720648129,0.1527764484284897,0.14378,0.0255534279968699,average,average,average,0.264,0.319,6.583,0.583
1631109,Mark Williams,PHX,C,Rotation,24,53,23.373091573990525,10.748429533836978,7.668406456433887,1.3250950578933445,0.7163955339412544,1.0132333768437174,1.1694586495710595,0.5938328956214233,0.331595941449208,0.7328672907182123,2.725108174988476,25.95758795118152,72,0.3351,0.7893,0.0582,-1.873,0.9848,12,1309,24-27,-0.0949,-0.8043,0.1525,3.5437,1.15,11,236,24-27,0.1926840528158339,-0.2414745649587193,0.1416,-0.0369820398618108,average,average,average,0.748,-0.173,6.575,0.575
1631230,Dominick Barlow,PHI,F,Rotation,22,56,19.268448828808587,7.085217781849502,4.091554069246885,1.1081681462910755,0.6340887623534462,0.5696350403555623,0.7346408823737868,0.4944927521877972,0.3137160964355893,0.7091819781091774,1.6450184908731402,16.533865410135615,59,-0.0252,0.2332,-0.2397,-1.1925,0.9138,12,907,21-23,0.3451,0.3311,0.0826,0.766,1.15,16,653,21-23,-0.3074478695245724,0.4558429144046348,0.141435,0.1555928760761573,average,above,average,-0.056,0.631,6.575,0.575
1641854,Craig Porter Jr.,CLE,G,Rotation,26,59,17.89104730253559,6.378788139897983,2.5671655248243552,2.5358633616623845,0.70061531362327,0.3539201605000407,1.0283759032522022,0.4506957114371399,0.3647264951422915,0.7515440609832988,1.1316372781526496,15.398412331298514,46,0.077,0.3704,0.0582,-1.7026,0.9054,9,1309,24-27,0.2178,0.2165,0.0744,0.3722,1.15,15,913,24-27,-0.2091519972759511,0.214328138703962,0.14036,0.0165208497408096,average,average,average,0.172,0.398,6.57,0.57
1642845,VJ Edgecombe,PHI,G,Starter,20,73,33.44770715022398,16.194334388895868,4.945588989822675,4.558816147704055,1.2752779148406603,0.430238321789806,2.134601128067908,0.4401587430926198,0.3542565827870085,0.8040169626338614,3.0920043345879966,31.94921298006265,64,0.4457,0.7119,0.1015,1.0622,0.75,3,4716,21-23,-0.2329,-0.4691,-0.1079,0.9578,1.0679,2,1613,21-23,0.48474162724933,-0.4308194614624425,0.14033,0.0164416165982125,above,below,average,0.995,-0.426,6.569,0.569
202691,Klay Thompson,DAL,G,Rotation,36,65,23.44760405289212,11.378311507069755,2.5997902032618976,2.0922898628725184,0.6400030363087075,0.3156176783408263,1.1399285146271882,0.4146222702165649,0.3821084171614061,0.8340693921161336,1.1839762858598644,19.36342817461422,74,-0.231,-0.2372,-0.0177,-0.4877,1.1138,39,610,32+,0.5937,0.7977,-0.0463,0.515,1.15,38,315,32+,-0.7888081848370757,0.7524044264841961,0.1401149999999999,0.0158737790762671,below,above,average,-0.516,1.085,6.569,0.569
1642954,Will Richard,GSW,G,Rotation,23,65,20.83323863239724,7.756978650912494,2.613180702271854,1.9669606382238904,0.9629012399777426,0.1963549987571891,1.0384720545711092,0.4480013045882616,0.3463304100615649,0.8051120593411194,1.2797540239910288,16.28253311260824,57,0.1706,0.3166,-0.2397,0.2068,1.0245,3,907,21-23,0.1017,0.0819,0.1139,0.0511,1.15,5,799,21-23,-0.0329967402768561,0.0481385749601866,0.139595,0.0145004046045856,average,average,average,0.381,0.186,6.567,0.567
1642270,Donovan Clingan,POR,C,Rotation,22,71,23.177778563188483,9.294992314628852,8.446209492865744,1.4987489349278444,0.5553597605670849,1.4013055508702614,1.198728730602962,0.5280398230634369,0.3325400263696682,0.6637226768748709,2.2267998008397503,26.349834312168596,68,0.2955,0.6182,-0.2397,-0.8014,1.129,6,907,21-23,-0.0522,-0.1152,0.0268,0.1574,1.15,6,157,21-23,0.1220137004615388,-0.177412900543211,0.139035,-0.0442533768605713,average,average,average,0.66,-0.095,6.565,0.565
1631213,Tyrese Martin,PHI,F,Rotation,27,51,20.36989605221453,8.099038684924281,3.62917966632762,1.661152241840573,0.5857418537528041,0.2829390132755551,1.0176305783842623,0.4348643254642172,0.345874266548719,0.7468914953379664,1.2881819578958629,16.5341946699791,62,-0.1489,-0.2328,0.0582,-0.2907,0.8978,9,1309,24-27,0.4858,0.5084,0.1733,0.6546,1.15,11,714,24-27,-0.5426646565270941,0.6521056560902608,0.1367149999999999,0.1429589382228642,below,above,average,-0.333,0.888,6.555,0.555
1641790,PJ Hall,CHA,C,Bench,24,24,10.628716439804329,3.77858571081888,3.155262431316408,0.4785790965904399,0.2095808140180717,0.5277976589911282,0.6422180747823565,0.5161108386752203,0.3315278586439788,0.6950125670202274,1.1162928462775468,9.852686617529471,61,-0.1652,0.0194,-0.8032,-0.3203,0.75,6,637,24-27,0.4822,0.8379,0.1835,-1.3683,1.1456,3,34,24-27,-0.7001537573572424,0.6243330822120036,0.12613,-0.0808368481935158,below,above,average,-0.369,0.881,6.512,0.512
1641740,Jaylen Clark,MIN,G,Bench,24,51,12.45197474638598,4.120687965393226,1.507027057297936,0.9635903862415984,0.6222363884844793,0.1034766513896636,0.4725561145802941,0.4241150197990144,0.3466780302620076,0.723853068816361,0.8833402707409961,9.07908901855528,64,-0.3113,-0.083,-0.8032,-0.2341,1.1189,6,637,24-27,0.6563,1.0049,0.3726,-1.4399,1.15,12,152,24-27,-0.9399328337369404,0.8420122360480233,0.1241199999999999,-0.0263706914517107,below,above,average,-0.695,1.199,6.504,0.504
1631169,Josh Minott,BKN,F,Rotation,23,50,15.669837289677204,6.350256168758474,3.05929071195747,0.9307168613499736,0.6209500508911361,0.4269597287641645,0.7453339081182242,0.4767321663337744,0.3749602481241316,0.7495073029544465,1.2489783911353367,13.815875745980074,45,-0.0359,0.1722,-0.2397,-0.9808,0.7797,12,907,21-23,0.3178,0.5496,0.0826,-0.7819,1.15,13,653,21-23,-0.3277940265247905,0.4177620839283193,0.123265,0.1069575687044763,average,above,average,-0.08,0.581,6.501,0.501
1642419,Jamison Battle,TOR,F,Bench,24,52,11.937244792619587,4.427761602878505,2.173650693493461,0.6094253516733954,0.2649137111859428,0.211928947491454,0.4569376412884237,0.4568269062586785,0.3872804531582076,0.713811855101505,0.5976872481309299,8.923870797324518,71,-0.4066,-0.1073,-0.8032,-0.9623,1.1087,6,637,24-27,0.7666,0.782,0.2252,1.299,1.15,11,98,24-27,-1.032683783532347,1.0437941981323628,0.1213399999999999,0.1018049563384615,below,above,average,-0.908,1.401,6.493,0.493
1642852,Derik Queen,NOP,C,Rotation,21,74,23.381604221174783,10.268136448339272,6.742012302216565,2.438274640320727,0.802920430553062,0.9555622080041216,1.7539042832267953,0.5036415769050779,0.2916743192553359,0.7456502016989787,2.779430822518359,25.537506803924995,63,0.3302,0.4601,-0.2397,0.4799,1.15,3,907,21-23,-0.137,-0.1751,0.0268,-0.2209,1.15,4,157,21-23,0.1839394890144186,-0.3046360654714337,0.11996,-0.0983277445998907,average,average,average,0.737,-0.25,6.487,0.487
1631243,Mouhamed Gueye,ATL,F,Rotation,23,53,18.218485821096287,6.495316934438513,4.030592810909694,1.0552814977495606,0.7450974777153623,0.610698395057329,0.7034843099175806,0.4532940473283022,0.3134585189579408,0.7110098337872379,1.3350795535313238,16.27885386255498,59,-0.039,0.0828,-0.2397,-0.3905,0.8644,6,907,21-23,0.31,0.467,0.0826,-0.3537,1.15,11,653,21-23,-0.3336887075248537,0.406881846649372,0.11805,0.0929986733856366,average,above,average,-0.087,0.566,6.479,0.479
1631255,Karlo Matković,NOP,F,Bench,25,51,14.079304128932732,5.332172487822636,3.329458468115236,0.7962348897392495,0.411038370273061,0.6264070338494877,0.646616586493626,0.5323522180506272,0.36005489663677,0.7316518358987578,0.854390979227323,12.987594610043814,71,-0.0566,0.4773,-0.8032,-1.5864,1.15,6,637,24-27,0.3306,0.3733,0.2252,-0.041,1.15,10,98,24-27,-0.3671552835252125,0.4356168322835148,0.11764,0.0919012338687192,below,above,average,-0.126,0.604,6.478,0.478
1641737,Adem Bona,PHI,F,Rotation,23,65,18.73555790966697,6.542885436956146,4.273771706784026,0.8257490709911617,0.539184403594994,0.8660660620994884,0.9429338870723232,0.5287250675291316,0.3428459618108234,0.7025540460468243,1.6800461961190474,16.182852601594846,66,-0.2052,-0.1879,-0.2397,-0.2842,0.975,6,907,21-23,0.5104,0.6169,0.0826,0.4887,1.15,8,653,21-23,-0.6497196695282416,0.6864202505854021,0.11682,0.0897063548348843,below,above,average,-0.458,0.933,6.475,0.475
203497,Rudy Gobert,MIN,C,Starter,33,71,32.313416209766544,13.280331593797484,10.75303231489156,1.9861008948059125,0.7578808623428651,1.6018072589446055,1.6018207939632547,0.584798066285177,0.3103231336432547,0.6464452019520567,4.220208459386655,34.64036528377538,70,0.1616,0.2994,0.0832,-0.0,0.75,39,2897,32+,0.0533,0.4566,-0.0032,-2.2135,1.0321,35,195,32+,-0.1169448899485649,-0.0191340809685943,0.112865,-0.1184408580526023,average,average,average,0.361,0.097,6.458,0.458
1627780,Gary Payton II,GSW,G,Rotation,33,62,17.653635769741374,7.058454593844559,2.8722110502305127,1.932765925437348,0.8259564813629569,0.2596344838723866,0.8929879155159228,0.507109486026928,0.3387523936699897,0.7415636585950025,0.839820407237049,15.768041722467304,54,0.1417,0.6711,-0.0177,-2.8265,0.9502,21,610,32+,0.0728,0.2268,-0.0463,-0.5892,1.15,35,315,32+,-0.0873865578759357,0.0067701133564389,0.110695,-0.0618275227638771,average,average,average,0.316,0.133,6.449,0.449
202696,Nikola Vučević,BOS,C,Starter,35,64,30.530618291420776,15.581862022754647,9.058638832623476,3.031054342353749,0.6954472094900916,0.9916953358382212,1.5888795347190698,0.5015960722301945,0.3611884650290914,0.7608020603474616,2.5537822017833145,34.47135823669931,64,0.7926,1.248,0.0832,2.2476,0.75,45,2897,32+,-0.734,-1.1085,-0.0032,-0.8321,0.9797,35,195,32+,1.0091407750908337,-1.2002991487514918,0.10563,-0.1389508475988132,above,below,average,1.77,-1.341,6.429,0.429
1641775,Jordan Walsh,BOS,G,Rotation,22,54,17.233687609138283,6.021249536018978,2.8019931902246347,1.4625091383888265,0.6352488360377982,0.3090632648846383,0.8101140764530639,0.4467007398673818,0.3544972646606318,0.7672524881921089,1.0799457698679626,13.600227298186027,49,0.0312,0.266,-0.2397,-0.7623,0.8494,6,907,21-23,0.1965,0.4974,0.1139,-1.6171,1.15,11,799,21-23,-0.2953476251665339,0.1838385804977397,0.105585,-0.0753235680529029,average,average,average,0.07,0.359,6.429,0.429
1631119,Jaylin Williams,OKC,F,Rotation,23,60,19.00116429658875,6.962852797965313,4.75454275188126,1.856700793414072,0.5440103051788336,0.554860261126315,0.9066800088717316,0.4456835385643449,0.3729151296022129,0.7475059555763057,1.3163483189992484,17.84328698038765,57,-0.006,0.3904,-0.2397,-2.0026,0.9403,12,907,21-23,0.2378,0.3982,0.0826,-0.569,1.15,18,653,21-23,-0.2709388775241811,0.3061699067083471,0.10371,0.0546150571110132,average,average,average,-0.013,0.435,6.422,0.422
203935,Marcus Smart,LAL,G,Starter,32,53,28.96505634268888,12.995695131372225,3.10227980999636,3.995394259523645,1.306851893602988,0.3104211532357012,1.958676249738248,0.4271833931519317,0.350709628597971,0.8178704209542413,2.819377662610002,25.604665183431145,66,-0.0526,-0.1924,0.0832,0.3416,0.75,36,2897,32+,0.2939,0.5739,0.0155,-0.273,0.9134,45,933,32+,-0.453059276197775,0.3232603161449724,0.103325,-0.0812924647952118,below,average,average,-0.117,0.537,6.42,0.42
1629673,Jordan Poole,NOP,G,Rotation,26,51,24.97752311718442,13.222923250201545,2.4975582545939594,3.2664794379627486,0.8464129297487308,0.3156924308624112,1.8416625264950848,0.4107940151431165,0.3501494308713986,0.8512462700650095,2.582928908549796,22.76436586799676,65,0.0839,0.1219,0.0582,-0.1037,1.006,21,1309,24-27,0.1233,0.0724,0.0744,0.4143,1.15,25,913,24-27,-0.1961661930740947,0.0790575635636797,0.10163,-0.0857691373519434,average,average,average,0.187,0.225,6.412,0.412
1631321,Sidy Cissoko,POR,G,Rotation,22,50,17.357853913749363,6.13954307013662,2.207110567655882,1.768328992300256,0.6296440424246175,0.2428269112305228,0.9549912418520036,0.427609206092598,0.3197805369126144,0.7300257936227523,1.3095004101608003,13.10299085888748,60,-0.2407,-0.3592,-0.2397,-0.0033,0.8195,6,907,21-23,0.5196,0.534,0.1139,0.9728,1.15,5,799,21-23,-0.8070635907440331,0.6463351183583239,0.1014349999999999,-0.0862841527788241,below,above,average,-0.538,0.949,6.411,0.411
1628971,Bruce Brown,DEN,G,Rotation,29,65,23.455135743625675,8.645437083616713,3.400306424564836,2.3460762835786944,0.8891555899986019,0.2255563075439506,1.1308931661224144,0.4480025067107896,0.3596261166476447,0.7999300402688567,1.6551726532777664,18.4581617449678,68,0.3799,0.3956,0.0276,0.8832,1.0782,24,901,28-31,-0.2399,-0.3346,0.1577,-0.5514,1.15,31,441,28-31,0.3609059871794535,-0.4408395040654264,0.10099,-0.0874594443940132,above,below,average,0.848,-0.438,6.41,0.41
1629020,Jarred Vanderbilt,LAL,F,Rotation,27,54,19.52903694373268,6.428388251875794,4.584456573449942,1.3236826680582403,0.8170818961546509,0.3468795853222028,0.9329571394277224,0.4788495811121572,0.3361685791432994,0.6886610186921083,1.3851218288791496,16.474187447105923,62,-0.1569,-0.2597,0.0582,-0.1951,0.9027,21,1309,24-27,0.4093,0.4726,0.1733,0.2036,1.15,26,714,24-27,-0.5578767365272571,0.5453956366236624,0.09789,0.0390367693342832,below,above,average,-0.35,0.748,6.398,0.398
1630202,Payton Pritchard,BOS,G,Starter,28,75,30.79012029866401,15.667273295224248,3.876288911011473,4.505324710746212,0.9006008026998356,0.194307029808148,1.523499479946878,0.4590841774671982,0.3818634500154372,0.8417974052316991,2.240176462232222,28.83803107213441,65,0.2627,0.4853,0.173,-0.0841,0.75,17,4542,28-31,-0.1063,-0.13,-0.0817,0.0288,1.0672,30,1495,28-31,0.1403355158087917,-0.2495998338141913,0.09665,-0.0989218390230488,average,average,average,0.587,-0.194,6.393,0.393
1628384,OG Anunoby,NYK,F,Starter,28,66,34.0130055993918,16.77730399610187,5.66796668319038,2.463865331232446,1.3206632639641076,0.70983645790789,1.7825845243121687,0.4780055435635798,0.3754830648832423,0.7968724996414872,3.434833086913801,31.58357665408282,60,0.1884,0.5202,0.173,-1.301,0.75,27,4542,28-31,-0.0177,-0.0726,-0.0316,0.3528,0.9982,29,1195,28-31,0.0987146664797815,-0.0502276092879389,0.095655,0.0330543856262091,average,average,average,0.421,-0.032,6.389,0.389
1627826,Ivica Zubac,IND,C,Starter,29,57,31.20608730038396,15.545517654398711,10.585623507245815,2.488829892243897,0.602369724763018,1.182170131312594,1.8329727740087147,0.5724271127704185,0.3590561511009129,0.725877596331,3.601199569316597,35.50215749567766,73,0.1235,0.3789,0.173,-1.2487,0.75,29,4542,28-31,0.0566,0.589,0.0295,-3.0169,0.9347,33,436,28-31,-0.1849383350167124,-0.0141831795032272,0.093395,-0.1736349833414384,average,average,average,0.276,0.103,6.379,0.379
1629645,Kevin Porter Jr.,MIL,G,Starter,25,51,30.14420379388136,15.607785809150172,4.415319592264138,5.2277739962874925,1.4783403122825358,0.3527774941396668,2.321171455818088,0.4546502212247381,0.3448559230561195,0.8326450088733441,3.5419068025348874,31.92001227774689,62,0.8082,1.3034,0.1699,1.8789,0.75,18,6780,24-27,-0.7836,-1.1453,-0.0093,-1.9131,0.8892,14,2254,24-27,1.1669668479990305,-1.2191105273857594,0.09189,-0.1114934976484424,above,below,average,1.805,-1.432,6.373,0.373
1642396,Blake Hinson,UTA,F,Rotation,26,30,21.16650352560356,9.220990477433531,3.9154358156299214,1.34697937149185,0.6386122585273121,0.4123305826201241,0.8791830137614032,0.4812647318985191,0.3917733760681183,0.7299157842115913,1.6282553153356396,18.21362802310812,70,0.0393,0.0582,0.0582,0.0,0.75,0,1309,24-27,0.1527,0.1733,0.1733,0.0,0.9791,0,714,24-27,-0.1848004745232576,0.1874637281906017,0.09033,0.0188010553150257,average,average,average,0.088,0.279,6.367,0.367
1631174,Tyler Burton,MEM,F,Rotation,26,29,22.03813195088047,8.955224436117716,4.259424737473555,1.3294928814511164,0.7411335619021531,0.4512417172714422,0.987075256741662,0.4509642511503075,0.3459322982595982,0.753007730465286,1.8266741159552613,18.650824024041786,66,0.0396,0.0582,0.0582,0.0,0.7561,0,1309,24-27,0.1502,0.1733,0.1733,0.0,0.9631,0,714,24-27,-0.1842300215232515,0.1839764726524776,0.08937,0.0162314408363898,average,average,average,0.088,0.274,6.362,0.362
1641771,Jalen Slawson,IND,F,Rotation,26,29,19.83024688320057,7.504338549213626,3.9111435970443527,1.4813463734551966,0.7726704506139509,0.5332377026216276,0.9637362902775432,0.4692433708757755,0.3538073782888196,0.7235404564887068,1.4879770276638034,17.373718595278838,48,0.0393,0.0582,0.0582,0.0,0.75,0,1309,24-27,0.1502,0.1733,0.1733,0.0,0.9631,0,714,24-27,-0.1848004745232576,0.1839764726524776,0.089205,0.0157897883478743,average,average,average,0.088,0.274,6.362,0.362
203924,Jerami Grant,POR,F,Starter,32,60,31.812527990899607,17.232590100656626,4.681025800649429,2.606705313888199,0.8979515298869074,0.7033213070019977,1.885122247926784,0.4486126913870452,0.3795107504241078,0.8103774761911864,4.597075062184317,29.67857529500817,70,0.275,0.5115,0.0832,0.1345,0.75,36,2897,32+,-0.1381,-0.2016,-0.1119,0.1086,0.9615,39,747,32+,0.2633854324815468,-0.218173836003997,0.089105,0.0155221201730164,average,average,average,0.614,-0.252,6.362,0.362
1642847,Jeremiah Fears,NOP,G,Rotation,19,74,23.618360538496287,11.215222814411554,3.1662286593468822,2.9646190206765217,0.9554843268420884,0.3232796850848589,1.7821906595131642,0.429256997769414,0.3369572672880777,0.7832078082321603,2.261335427238867,21.515727112910277,66,0.3832,0.5648,-0.2397,0.2599,1.15,3,907,21-23,-0.2743,-0.7042,0.1139,1.4984,1.15,4,799,21-23,0.3671165891890369,-0.4900808562858043,0.087325,-0.1235501408469559,above,below,average,0.856,-0.501,6.355,0.355
1626192,Pat Connaughton,CHA,G,Scrub,33,50,9.489254057649667,2.9855125207142024,1.5443955197676376,0.8557662129640434,0.2723764686661221,0.0979966568120226,0.3792037410043957,0.4211800658143291,0.3395356626050413,0.6966206800364838,0.4904342161019696,6.854352099311472,79,-0.5573,-0.0052,-2.0878,0.407,1.15,33,67,32+,0.8722,1.7164,-0.63,-0.8241,1.15,50,24,32+,-1.402904983542254,1.1510589786171974,0.0859749999999999,-0.1271156322638219,poor,above,average,-1.245,1.594,6.349,0.349
1629636,Darius Garland,LAC,G,Starter,26,55,31.83599149681522,18.29556480544675,3.2626092293164763,5.926016388758209,1.1607041417344073,0.2309650229809946,2.568063742586632,0.4556002249100609,0.3834427160679647,0.8408629718920758,3.342924304628923,32.70666421532341,69,0.3098,0.9165,0.1699,-2.2516,0.75,21,6780,24-27,-0.1879,-0.3252,-0.0093,-0.0636,0.9197,20,2254,24-27,0.2289777444910287,-0.3664049018718319,0.085835,-0.1274853869292745,average,below,average,0.692,-0.343,6.349,0.349
1642854,Asa Newell,ATL,F,Bench,20,43,11.441275053722068,4.568116289120681,2.322314571717418,0.6361386597907772,0.3670643830372467,0.3452081696309802,0.5499447859430804,0.4920172349569842,0.3546826599018728,0.6484939368265663,0.8431447901077884,9.895974636929347,57,0.1261,0.542,-0.9598,0.141,0.9976,3,534,21-23,0.0346,0.1403,-0.1162,-0.1926,1.15,6,106,21-23,-0.0197494065214883,0.0227257765696178,0.084925,0.004333590463956,average,average,average,0.282,0.063,6.345,0.345
201935,James Harden,CLE,G,Starter,36,70,33.83115316390697,19.13694498182385,4.608286579530933,7.328878766615927,1.1734017239713952,0.4459423064384528,2.994574818241539,0.4334703625516343,0.3736774860081571,0.8748117692844235,5.386737317662037,37.52366430017288,71,0.3402,0.8101,0.0832,-0.9378,0.75,51,2897,32+,-0.2397,-0.4451,0.0155,0.3319,1.046,31,933,32+,0.2861905630035553,-0.4405532171339126,0.079245,-0.1448902672530866,average,below,average,0.76,-0.438,6.322,0.322
1630534,Ochai Agbaji,BKN,G,Rotation,25,60,20.86212410660392,7.6000261405179454,2.7263742232547488,1.655049994423298,0.6773159109908061,0.3233820536366401,0.8806334574147795,0.44548742464177,0.3443573188351643,0.7830848922367034,1.0914815063286527,15.47571063652615,66,-0.1602,-0.2214,0.0582,-0.3359,0.9834,12,1309,24-27,0.3718,0.5099,0.0744,-0.0499,1.15,19,913,24-27,-0.6555625417223756,0.4347690759696073,0.0792,-0.1450091169669822,below,above,average,-0.358,0.679,6.321,0.321
201572,Brook Lopez,LAC,C,Rotation,38,72,24.556949923417303,9.37317849495586,4.908339102199571,1.4093073261754625,0.6043725678273419,1.3278449023085646,0.9763781001580848,0.4658548909082146,0.3657953922622332,0.7497959125933227,1.542995935438178,22.197420717108173,65,-0.1934,-0.2603,-0.0177,0.0547,1.15,48,610,32+,0.4099,0.624,-0.0772,0.0518,1.15,30,136,32+,-0.7504796143368161,0.5158633319253231,0.078085,-0.2170362189948582,below,above,average,-0.432,0.749,6.317,0.317
1642358,AJ Johnson,DAL,G,Bench,21,42,12.982120753677602,4.615821498149611,1.4687551330936586,1.4104786136427916,0.3767584172498769,0.0979237840025269,0.745179721903545,0.3768385644269802,0.2850346317832302,0.8082441131178314,0.8833555549844851,9.172912460179855,62,-0.4214,-0.2453,-0.9598,-0.01,1.0524,6,534,21-23,0.687,0.764,0.3161,0.4414,1.15,9,124,21-23,-1.1471411007839525,0.8859572800353955,0.07738,-0.149815927617868,below,above,average,-0.941,1.255,6.314,0.314
202685,Jonas Valančiūnas,DEN,C,Bench,33,66,15.050105966681372,7.644700783289943,5.37778414251155,1.260507817272746,0.3009925862255641,0.5707965638569326,1.0343462789728075,0.5566532728037569,0.297499072640546,0.7715603211388007,1.679171774995031,17.569824651487604,73,0.1717,0.8815,-1.0403,-1.6359,1.15,42,249,32+,-0.0407,0.068,-0.3989,0.4345,1.15,42,21,32+,-0.0989203808885048,-0.1601597590729921,0.07612,-0.2226066584500489,average,average,average,0.383,-0.074,6.309,0.309
1628988,Aaron Holiday,HOU,G,Bench,29,48,13.258391866141013,4.965589008072117,1.2369080077431471,1.3217027974793465,0.4304057029607273,0.109925353649804,0.6294234130993793,0.4159852825982165,0.3789838107779888,0.8284402532370616,0.7025811541920257,9.424002570315128,67,-0.3313,-0.0418,-1.1459,0.1613,1.1138,24,320,28-31,0.5659,0.8492,0.2006,-0.7762,1.15,42,41,28-31,-0.977572845916234,0.7126105430037744,0.0724399999999999,-0.1628629850988442,below,above,average,-0.74,1.034,6.294,0.294
1628389,Bam Adebayo,MIA,C,Starter,28,71,32.952172831211016,18.56325524832787,9.880657333547294,3.362852521720005,1.0441907459585988,0.9278999058229483,1.977218764192107,0.4879025055295017,0.3336849934270732,0.7569774021911811,5.063708906620263,39.40337602231717,66,0.4262,1.0535,0.173,-1.5983,0.75,27,4542,28-31,-0.3615,-0.4947,0.0295,-0.5913,1.0415,28,436,28-31,0.3552615553278612,-0.6414473924335325,0.071735,-0.2350373846643039,above,below,average,0.952,-0.661,6.291,0.291
1631250,Pete Nance,MIL,F,Rotation,26,41,17.94178638062696,6.662670389745072,3.39575027858175,1.1610505313028645,0.4899557926629434,0.3728209461300507,0.7593690586098958,0.478598774990692,0.3762143510066263,0.6982816401934071,1.070215116854646,14.308107678766554,50,0.2555,0.303,0.0582,1.2538,0.7586,3,1309,24-27,-0.1561,-0.1951,0.1733,-0.7064,1.15,4,714,24-27,0.2263059874811493,-0.2432820758784907,0.07028,-0.0348664137439838,average,average,average,0.571,-0.285,6.286,0.286
1630610,DeJon Jarreau,MEM,G,Rotation,28,27,21.54521590669501,8.802840061251725,3.260698432098913,2.793096019457543,0.8717998044526631,0.3582946519589782,1.519083660627209,0.427190210006559,0.3117349028038992,0.8040202607134653,1.7311093440121386,19.07652191756445,78,0.0186,0.0276,0.0276,0.0,0.75,0,901,28-31,0.1281,0.1577,0.1577,0.0,0.9026,0,441,28-31,-0.319060832839489,0.0859284499200115,0.0678749999999999,-0.1749196282973573,average,average,average,0.042,0.234,6.276,0.276
1642875,Maxime Raynaud,SAC,C,Rotation,23,70,24.03351421712297,10.415969140163265,6.910923971414016,1.306618743300504,0.5542726997357654,0.7989240955021382,1.2198276911423789,0.5557651488381758,0.327098042247522,0.727827517483934,2.229392757564354,23.50876871538217,65,0.5481,0.6423,-0.2397,1.2279,1.141,3,907,21-23,-0.5219,-0.7925,0.0268,0.1368,1.15,4,157,21-23,0.5728048874487847,-0.8820912091138028,0.0666,-0.2495942328080211,above,below,average,1.224,-0.954,6.27,0.27
1629646,Charles Bassey,GSW,C,Bench,25,24,11.606601085614518,4.354172477079413,3.700301166446746,0.5605399401602853,0.3106741737509355,0.7080097976574258,0.6346235776445898,0.5733398338541236,0.2668456077931548,0.6649231819723829,1.0925064442343124,12.056772123636428,51,-0.2674,-0.1523,-0.8032,-0.4721,0.7705,12,637,24-27,0.4737,0.4225,0.1835,1.0492,1.1456,19,34,24-27,-0.8825403737867614,0.6115807602557548,0.0660949999999999,-0.2510258215738591,below,above,average,-0.597,0.866,6.269,0.269
203114,Khris Middleton,DAL,F,Rotation,34,57,22.671065052105213,9.851433591390316,3.8743214623155824,2.818322084570805,0.7220998708921135,0.2707888739852486,1.445451050852093,0.4522173360334676,0.3669075722181675,0.8301372127730393,1.8716719939539148,20.26131765680521,70,-0.0313,-0.0634,-0.0177,0.1518,1.027,41,610,32+,0.1802,0.2292,0.0742,-0.0307,1.15,48,283,32+,-0.3190470805246967,0.2258235391099671,0.0638749999999999,-0.0520105603436326,average,average,average,-0.07,0.329,6.259,0.259
1629628,RJ Barrett,TOR,F,Starter,25,61,32.09984666718184,18.91464609175394,6.131867327670565,3.5393104953696883,0.8692593558369809,0.5185218522845015,2.126223643178516,0.4777846567273072,0.3482263948692931,0.724228342167662,4.788086007617647,33.61897260919908,80,0.4193,1.1673,0.1699,-2.4214,0.75,21,6780,24-27,-0.3748,-0.5373,-0.0596,-0.4898,0.963,18,1588,24-27,0.5377733254844882,-0.5483471903535896,0.061955,-0.0571497893009043,above,below,average,0.936,-0.685,6.251,0.251
1629637,Jaxson Hayes,LAL,C,Rotation,25,63,19.394748489721263,7.2891633018063935,4.970675971851572,0.9688274167787952,0.5211943954152966,0.8933247110847187,0.829977555233166,0.6284232914662974,0.3438874911231123,0.6450684525601676,2.003122920242694,18.12079535746335,65,0.3775,1.1762,0.0582,-3.9138,0.9736,21,1309,24-27,-0.3347,-0.5368,0.1525,-0.147,1.15,37,236,24-27,0.2683512987709377,-0.6012400714420659,0.05701,-0.2767802452127432,average,below,average,0.843,-0.612,6.231,0.231
1642853,Rasheer Fleming,PHX,F,Bench,21,51,11.77546639810407,4.261522338099619,2.3065603570081312,0.5150053741962979,0.3819118684810633,0.3459814341112854,0.5421785434423564,0.4346392709810814,0.3360473938768795,0.6610245233062471,0.80255843895867,9.443404192138516,61,-0.3382,-0.1927,-0.9598,0.5939,1.1057,3,534,21-23,0.5365,1.0568,-0.1162,-1.3269,1.15,5,106,21-23,-0.9026204995309526,0.722827198403418,0.0554149999999999,-0.0746552879366112,below,above,average,-0.755,0.98,6.225,0.225
1642848,Tre Johnson,WAS,G,Rotation,20,60,22.62737348051596,10.235608167406982,2.80437763889182,2.33439890226507,0.6928920723859444,0.283275152488622,1.430853885249468,0.4230909430338593,0.3515527589938395,0.812441866279455,1.605918703128662,18.600107476849,76,-0.0557,-0.0441,-0.2397,0.3425,1.0258,3,907,21-23,0.1843,0.1345,0.1139,0.4537,1.15,4,799,21-23,-0.4588934780855654,0.1663750776753964,0.0522999999999999,-0.216054834828977,below,average,average,-0.124,0.337,6.213,0.213
1642504,Cormac Ryan,MIL,G,Rotation,27,28,22.2075749416458,10.114374952746008,2.696896358435481,2.459803637919398,0.8838987193990349,0.2236688881983104,1.2616510717183254,0.4573779837327235,0.3884813136654315,0.8421583320529813,1.7455129250702357,19.10140779082139,45,0.0394,0.0582,0.0582,0.0,0.7518,0,1309,24-27,0.0621,0.0744,0.0744,0.0,0.9275,0,913,24-27,-0.2799152201730235,-0.0085462374795506,0.049615,-0.2231462010914102,average,average,average,0.088,0.113,6.201,0.201
1630702,Jaden Hardy,WAS,G,Rotation,23,58,17.964343200555827,8.698197371056184,2.0372446830006643,1.7217859926881585,0.5325976000520226,0.1507634674472233,1.1889861674194904,0.4287721011525177,0.3770945251966519,0.7537331156361968,1.4770376334202475,14.586667014767468,62,-0.1423,-0.0736,-0.2397,-0.5048,0.8994,12,907,21-23,0.2821,0.274,0.1139,0.4673,1.15,21,799,21-23,-0.6218747308219077,0.3063693871856568,0.0486799999999999,-0.2256156340356841,below,average,average,-0.318,0.515,6.197,0.197
1642347,Jamal Shead,TOR,G,Rotation,23,73,21.434407234104025,7.681517784505955,2.103954781257347,3.8395789044418183,0.8336431739957965,0.1959028062875331,1.3603470645538591,0.4075746953106979,0.3357223120412314,0.781194476988643,1.425808427582523,17.693922754973627,69,0.1961,0.5762,-0.2397,-1.3706,1.1043,6,907,21-23,-0.1326,-0.3177,0.1139,0.411,1.15,10,799,21-23,0.0149942752517434,-0.2872465653082592,0.048185,-0.2269229808885349,average,average,average,0.438,-0.242,6.196,0.196
1642359,Pacôme Dadiet,NYK,F,Scrub,20,23,5.51957259011159,1.9737658969317,1.0802021434132056,0.3561504989607723,0.1615692825672232,0.1006215335436736,0.2268234233025954,0.3955790416825376,0.2569269430766961,0.7169961295490183,0.4317256682724711,4.3639832424988,69,-0.0902,0.5999,-1.7014,-0.6322,0.9144,6,195,21-23,0.2129,0.102,-0.1162,1.6316,1.1235,11,106,21-23,-0.4310460195258974,0.2714368415486308,0.0461949999999999,-0.0993342936585099,below,average,average,-0.201,0.389,6.188,0.188
1629652,Luguentz Dort,OKC,G,Rotation,27,66,25.612861638222267,9.15149240781228,3.278567196697372,1.8469284751267905,0.9014396124862052,0.3695970074165763,0.9471894560466334,0.4185234605559881,0.3719466275896575,0.7911673438296666,1.242136622253771,18.722086160201023,70,-0.3042,-0.3845,0.0582,-0.3041,1.1443,21,1309,24-27,0.4664,0.5233,0.0744,0.6925,1.15,20,913,24-27,-0.9265706294132908,0.5701827945756465,0.0425699999999999,-0.2417527840779439,below,above,average,-0.679,0.852,6.173,0.173
1642461,Spencer Jones,DEN,F,Rotation,24,52,18.767182840241205,6.24773020749221,3.374340924092329,0.9657032289605928,0.638965369739718,0.4436736709277332,0.7181307612549558,0.4672990102039234,0.3376447931394987,0.7076131603278082,1.207620200335742,14.275280520591291,55,-0.1348,-0.1059,0.0582,-1.0099,0.8684,6,1309,24-27,0.2581,0.2513,0.1733,0.2164,1.15,6,714,24-27,-0.5158533655268066,0.334486421677915,0.0420049999999999,-0.1105495901850561,below,average,average,-0.301,0.472,6.171,0.171
1641744,Zach Edey,MEM,C,Rotation,23,35,22.879869041128487,10.160027998208475,8.07333708424451,1.1617864909287294,0.5939395285636493,1.3294472778616162,1.5409238797296234,0.5780757765517914,0.3092249015346141,0.717772948199401,2.345423223887268,25.819948775241155,59,0.1215,0.2702,-0.2397,0.3123,0.8267,3,907,21-23,-0.0666,-0.061,0.0268,-0.359,1.0328,4,157,21-23,-0.1885075447315758,-0.1990168342102677,0.036855,-0.3339162285304882,average,average,average,0.271,-0.122,6.149,0.149
1641767,Ben Sheppard,IND,G,Rotation,24,61,20.381236358703703,7.075028667773925,2.6642936333722456,1.9012905354937697,0.6832263147823758,0.1712139928619535,0.7942482645900448,0.427923742542801,0.3510103828465528,0.7904533021598017,1.0495825928861189,14.893189489404216,65,0.0499,0.1967,0.0582,-0.9147,0.9803,9,1309,24-27,0.0197,0.025,0.0744,-0.2022,1.15,17,913,24-27,-0.2601542137788942,-0.0692390669604815,0.03631,-0.2582860998331887,average,average,average,0.111,0.036,6.147,0.147
1642860,Will Riley,WAS,F,Rotation,20,69,21.384012345906577,9.125996498545533,3.56958923322817,1.5805514585814373,0.6893821642525253,0.3356648879366493,1.1432917507507825,0.4477568466614208,0.3279849579903295,0.7636269990287983,2.0419524999083896,17.712180172108233,53,0.0365,0.1347,-0.2397,0.0649,1.0703,3,907,21-23,0.0339,0.0182,0.0826,-0.0624,1.15,5,653,21-23,-0.1901247025233147,0.0217493450189431,0.03533,-0.1284164408568211,average,average,average,0.082,0.062,6.144,0.144
203500,Steven Adams,HOU,C,Rotation,32,43,20.042065177300078,5.986204778030407,6.886275791190115,1.3744829998622017,0.5624220805199577,0.6764830875935877,1.0713028681502916,0.5093765368794693,0.3490745842431214,0.5878273923450352,1.927877559482798,18.95687286344219,74,-0.1257,-0.2975,-0.0177,0.4903,0.8447,36,610,32+,0.2268,0.3211,-0.0772,0.2777,1.15,42,136,32+,-0.6296618654886905,0.2411633142560121,0.0329249999999999,-0.3450571074408697,below,average,average,-0.281,0.414,6.133,0.133
1642882,Julian Reese,WAS,F,Starter,22,32,32.37956611123204,16.4231582805386,7.368396221578559,2.954056836919409,1.1269444404028732,0.8048493414845157,2.1862790065185456,0.4762444457220507,0.3469735266158765,0.7522692513571747,4.14508598197828,33.3054213409556,61,0.0685,0.1015,0.1015,0.0,0.75,0,4716,21-23,-0.0144,-0.0213,-0.0213,0.0,0.75,0,1237,21-23,-0.1292763825226624,-0.045624431977615,0.031195,-0.1394845198871954,average,average,average,0.153,-0.026,6.127,0.127
1631248,Baylor Scheierman,BOS,G,Rotation,25,60,18.82415816707389,6.716962693631297,2.784178425775328,1.919904063005672,0.6743171549546348,0.1516648836022102,0.8463048253032154,0.4275947709656453,0.3667721746514109,0.8074703118733418,0.99441290851186,14.569474189437518,51,-0.0804,0.0992,0.0582,-1.6496,0.9355,6,1309,24-27,0.1655,0.4948,0.0744,-1.7531,1.15,11,913,24-27,-0.5053788931269934,0.1394641061130968,0.0302549999999999,-0.2742779891140206,below,average,average,-0.18,0.302,6.122,0.122
1628396,Tony Bradley,ATL,C,Bench,28,38,10.874369798145118,3.9635814549852433,3.065456327963244,0.5199510124294231,0.2082832706275182,0.419851116610468,0.5248854187289255,0.5366545979915406,0.3723019844201133,0.6560034252224628,0.9797119190345668,9.781573310170304,71,-0.2975,-0.0064,-1.1459,-0.4072,0.8976,12,320,28-31,0.4292,0.5441,0.3077,-0.4556,1.15,19,21,28-31,-0.9362569799954554,0.5448186041318643,0.029515,-0.354723875146824,below,above,below,-0.664,0.784,6.12,0.12
201566,Russell Westbrook,SAC,G,Starter,37,65,28.562680206670333,13.400155103117651,4.540390701492726,6.090091008364905,1.2537575458078214,0.2879679180558798,2.623631697980851,0.4393905727113725,0.3409522209564014,0.7469326213456339,2.7692945884898097,29.98530515106653,66,0.2238,0.5449,0.0832,-0.7661,0.75,54,2897,32+,-0.21,-0.6334,0.0155,1.6682,1.007,49,933,32+,0.0671256921200653,-0.3980396078041095,0.02859,-0.2786754285281552,average,below,average,0.5,-0.384,6.116,0.116
1641748,Andre Jackson Jr.,MIL,G,Bench,24,44,11.37849872803649,3.35876000264179,1.7670967737007512,1.1593222793690678,0.4354315032214541,0.1204203551767804,0.7004639044537753,0.4041921329544337,0.319634498052482,0.6819513803009678,0.6311535111581925,8.185351220877221,59,-0.4385,-0.347,-0.8032,-0.1557,0.9923,9,637,24-27,0.5991,0.6483,0.3726,0.2018,1.15,16,152,24-27,-1.1793233111972488,0.7601341736350693,0.0284199999999999,-0.2791244163362051,below,above,average,-0.979,1.095,6.116,0.116
1628973,Jalen Brunson,NYK,G,Starter,29,70,34.44217213948842,22.7386806698712,3.532946561829118,6.141359006712382,0.9901533211941816,0.1962755941037665,2.295235430671246,0.4682849751704075,0.3773325297196885,0.8320078426136639,5.188784624529983,37.45430636935731,73,1.284,2.1706,0.173,2.5786,0.75,24,4542,28-31,-1.5059,-2.157,-0.0817,-1.4416,1.0294,27,1495,28-31,2.0624227377444297,-2.2530357805479384,0.028545,-0.2787942782420506,elite,poor,average,2.867,-2.752,6.115,0.115
1629234,Drew Eubanks,SAC,F,Bench,29,47,12.957001404718264,4.501243993383226,3.1202017123339427,0.6504516300089063,0.3402140194782753,0.504836246459915,0.6468675691213642,0.5345976349563039,0.3065566200191325,0.6422812985311169,1.1522659088313525,11.10944672189052,67,-0.2099,0.1214,-1.1459,0.1492,1.0896,24,320,28-31,0.3138,0.1689,0.4973,0.2232,1.15,39,41,28-31,-0.6586567665283373,0.4121824750673207,0.0257649999999999,-0.1540189017819796,below,above,average,-0.469,0.573,6.104,0.104
1631113,Kennedy Chandler,UTA,G,Starter,23,31,32.137345657736034,16.567138324758453,4.220901677423733,5.052162198282603,1.1495633076200884,0.3257993031206841,2.162944472322468,0.4523120984008081,0.3668960183033951,0.7853308491557218,3.685485312188652,31.473606994990693,55,0.2042,0.3337,0.1015,0.3002,0.75,3,4716,21-23,-0.198,-0.6937,-0.1079,1.8455,0.75,4,1613,21-23,0.0302384801843574,-0.3808623919132801,0.0232099999999999,-0.2928845721005542,average,below,average,0.456,-0.362,6.094,0.094
1641713,GG Jackson,MEM,F,Rotation,21,52,20.904318302945004,9.986132929024173,4.103341001151083,1.2737172658664506,0.5880648376591942,0.5583266629820268,1.2303251011927925,0.4553431833113545,0.3408056526984349,0.7327183111340738,2.1544612552592137,19.029567429936016,61,0.2525,0.5899,-0.2397,-0.4888,0.9195,9,907,21-23,-0.2736,-0.5372,0.0826,0.5963,1.15,11,653,21-23,0.2206014574810881,-0.4071830861703248,0.015755,-0.1808124860852557,average,below,average,0.564,-0.5,6.064,0.064
1629021,Moritz Wagner,ORL,F,Bench,28,37,13.922254082695789,7.153627240955145,3.398706736160439,0.8948586784763839,0.478209878969714,0.2276541585573367,0.8115052343895842,0.4935560078179095,0.3266198539115265,0.7573276227860299,1.9320596200459648,13.880450220253817,77,0.1427,0.5758,-1.1459,0.5299,1.0137,24,320,28-31,-0.1394,-0.3941,0.4973,-0.3394,1.15,39,41,28-31,0.0118156594788499,-0.2199872088838215,0.015755,-0.1808124860852557,average,average,average,0.319,-0.255,6.064,0.064
1630700,Dyson Daniels,ATL,G,Starter,23,71,31.95594777630185,13.653531741907589,5.247349423673805,4.8085882189331866,1.7833226702980116,0.4379584233340681,1.9308617245094088,0.4754852608004142,0.3293877265707509,0.7358032773628397,2.4538604982479986,31.89621493510277,67,0.1884,0.7697,0.1015,-2.7444,0.75,12,4716,21-23,-0.1968,-0.6528,-0.1079,2.3702,1.0523,11,1613,21-23,0.0005028705627153,-0.3791446703241971,0.01506,-0.3144095758394113,average,below,average,0.421,-0.36,6.061,0.061
203471,Dennis Schröder,CLE,G,Rotation,32,66,24.55787835451181,10.449018045409357,2.5956392598640807,4.220804042823218,0.7895800791054307,0.1738965518584847,1.5530302174445472,0.415067179586398,0.3483857628194489,0.8280947571853905,2.302164157947629,21.23239089692828,69,0.0741,0.2175,-0.0177,-0.7239,1.1488,39,610,32+,-0.0647,-0.0507,-0.0463,-0.1194,1.15,48,315,32+,-0.2146097990419487,-0.1900521520593156,0.01164,-0.3234421540954716,average,average,average,0.165,-0.118,6.047,0.047
1631212,Peyton Watson,DEN,G,Starter,23,60,28.763993279387343,13.527271686898631,4.148469219843159,2.948962864965302,0.9617500742977116,0.8458910198390902,1.6727896269971172,0.4653976755658371,0.3731073359976087,0.76304888417549,3.107030944344724,26.679012703571665,53,0.113,0.4632,0.1015,-1.7574,0.75,12,4716,21-23,-0.113,-0.1169,-0.1079,-0.1436,0.9667,13,1613,21-23,-0.1413999753532223,-0.2591904460199044,0.0113,-0.3243401297115712,average,average,average,0.252,-0.206,6.046,0.046
203084,Harrison Barnes,SAS,F,Rotation,33,71,24.730411866021825,9.760923121959172,3.46376171697845,1.6621527500543554,0.607684218657548,0.2382993699617443,0.8341611742973003,0.4674459567593431,0.39332378490007,0.7975358897911519,1.817332005738398,18.11445589897542,69,0.0029,0.2796,-0.0177,-1.7475,1.15,42,610,32+,0.0188,-0.0225,0.0742,0.0758,1.15,47,283,32+,-0.2540154385239996,0.0006863215686733,0.010055,-0.1960695720521562,average,average,average,0.006,0.034,6.04,0.04
1642950,Lachlan Olbrich,CHI,C,Bench,22,37,11.031930342207392,3.50111700080856,3.1848190802917875,0.7283085127779675,0.2851040072953827,0.5014475513691321,0.5850494915595937,0.5062717998505817,0.1812282916988386,0.5572808500474933,1.141688677030901,10.189967850759606,46,-0.0335,0.2857,-0.9598,0.174,0.9096,3,534,21-23,0.0371,0.0193,0.0268,0.1526,1.0632,5,157,21-23,-0.4651212976334883,-0.0434385063440331,-0.00173,-0.4432981147282153,below,average,below,-0.075,0.068,5.993,-0.007
203926,Doug McDermott,SAC,F,Rotation,34,42,16.433830792704725,5.977034969109722,2.2090955716920124,1.0646509120576857,0.3689892357944985,0.2143550812761314,0.6230017654439894,0.4276975046669189,0.392918513664547,0.7650590288767563,0.7432641607943008,11.351957208994564,59,-0.2422,-0.536,-0.0177,0.2995,0.7502,36,610,32+,0.2868,0.444,0.0742,-0.3679,1.1386,60,283,32+,-0.7200755395289957,0.3745201152555801,-0.00415,-0.2340918362907215,below,above,average,-0.541,0.524,5.983,-0.017
1642484,RayJ Dennis,ATL,G,Bench,25,24,11.143525454304028,4.097923952843335,1.4398560708242556,1.4255791434914098,0.4545093824615221,0.1377068967086306,0.6859029479983616,0.3781246653954988,0.3234694387495597,0.7841371495601409,0.6703807651105356,9.054865842581654,48,-0.3232,-0.3608,-0.8032,0.0482,0.7508,3,637,24-27,0.3856,0.3726,0.3726,0.0,1.15,0,152,24-27,-0.96232864098362,0.4545228742440612,-0.0042399999999999,-0.3653828975768277,below,above,below,-0.722,0.705,5.983,-0.017
1627741,Buddy Hield,ATL,G,Rotation,33,58,20.42469896372437,8.761390322400604,2.58935159894018,2.0964767480130857,0.7740748032718036,0.2390262395492991,1.0816817830852483,0.4281027368387762,0.3649182698970801,0.8115545995367907,0.9381120780179292,16.97094870852651,58,0.183,0.1807,-0.0177,0.7335,0.982,30,610,32+,-0.2394,0.0484,-0.0463,-2.2332,1.15,31,315,32+,-0.009659932725694,-0.4401237867366418,-0.00708,-0.3728836350760122,average,below,below,0.409,-0.437,5.972,-0.028
1630214,Xavier Tillman,CHA,F,Scrub,27,23,7.923473251491695,2.0446085872513238,1.608563078792277,0.4703091839659292,0.342556555797452,0.2177547914925745,0.3449169605342246,0.3964507250015734,0.2373129622333483,0.5632728336799225,0.3418358311709255,6.016365139086805,61,-0.6158,-0.4345,-1.5874,1.2093,1.1029,18,190,24-27,0.735,0.7754,0.2252,1.2194,1.1227,30,98,24-27,-1.4304796755366112,0.999715288130474,-0.00794,-0.2442364601178361,poor,above,average,-1.375,1.343,5.968,-0.032
1642258,Zaccharie Risacher,ATL,F,Rotation,21,65,22.275137263689498,9.645168697658038,3.9831566353606105,1.2030641369475157,0.7450857416024466,0.5374230444155883,1.0300211620712916,0.4588741386499401,0.3561208397876086,0.6970199752562188,1.692014642018234,19.04705806149485,67,0.1945,0.3756,-0.2397,-0.0043,1.0585,6,907,21-23,-0.2598,-0.4233,0.0826,0.0325,1.15,7,653,21-23,0.1103138774799059,-0.3879334355998795,-0.0099349999999999,-0.2495764402062511,average,below,average,0.434,-0.475,5.959,-0.041
1630543,Isaiah Jackson,LAC,F,Rotation,24,47,17.965325463725627,7.453953292514122,4.574821441644935,1.087102369937281,0.6438026038810178,0.7413774923963492,0.9507203193577036,0.5435714566088702,0.3370747123671319,0.6958892932232752,1.8382201079134264,17.77921254686836,59,0.0538,0.1992,0.0582,-0.7745,0.8085,12,1309,24-27,-0.0896,-0.3251,0.1733,0.6519,1.15,20,714,24-27,-0.1572285795229621,-0.1505210785643888,-0.01073,-0.2517044021963715,average,average,average,0.12,-0.164,5.956,-0.044
1631101,Shaedon Sharpe,POR,G,Starter,22,56,31.72044744682436,18.14093518929914,4.4244172916712845,3.6994794340297976,1.1840912989707968,0.2637348974831323,2.4505640047396327,0.4460517317438368,0.3390324409933427,0.7959896316323836,3.73839666305213,30.892369674971533,65,0.1429,0.3686,0.1015,-0.7438,0.75,12,4716,21-23,-0.2061,-0.7105,-0.1079,2.3835,0.9356,14,1613,21-23,-0.085128157145178,-0.39245701263959,-0.0141499999999999,-0.3915562456813766,average,below,below,0.319,-0.377,5.942,-0.058
203468,CJ McCollum,ATL,G,Starter,34,69,31.60295398514571,18.049180547193384,3.698197641966346,4.3563802777394205,0.973759256665642,0.4140484931575641,1.8855725597249215,0.4499113730157341,0.3820323717950375,0.7966231663813353,3.086503299891824,31.299438823906826,72,0.2312,0.4536,0.0832,-0.0734,0.75,39,2897,32+,-0.3174,-0.4421,0.0155,-0.4512,1.0382,38,933,32+,0.081052496626404,-0.5517756900270335,-0.01567,-0.3955707249062924,average,below,below,0.516,-0.58,5.936,-0.064
1627783,Pascal Siakam,IND,F,Starter,32,66,32.82517407757764,19.975574055163957,6.65399987323225,3.4797414677652703,1.0009177495753556,0.5155465205600009,1.876100998293579,0.4939686328722047,0.3663233488977774,0.7344557285706235,4.712665367927677,35.853277916803044,75,0.8218,1.3907,0.0832,1.7098,0.75,30,2897,32+,-1.0403,-1.5149,-0.1119,-0.8988,1.0077,25,747,32+,1.3031311004926929,-1.4766546146022328,-0.016145,-0.266198633864927,elite,poor,average,1.835,-1.901,5.934,-0.066
1630529,Herbert Jones,NOP,F,Starter,27,55,31.294364419890144,12.632149166006265,4.906115561565498,2.866719135360493,1.3894212317801669,0.5906745226783192,1.637270254123961,0.4465725678882605,0.3378603535813978,0.7969556817114758,2.6290959352705765,27.12258355217709,65,-0.1163,-0.3126,0.1699,0.0572,0.75,15,6780,24-27,0.0996,0.1388,-0.0596,0.4319,0.9174,15,1588,24-27,-0.4806754305264294,0.1133944205608452,-0.019145,-0.2742286791106641,below,average,average,-0.26,0.182,5.922,-0.078
1641783,Tristan da Silva,ORL,F,Rotation,24,70,22.51250403995612,8.593700843230803,3.8833294846618,1.4434506335567217,0.6863600192892514,0.3840852170831289,0.9138513526540956,0.4501271263893994,0.356692445843263,0.7895137940579234,1.4132529624423085,17.71635653162309,63,0.0248,0.1324,0.0582,-0.7815,1.1044,6,1309,24-27,-0.0745,-0.2019,0.1733,0.0434,1.15,11,714,24-27,-0.2123723695235532,-0.1294580551141191,-0.019885,-0.2762094236046126,average,average,average,0.055,-0.136,5.919,-0.081
1642383,Walter Clayton Jr.,MEM,G,Rotation,23,65,21.063285580754048,8.394537336358503,2.396279293821149,3.189495849491496,0.7262815216678832,0.2620826982877056,1.4525565616133629,0.4140814196332212,0.3321384655340653,0.8397215510043918,1.7201296108454889,17.566852361434528,66,0.1948,0.3213,-0.2397,0.4018,1.0299,3,907,21-23,-0.2875,-0.4342,0.1139,-0.2369,1.15,4,799,21-23,0.0125476744600893,-0.5089757937657167,-0.0222349999999999,-0.4129095776112735,average,below,below,0.435,-0.525,5.91,-0.09
1628975,Jevon Carter,ORL,G,Rotation,30,52,17.11727523674105,6.746031700976365,1.8727848990958185,1.90605688297046,0.6739571288187178,0.1790692082550666,0.792511198805748,0.4103900430559065,0.3562287299954687,0.8044961789580409,0.7968069574851395,13.619026716762642,56,0.0094,-0.0106,0.0276,0.114,0.8245,24,901,28-31,-0.0612,0.0039,0.1577,-1.0282,1.15,45,441,28-31,-0.3363752384419642,-0.1850421307578237,-0.0223699999999999,-0.4132661267529602,average,average,below,0.021,-0.112,5.909,-0.091
201143,Al Horford,GSW,C,Rotation,39,53,22.55206723238482,7.701710060063583,5.568293742443194,2.0204649895768187,0.6449744916093391,0.9135948806545756,0.905570081952262,0.4470187012547738,0.3687111809758814,0.7578738959323904,0.9219833259068166,21.184498070200124,70,-0.0572,0.1598,-0.0177,-1.5722,0.9899,54,610,32+,0.0193,0.3022,-0.0772,-1.4137,1.15,30,136,32+,-0.5074164327546195,-0.0701433687935893,-0.022775,-0.5029570960689219,below,average,below,-0.128,0.035,5.907,-0.093
1629675,Naz Reid,MIN,C,Rotation,26,71,24.300998595193334,11.457960450902366,5.983347350215535,1.679242164807191,0.7418421901788573,0.9682670984855742,1.3609300334381376,0.4783480080458415,0.3737825363898528,0.7090758840064859,1.870413489968722,24.92623835092695,73,-0.0196,0.1031,0.0582,-0.9864,1.15,21,1309,24-27,-0.0347,-0.0636,0.1525,-0.3773,1.15,28,236,24-27,-0.4403152901151878,-0.1511581200450518,-0.026395,-0.5132191779151256,below,average,below,-0.044,-0.063,5.893,-0.107
1642863,Khaman Maluach,PHX,C,Bench,19,52,10.885150301224472,3.6299492761608287,3.173962364089178,0.3076149184333008,0.1984356231881512,0.6592407787500743,0.6140287740075465,0.5219465980434654,0.2421191276868071,0.6413504414832069,0.9838637456499546,9.859126922524922,48,-0.4695,-0.3396,-0.9598,0.2552,1.079,3,534,21-23,0.5122,0.7372,0.0268,-0.0494,1.15,5,157,21-23,-1.2432090154737063,0.6693412773517049,-0.0277349999999999,-0.5170178490957645,below,above,below,-1.048,0.936,5.888,-0.112
1641842,Ronald Holland II,DET,F,Rotation,20,72,19.27767255642653,7.688586451872544,3.7982682967056576,1.1574436775881694,0.8144588652018436,0.3972274430269411,1.0724495306504571,0.4495902556224522,0.2873679186908091,0.7569740170325391,1.7338424510510095,16.545283318337486,70,-0.0834,0.1006,-0.2397,-0.8523,1.0452,6,907,21-23,0.0397,0.1064,0.0826,-0.5407,1.15,11,653,21-23,-0.4181157515257588,0.029839777867391,-0.028005,-0.2979440794030744,below,average,average,-0.186,0.073,5.887,-0.113
1630560,Cam Thomas,MIL,G,Rotation,24,45,24.110678121133937,13.97164576355318,2.577210943416765,2.778279241631185,0.5956605665870036,0.1776708509965593,1.6574777465191797,0.429918197186294,0.3433225547678466,0.8323773618330038,3.392667869424415,21.894234264331583,66,0.3931,0.5236,0.0582,0.6488,0.9363,15,1309,24-27,-0.5493,-0.9138,0.0744,0.4833,1.15,19,913,24-27,0.3857483952177873,-0.8837253871173136,-0.03098,-0.436006038678305,above,below,below,0.878,-1.004,5.874,-0.126
1630577,Julian Champagnie,SAS,F,Rotation,24,72,23.38817191197772,9.250475164265923,4.501634024381858,1.3766534982299494,0.6993593467108417,0.4861361060252133,0.9105800199352684,0.4414385235599403,0.3703432952903275,0.7921363820679764,1.59055066732687,19.363322579141972,65,0.0041,0.2537,0.0582,-1.7586,1.1414,12,1309,24-27,-0.0786,-0.1854,0.1733,-0.0909,1.15,19,714,24-27,-0.2517336265239752,-0.1351771541966427,-0.033115,-0.3116219231383132,average,average,average,0.009,-0.144,5.865,-0.135
1642263,Reed Sheppard,HOU,G,Rotation,21,69,20.980107256780894,9.348265879910976,2.514199376586795,2.493710804385321,0.9872801559653708,0.4092002054704649,1.2212595153862753,0.4199862982247417,0.3723280562145158,0.7920905194997243,1.1903042262001078,19.074052907314343,61,0.1187,0.4213,-0.2397,-1.0199,1.0608,6,907,21-23,-0.2298,-0.3458,0.1139,-0.2655,1.15,7,799,21-23,-0.1306725718821235,-0.4263820140239782,-0.0381249999999999,-0.4548767321401619,average,below,below,0.265,-0.42,5.845,-0.155
1642384,Isaiah Crawford,HOU,F,Scrub,24,14,5.425963802322069,1.8191250492691644,1.055684259160346,0.2991070822205605,0.1489998233236102,0.1433678922104677,0.2337489866189998,0.4330986043303224,0.2447640438208354,0.7094215879606763,0.4095202285101985,4.177960943575654,46,-0.2173,0.0492,-1.5874,0.7519,0.75,3,190,24-27,0.1782,0.2252,0.2252,0.0,0.879,0,98,24-27,-0.6727279405284882,0.2230337346794678,-0.039325,-0.328244116796989,below,average,average,-0.485,0.326,5.841,-0.159
1631165,Keon Ellis,CLE,G,Rotation,26,66,21.55584433813512,7.717020634167061,2.3392473149098816,1.7981377537694834,1.041165442199083,0.4838832708175639,0.9114931775102132,0.4460116524200971,0.3823370404006387,0.7858297443265971,1.2354807536603114,16.884977004252875,59,-0.1226,-0.0958,0.0582,-0.6918,1.049,12,1309,24-27,0.061,0.1186,0.0744,-0.4047,1.15,15,913,24-27,-0.5847993188253032,-0.0101208156028767,-0.03998,-0.4597759814574111,below,average,below,-0.274,0.111,5.837,-0.163
203952,Andrew Wiggins,MIA,F,Starter,31,65,30.91851196462263,15.828181481603828,5.414810132644238,2.704771509689516,1.0223179107971363,0.7815080073636237,1.6394272004484716,0.4645525768990639,0.3846994617363313,0.7748187045508181,3.326068678655602,30.15516145934499,72,0.2444,0.3523,0.173,0.5365,0.75,36,4542,28-31,-0.3896,-0.6963,-0.0316,0.3394,0.9906,29,1195,28-31,0.205199226480923,-0.5689917431392844,-0.0408999999999999,-0.3324598905510009,average,below,average,0.546,-0.712,5.834,-0.166
1642880,Kam Jones,IND,G,Rotation,24,44,19.888907239601423,7.274522500968869,2.34451516499265,2.801673798266367,0.6979843229212024,0.1715952666797402,1.1619449504942705,0.4276112443850235,0.3402409805986125,0.7707611183987177,1.1590294436918736,15.737245214668157,57,-0.0924,-0.2112,0.0582,0.1127,0.829,3,1309,24-27,0.0144,-0.1595,0.0744,0.859,1.15,3,913,24-27,-0.5279629004345696,-0.0768256706455979,-0.04434,-0.4712911981815113,below,average,below,-0.206,0.026,5.82,-0.18
1631108,Max Christie,DAL,G,Starter,23,73,28.591254501518847,12.770811686158597,3.499816744002893,2.964464228163801,0.8584932857213471,0.3444862182339435,1.555247761321389,0.4429255186967382,0.3793810578988532,0.8346536287168042,2.505909470975668,23.47097887175225,64,-0.05,-0.0382,0.1015,-0.6715,0.75,12,4716,21-23,-0.0383,0.0045,-0.1079,-0.0616,1.0679,17,1613,21-23,-0.4481660746144668,-0.1522622770994908,-0.044735,-0.4723344345590387,below,average,below,-0.112,-0.07,5.818,-0.182
1630551,Justin Champagnie,WAS,G,Rotation,24,56,20.65330069551268,8.404799838781086,4.110509856330933,1.7647510401947,0.8491940751625762,0.4580527608525512,0.958145983767865,0.4631597016743087,0.3443543325245977,0.7709890594614368,1.4633816309314651,18.94813275094777,62,0.1093,0.3213,0.0582,-1.0775,0.9456,12,1309,24-27,-0.2331,-0.2561,0.0744,-0.7135,1.15,20,913,24-27,-0.1483633776063916,-0.4311057483939562,-0.04478,-0.4724532842729342,average,below,below,0.244,-0.426,5.818,-0.182
1642967,John Poulakidas,DAL,G,Rotation,23,29,21.19905572970904,8.99248131331051,2.6742048473653943,2.253448474670185,0.760670535794645,0.2746274726265474,1.1019483923133295,0.436780162839868,0.3695618421719653,0.7971868464433348,1.4790630406939518,17.585645475104506,60,-0.1618,-0.2397,-0.2397,0.0,0.75,0,907,21-23,0.0974,0.1139,0.1139,0.0,0.9504,0,799,21-23,-0.6585737426967192,0.0419834059326394,-0.04516,-0.4734569040791632,below,average,below,-0.361,0.178,5.817,-0.183
1631216,Caleb Houstan,ATL,G,Scrub,23,24,7.386748155032505,2.6160491210863746,0.849859470859437,0.4684466578868301,0.2155068011004064,0.0609576109815864,0.2743578171593011,0.4149641091747298,0.3916615886856799,0.7768694156922118,0.3257243307397659,4.893585892034622,68,-0.3857,0.3732,-1.7014,-1.7041,1.0921,12,195,21-23,0.371,0.2946,0.3161,0.5102,1.15,16,124,21-23,-1.0799536790439133,0.433623928243552,-0.045185,-0.473522931697994,below,above,below,-0.861,0.678,5.817,-0.183
1642260,Nikola Topić,OKC,G,Rotation,20,28,20.76746135474329,8.373048343624859,2.6681646271989985,2.879681957280934,0.7645679380553594,0.2390489972134872,1.5011106065646975,0.4324281046217034,0.3519167935444875,0.7652032709772162,1.5290541801062014,17.404109031426902,49,-0.1618,-0.2397,-0.2397,0.0,0.75,0,907,21-23,0.0958,0.1139,0.1139,0.0,0.9348,0,799,21-23,-0.6585737426967192,0.0396931104805288,-0.04588,-0.4753584995014916,below,average,below,-0.361,0.175,5.814,-0.186
1630175,Cole Anthony,MIL,G,Rotation,25,50,19.306450451357986,8.585215067436375,2.7839464816723685,2.901273845810648,0.71427895260972,0.3231658376248311,1.4877251808119594,0.4287234652993871,0.3463426305845581,0.7820788519544714,1.508237289192926,17.902470804050882,64,0.0221,-0.047,0.0582,0.4153,0.8646,18,1309,24-27,-0.1329,-0.172,0.0744,-0.3464,1.15,22,913,24-27,-0.3124738307081126,-0.28767599570553,-0.04765,-0.4800332549147159,average,average,below,0.049,-0.243,5.806,-0.194
1631095,Jabari Smith Jr.,HOU,F,Starter,22,70,33.02585673154508,15.430412514270834,6.972936288833809,2.0681544146781863,0.8049731492191218,0.827599798263947,1.5907633000686283,0.4563953053544439,0.3577712328813156,0.7790474920949426,3.255824816524861,30.207123225269264,73,0.0274,0.1743,0.1015,-1.0212,0.75,12,4716,21-23,-0.1554,-0.0378,-0.0213,-1.2018,1.0409,9,1237,21-23,-0.2074284435235002,-0.2423056443278159,-0.05486,-0.3698263677611643,average,average,below,0.061,-0.284,5.777,-0.223
1642367,Jonathan Mogbo,TOR,F,Scrub,24,30,8.97284489335185,2.713957402612818,2.1378322209921024,0.8306453902015563,0.3383796670799437,0.237999048232566,0.4778557209203454,0.4587707380868927,0.2560322205554357,0.6926651945648281,0.6070661185727588,7.776604578122859,75,-0.595,-0.1431,-1.5874,-0.2756,1.15,6,190,24-27,0.6046,0.6032,0.2252,0.9627,1.15,11,98,24-27,-1.3909282675361871,0.8178200392619194,-0.0551799999999999,-0.3706829059207094,poor,above,below,-1.329,1.105,5.776,-0.224
1631207,Dalen Terry,PHI,F,Bench,23,46,11.77868249640512,3.854690582337807,2.0393439493379097,1.0443912852548185,0.4823323580145493,0.2961946737295884,0.5893959654943716,0.4459551209434966,0.3302929079179728,0.6505529404974578,0.8478212617097926,9.614675379163568,59,-0.2657,0.0426,-0.9598,-0.4145,1.0473,12,534,21-23,0.1965,0.3634,-0.1162,-0.1227,1.15,19,106,21-23,-0.7647610245294748,0.2485604452185364,-0.05771,-0.3774549107446146,below,average,below,-0.593,0.359,5.766,-0.234
1642856,Egor Dëmin,BKN,G,Rotation,20,55,23.02849826089728,9.38886565723107,2.942665695999468,2.877193887942395,0.8044086822081516,0.294223546007158,1.4671661878415991,0.4151763828747369,0.3675242070521858,0.793375038734534,1.5299391458664195,19.064585821148352,67,-0.0055,0.0263,-0.2397,0.3735,0.9943,3,907,21-23,-0.1242,-0.189,0.1139,-0.2875,1.15,3,799,21-23,-0.364417047515538,-0.2752225141846786,-0.058915,-0.509785299959897,below,average,below,-0.012,-0.227,5.761,-0.239
1631451,Javonte Cooke,POR,G,Scrub,26,17,5.590522669240957,1.755590791917069,0.8344445295200186,0.5609851235371887,0.2376728859134293,0.0519174475933443,0.3467022411952847,0.3155792227582195,0.2324347458859409,0.7086463004908224,0.3319306438678721,4.120470671971911,69,-0.6921,-0.8316,-1.5874,0.6417,0.7926,3,190,24-27,0.715,0.8856,0.3726,0.907,0.9743,5,152,24-27,-1.656598665630694,0.9260374504473308,-0.058905,-0.5097588889123649,poor,above,below,-1.546,1.306,5.76,-0.24
1630619,Moussa Cisse,DAL,C,Bench,23,37,12.45723751882206,3.9803030142205262,4.0963854013616965,0.3990881300561156,0.3423097253182635,0.8416459063843115,0.7000082903306059,0.5398479971575213,0.2423683597748815,0.544000433019725,1.4809332585472643,12.346456295715852,53,-0.364,-0.2123,-0.9598,0.031,0.9711,3,534,21-23,0.3117,0.4531,0.0268,0.1333,1.0632,5,157,21-23,-1.054933203014663,0.3685365065013671,-0.059935,-0.608299350600671,below,above,below,-0.813,0.57,5.757,-0.243
1631172,Ousmane Dieng,MIL,F,Rotation,22,53,17.93790356001341,6.967411723809496,3.400642085419028,1.4739002409300552,0.5325987973454779,0.3728116876499155,0.9695243562646793,0.4460642953762008,0.3344035901607574,0.7240691770550808,1.1894399272736922,15.005739686428914,41,-0.2419,-0.292,-0.2397,-0.3228,0.8578,12,907,21-23,0.1617,0.1539,0.0826,0.235,1.15,19,653,21-23,-0.7195050865289897,0.2000178481278486,-0.06028,-0.3843339828384627,below,average,below,-0.54,0.295,5.755,-0.245
1630536,Sharife Cooper,WAS,G,Rotation,24,46,19.96509540573639,8.554951418116952,2.4966815260121327,2.7403294009024752,0.6566495803519691,0.2107960174221738,1.344228519895836,0.4610525312080418,0.3626820824435567,0.8039993255381035,1.5888603000642618,16.919571624111818,60,0.5273,0.801,0.0582,0.872,0.8472,3,1309,24-27,-0.8002,-0.9826,0.0744,-1.2859,1.15,5,913,24-27,0.6383128769408488,-1.242872342701407,-0.070075,-0.5392600290059885,above,below,below,1.178,-1.462,5.716,-0.284
1630679,Ethan Thompson,IND,G,Rotation,26,41,21.54704905540009,8.377208867945047,2.5174215797403225,2.3709033520984795,0.7498076555054615,0.2656760052897934,1.1128609900981747,0.419668668129374,0.3478951597208683,0.7962816139198755,1.6097259504322958,16.88805978406874,50,0.0656,0.0407,0.0582,0.3677,0.8432,3,1309,24-27,-0.2369,-0.2005,0.0744,-1.1245,1.1259,4,913,24-27,-0.2306068042181485,-0.436545200092719,-0.070525,-0.5404485261449438,average,below,below,0.146,-0.433,5.713,-0.287
1630604,E.J. Liddell,BKN,F,Bench,25,27,10.873828618504664,4.118998131335599,2.1826426433001176,0.671868781640763,0.2950903916921345,0.3018749726873829,0.4926824644459697,0.4693388341224558,0.3340847266650218,0.7519873360764532,0.8086848176089059,9.044186104449466,42,0.0044,0.199,-0.8032,0.7717,0.7741,3,637,24-27,-0.1677,-0.3487,0.2252,-0.0413,1.15,6,98,24-27,-0.2511631735239691,-0.2594629415753867,-0.0730449999999999,-0.418501825359074,average,average,below,0.01,-0.306,5.704,-0.296
202331,Paul George,PHI,F,Starter,35,48,32.08716703501988,16.883412585213268,5.830208764936787,3.6298166868192494,1.4240944809270537,0.5287256982364037,1.9819898453071572,0.4536982314406906,0.3831215639324856,0.8160834066997288,3.3271184109372207,33.2008588255495,71,0.5154,0.8313,0.0832,1.2606,0.75,45,2897,32+,-0.7928,-1.2066,-0.1119,-1.5457,0.8692,28,747,32+,0.720508436486447,-1.131416316327944,-0.0732899999999999,-0.4191576123874758,above,below,below,1.151,-1.449,5.702,-0.298
1626167,Myles Turner,MIL,C,Rotation,30,68,25.61197019117404,11.610011926789555,6.100872187592101,1.3403438215969312,0.6352126715081324,1.4520768983607193,1.302028626582461,0.4869215921417671,0.381475185827844,0.7358658008574501,2.6026323681094485,25.90141436731957,71,0.0591,0.0155,0.0276,0.3444,1.15,33,901,28-31,-0.2425,-0.4666,0.1167,0.3406,1.15,35,212,28-31,-0.2998668878353135,-0.4629148850460503,-0.07662,-0.6555984764581045,average,below,below,0.132,-0.443,5.689,-0.311
1631110,Jeremy Sochan,NYK,F,Bench,22,45,15.765401429418494,6.06205876871332,3.603744627353549,1.31712245138021,0.5049283001371092,0.3387402940276031,0.8722347822131722,0.4842497390835255,0.2964220387739817,0.7091285655820858,1.2207613478085615,14.021006998888858,72,-0.2815,0.1141,-0.9598,-0.7899,1.15,12,534,21-23,0.1699,0.1784,-0.1162,0.7553,1.15,12,106,21-23,-0.7948048825297968,0.2114560462928957,-0.07837,-0.4327551556702574,below,average,below,-0.629,0.31,5.681,-0.319
1641724,Jett Howard,ORL,G,Bench,22,45,11.066644150992015,4.316747894008619,1.329689035120632,0.9190481354218076,0.298644193965599,0.1516593680605292,0.4955072117832504,0.4000666776434569,0.332747345227934,0.7885654638554976,0.6581474945003164,8.146350413581224,56,-0.2362,0.2238,-0.9598,-1.4054,1.0049,9,534,21-23,0.1102,0.2729,0.3161,-1.6269,1.15,12,124,21-23,-0.798594588003692,0.0603057695495242,-0.08032,-0.5663181472028709,below,average,below,-0.527,0.201,5.674,-0.326
201959,Taj Gibson,MEM,F,Bench,40,31,10.8689945590694,2.869211933777746,2.749651333178389,0.6616036244737842,0.2811346450247506,0.2413147417130161,0.4233379422546485,0.4504807281025609,0.3447868398595307,0.7447968639972433,0.6678805538488092,8.305209188261141,77,-0.5442,-0.9371,-1.0403,2.2574,0.8457,48,249,32+,0.4824,1.0756,-0.1957,-1.6716,1.15,49,36,32+,-1.2943315595351517,0.6473629885584119,-0.08223,-0.4430871472197725,poor,above,below,-1.215,0.881,5.666,-0.334
203939,Dwight Powell,DAL,F,Bench,34,60,12.54658111950118,3.043904800852177,3.020863542545836,0.9666721910007118,0.4382192882290364,0.3030126570640654,0.5117164436996694,0.5325680788643276,0.3143616672610893,0.6999695964683996,1.132257819103704,9.830928730587884,50,-0.1073,0.1957,-1.0403,0.3953,1.15,36,249,32+,-0.0542,0.1006,-0.1957,-0.4874,1.15,56,36,32+,-0.463561840526246,-0.1011415401445512,-0.083405,-0.4462322482743528,below,average,below,-0.24,-0.099,5.661,-0.339
1630811,Keaton Wallace,ATL,G,Bench,27,43,12.366234038072406,4.107967728222305,1.2865345183218695,1.681270787751182,0.5362809231051875,0.1465757729590369,0.6338988263629926,0.4022424573543057,0.3491047503504938,0.7764391396324046,0.5450168864160467,9.588386593665,64,-0.207,0.0922,-0.8032,-0.6154,1.0227,6,637,24-27,0.0664,-0.1119,0.3726,0.1308,1.15,10,152,24-27,-0.7436401702219231,-0.0023910684520034,-0.08397,-0.575958179552175,below,average,below,-0.462,0.121,5.659,-0.341
1641723,Kobe Bufkin,LAL,G,Scrub,22,15,7.095117543608946,2.6348698554430063,1.0161399222522014,0.7783349792161764,0.2185066297839391,0.1235338084065183,0.3915522466698948,0.35068110828003,0.2341456038551251,0.7392112335238444,0.6137228187718944,5.65630929887139,65,-0.652,-0.3721,-1.7014,-0.6313,0.8927,6,195,21-23,0.6062,0.4763,0.3161,2.8731,0.9075,4,124,21-23,-1.5811304412112102,0.7702973597038101,-0.08581,-0.5808178122981257,poor,above,below,-1.456,1.108,5.652,-0.348
1629638,Nickeil Alexander-Walker,ATL,G,Starter,27,75,30.583083167104377,15.748737725114289,3.41978070570332,3.7691731913391537,1.07079895745777,0.4319535652823625,1.808702000319772,0.4510971785772057,0.3855314564530919,0.8520730318736529,3.024837916753033,28.205789926867624,68,0.2812,0.8079,0.1699,-1.9267,0.75,21,6780,24-27,-0.5348,-0.9754,-0.0093,0.8931,1.0724,34,2254,24-27,0.1751525270746385,-0.8629695845825613,-0.086,-0.58131962220124,average,below,below,0.628,-0.977,5.651,-0.349
201145,Jeff Green,HOU,F,Scrub,39,41,8.618452334430275,2.924996366378718,1.3860674276703686,0.4957533936651583,0.141103283970931,0.1726303990127519,0.3372361682435212,0.4232816890413868,0.3199388628770516,0.7930770602651473,0.5468344645550528,5.935872250788426,79,-0.9278,-0.3557,-2.0878,-0.5359,1.15,54,67,32+,0.94,1.0477,-0.1957,2.4747,1.15,50,36,32+,-2.0237507955429708,1.2856702422566524,-0.08729,-0.4566311568675825,poor,elite,below,-2.072,1.718,5.646,-0.354
1641765,Olivier-Maxence Prosper,MEM,F,Rotation,23,53,17.499215613601436,7.422911484063768,3.531475728073267,1.0247707444219114,0.6126161883458703,0.3269286953462562,0.7651647005639131,0.4819601085389357,0.3557937026276877,0.7163245172887112,1.7385302599151264,15.25130842489702,52,0.3265,0.8634,-0.2397,-1.1602,0.8474,9,907,21-23,-0.5954,-0.8615,0.0826,-0.2562,1.15,15,653,21-23,0.3613131974825966,-0.8560626190376628,-0.0883549999999999,-0.4594818229298191,above,below,below,0.729,-1.088,5.641,-0.359
1641711,Gradey Dick,TOR,G,Bench,22,57,16.603636997965136,7.015478633673812,2.0545327409620917,1.1387979980842444,0.5772261530488323,0.1137334458065358,0.8145753238448386,0.4127494266458849,0.3357398502253702,0.8304858572426719,1.2902057845895476,12.447418392675957,71,0.0225,0.4198,-0.9598,-0.1339,1.15,9,534,21-23,-0.2268,-0.5832,0.3161,0.579,1.15,10,124,21-23,-0.3117210304645267,-0.4220877100512708,-0.089685,-0.5910520932169073,average,below,below,0.05,-0.414,5.636,-0.364
1641715,Cam Whitmore,WAS,F,Rotation,21,40,18.918363160046685,9.122863668995246,3.621872096852544,1.0043359069670346,0.6696089703983903,0.4401591317470387,0.9681965311412516,0.4565453869559578,0.333426943020912,0.7222383123284895,1.7131800485944644,17.336721820963884,65,0.0392,0.3363,-0.2397,-1.0799,0.7743,9,907,21-23,-0.2522,-0.5931,0.0826,1.115,1.1488,12,653,21-23,-0.1849906255232597,-0.3773321787639822,-0.0919299999999999,-0.4690509601809891,average,below,below,0.088,-0.461,5.627,-0.373
203482,Kelly Olynyk,SAS,F,Bench,34,48,13.733917731171951,4.943175265546143,3.006028978527455,1.6997583867440396,0.5221410836770475,0.2401728016464714,0.9070493510826392,0.4875849171083163,0.3381981363185839,0.7603610335774814,1.2689258665952037,12.479939924783066,73,-0.2302,0.1546,-1.0403,-0.4056,1.15,39,249,32+,0.0738,0.3162,-0.1957,-0.6683,1.15,51,36,32+,-0.6972574195287511,0.0774059434074042,-0.0934,-0.4729856823514003,below,average,below,-0.514,0.135,5.621,-0.379
1642268,Isaiah Collier,UTA,G,Rotation,21,60,23.715548813364688,9.66007669488834,2.7919503125577485,4.7817203067805405,0.9214685843440856,0.2821366796735539,2.032437823250984,0.4512958772139833,0.3105884384501833,0.7351981118626371,2.410995495839611,21.76137549893038,61,0.589,1.2699,-0.2397,-2.0536,1.0515,6,907,21-23,-0.9281,-1.6855,0.1139,1.7007,1.15,7,799,21-23,0.7544323145139701,-1.425952835404498,-0.093695,-0.6016429232773758,above,poor,below,1.315,-1.696,5.619,-0.381
1629023,P.J. Washington,DAL,F,Starter,27,60,31.97572371622256,15.116714096877171,6.900342477396677,2.302783401277707,1.0395193092712578,0.8769740740666601,1.81275667798048,0.4573526305472532,0.3448439181962721,0.7365151441019836,3.489347097933499,30.788023643703013,67,-0.0601,-0.143,0.1699,-0.2966,0.75,21,6780,24-27,-0.1436,-0.3797,-0.0596,0.9543,0.9554,15,1588,24-27,-0.3738105685252838,-0.2258457981878701,-0.097675,-0.4844284968265757,below,average,below,-0.134,-0.262,5.604,-0.396
1630256,Jae'Sean Tate,HOU,F,Bench,30,43,11.468348609814443,3.5046792532829576,2.308514898994648,0.6791956796289931,0.3801096940769387,0.1835010653940829,0.4583046227987143,0.4676024390301785,0.3171688066946352,0.6663946350418407,0.6810411420934173,8.526218307134373,68,-0.5093,-0.3845,-1.1459,0.1701,0.9807,18,320,28-31,0.4015,0.2945,0.4973,0.2321,1.15,24,41,28-31,-1.2279688605344403,0.5345153993447151,-0.09944,-0.4891528401128177,below,above,below,-1.137,0.734,5.597,-0.403
200768,Kyle Lowry,PHI,G,Bench,40,33,14.14557767386091,3.51879448441247,1.3987174580335733,1.829033189448441,0.5116042206235012,0.1574564748201438,0.6674510311750599,0.3725564510272157,0.315099887923793,0.7840202422371856,0.7099053237410071,9.280536273381294,82,-0.1953,0.2482,-1.0403,-0.947,1.0096,54,249,32+,0.0153,0.2582,-0.63,0.4734,1.15,36,24,32+,-0.7216207630970363,-0.0755373794537857,-0.10053,-0.6196948742657301,below,average,below,-0.436,0.028,5.592,-0.408
1642363,Nique Clifford,SAC,G,Rotation,24,68,23.24683901644717,8.659676856197162,3.1976535092617997,2.472806381963061,0.8533142405122627,0.285230465490139,1.3902824783273169,0.4263842713022302,0.3453944503426869,0.7599778600765931,1.4883304316003962,18.2314222799358,56,-0.0476,-0.1377,0.0582,0.3186,1.1052,3,1309,24-27,-0.1672,-0.2207,0.0744,-0.3526,1.15,4,913,24-27,-0.4436492731529515,-0.336774204460151,-0.10142,-0.6220454574961084,below,average,below,-0.106,-0.306,5.588,-0.412
1642262,Cody Williams,UTA,F,Rotation,21,63,22.09793644738396,7.657725029453161,3.4345118187539043,1.4898349588303752,0.6557189381295938,0.4518500565454995,1.0271425386643211,0.441810425843451,0.2845571407520704,0.714853050881263,1.5793403637700454,16.309456095564368,47,-0.0464,0.1398,-0.2397,-0.7571,1.0379,6,907,21-23,-0.1743,-0.3702,0.0826,0.458,1.15,10,653,21-23,-0.3477598815250046,-0.2686692961960344,-0.103955,-0.5012380582076521,average,average,below,-0.104,-0.318,5.578,-0.422
1629001,De'Anthony Melton,GSW,G,Rotation,27,44,23.2993546339504,10.438300020620083,3.040213555996618,2.6684509455085568,1.2189503818621514,0.3129797730512492,1.3689170495800491,0.412584569883106,0.3366844989923598,0.8216108220210867,1.983639716389021,21.316106121239013,68,0.121,0.2202,0.0582,-0.2461,0.9091,21,1309,24-27,-0.3809,-0.6252,0.0744,0.2154,1.15,24,913,24-27,-0.1263439704815047,-0.642671790782673,-0.104855,-0.6311176523234672,average,below,below,0.27,-0.696,5.574,-0.426
1641824,Matas Buzelis,CHI,F,Starter,21,75,28.543053872301652,14.92252398917466,5.672405132548207,2.1681359887397678,0.7719841349118,1.0929025118928013,1.8235953111105645,0.4632890989595327,0.3495243734153353,0.7784437294181749,3.269615000228528,28.7526787606454,61,0.0638,0.1607,0.1015,-0.4482,0.75,6,4716,21-23,-0.3136,-0.1977,-0.0213,-1.655,1.0796,7,1237,21-23,-0.1382134795227582,-0.4629791747803108,-0.1060299999999999,-0.5067921728359536,average,below,below,0.142,-0.573,5.569,-0.431
1629639,Tyler Herro,MIA,G,Starter,26,49,33.04228177184082,19.6144787549014,4.65757775321287,4.731600250795763,0.9696209480844248,0.2931735275677068,2.2001790474057903,0.4609146056440412,0.3755767905532247,0.8585347320158512,3.603237135549362,33.88917681450109,75,0.2869,0.8726,0.1699,-2.2707,0.75,21,6780,24-27,-0.5875,-1.0732,-0.0093,-0.255,0.8739,17,2254,24-27,0.1858799305457373,-0.9384061910364542,-0.10658,-0.6356735580227959,average,below,below,0.641,-1.073,5.568,-0.432
1642918,Alijah Martin,TOR,G,Scrub,24,19,5.7222609610392245,1.9446018834941707,0.8220947336919178,0.5915899067159334,0.2463592589784352,0.0873074932467869,0.3293951964684016,0.3466850238361372,0.2478744908659899,0.7492210127574811,0.5227243923085438,4.490105484205637,37,-0.4764,-0.318,-1.5874,0.3726,0.8413,3,190,24-27,0.3454,0.3726,0.3726,0.0,1.0301,0,152,24-27,-1.2506511342770106,0.3969792010097824,-0.10659,-0.6356999690703283,poor,above,below,-1.064,0.631,5.567,-0.433
1631222,Jake LaRavia,LAL,F,Rotation,24,65,22.40539199202006,8.32730673367935,4.0796266700527255,1.6528284348407465,0.9029705748141909,0.4461224945545681,1.1073794900636953,0.4547540327883407,0.3480145476565902,0.7449480961307716,1.977735812446448,18.64200110804632,61,-0.0215,0.0932,0.0582,-0.9539,1.0608,12,1309,24-27,-0.2137,-0.3237,0.1733,-0.4358,1.15,17,714,24-27,-0.300412282524497,-0.3236284434768706,-0.10799,-0.5120384690631685,average,average,below,-0.048,-0.39,5.562,-0.438
1631099,Keegan Murray,SAC,F,Starter,25,51,33.93080900370017,15.311331831296696,6.332553158011633,2.18034786585733,1.015456806874965,1.0240736417939114,1.4502473099572293,0.4486325356824811,0.3287726247874604,0.7847782804282065,2.834458672321799,30.84926145574605,61,-0.1421,-0.2469,0.1699,-0.7142,0.75,12,6780,24-27,-0.0704,-0.7725,-0.0596,4.0204,0.8871,11,1588,24-27,-0.5297343885269553,-0.1237389560315955,-0.109835,-0.5169769468892967,below,average,below,-0.317,-0.129,5.554,-0.446
1630695,Micah Potter,IND,C,Rotation,28,49,19.6327893044636,7.344677437532205,5.323804536976242,1.1216927732412252,0.4661543114603903,0.6477067187096008,0.9421304341634742,0.5207167555509689,0.3887049797436785,0.7443922552041069,1.6294718350654989,17.815234698112032,61,0.1518,0.4924,0.0276,-1.5001,0.8579,9,901,28-31,-0.4305,-0.9407,0.1167,1.5509,1.15,7,212,28-31,-0.1344340175513955,-0.7449662412548458,-0.110235,-0.7508912613365961,average,below,below,0.339,-0.787,5.552,-0.448
1642364,Jamir Watkins,WAS,F,Rotation,24,51,21.2084214803343,8.126932977635402,4.184281163800479,1.354431960606202,0.8529141089375039,0.5025997661396069,0.9354536281720732,0.461042436860915,0.3241519546994667,0.7125079145447173,1.756131622687549,18.310806312164537,62,0.0187,-0.0057,0.0582,0.0957,0.9175,3,1309,24-27,-0.2814,-0.4751,0.1733,-0.116,1.15,4,714,24-27,-0.2239715805236776,-0.418063323449272,-0.1163449999999999,-0.5344021450725462,average,below,below,0.042,-0.514,5.528,-0.472
1630581,Josh Giddey,CHI,G,Starter,23,60,31.31895799383565,16.057599796989678,6.360416757393816,6.516117161053764,1.0897603836099234,0.4668801499020835,2.764390072311368,0.4536061032493016,0.3640776033201257,0.788823685212697,3.5566412186659058,35.36980717566756,62,1.0182,1.6689,0.1015,2.4743,0.75,15,4716,21-23,-1.5055,-2.2941,-0.1079,-1.4851,0.9667,9,1613,21-23,1.5621869758816151,-2.25246320668491,-0.117465,-0.6644219832617481,elite,poor,below,2.274,-2.751,5.523,-0.477
1631097,Bennedict Mathurin,LAC,G,Starter,23,60,30.753428638522507,16.73972984227343,4.725273553365062,3.269246914860416,0.9256604451734254,0.2992234241626091,2.10502370148577,0.444860548038079,0.3465765605297674,0.837848970912185,4.647534816119261,28.88355638512446,63,0.2754,0.5859,0.1015,-0.3901,0.75,12,4716,21-23,-0.6055,-0.8678,-0.1079,-0.7331,0.9667,10,1613,21-23,0.1642369235426433,-0.9641720148726984,-0.121005,-0.6737714940881965,average,below,below,0.615,-1.106,5.509,-0.491
1641738,Kobe Brown,IND,F,Rotation,26,55,16.297939290027617,5.974872993929794,3.2576225450804626,1.13377044509499,0.4751989479421256,0.3055173429403401,0.7735379800082828,0.4676766669421806,0.3488053851075394,0.740867039297894,1.118284548789242,13.153286608307946,47,-0.0089,-0.0334,0.0582,-0.0346,0.8351,9,1309,24-27,-0.2649,-0.2611,0.1733,-1.2565,1.15,15,714,24-27,-0.2764532565242402,-0.3950474368976528,-0.1241,-0.5551598120327768,average,below,below,-0.02,-0.484,5.496,-0.504
1631221,Collin Gillespie,PHX,G,Starter,26,59,26.179128449953108,12.569614373203372,3.523986837781273,4.001028453122226,1.064263623936067,0.2311031481346004,1.5806396459614198,0.438749757613556,0.3877040720579534,0.8247719228522732,2.183256614646395,25.105401928474823,61,0.1662,0.5088,0.1699,-1.5161,0.75,9,6780,24-27,-0.4957,-0.7243,-0.0093,-0.8426,0.9503,12,2254,24-27,-0.0412775429563008,-0.8070004894716084,-0.1316549999999999,-0.7018992597101384,average,below,below,0.371,-0.906,5.465,-0.535
1631133,Jabari Walker,PHI,F,Bench,23,54,13.146208023517316,4.8553440478077246,3.315207398148593,0.6305035374819976,0.4174277280563813,0.2450460047098002,0.5707446192794488,0.4652740486361535,0.3321689763323143,0.7168937940522306,1.2104135143626422,11.196024810828128,65,-0.3859,-0.0737,-0.9598,-0.4772,1.15,12,534,21-23,0.1785,0.3181,-0.1162,-0.008,1.15,23,106,21-23,-0.993322526531925,0.2234522053440427,-0.13192,-0.5760914633066648,below,average,below,-0.862,0.326,5.464,-0.536
1641710,Anthony Black,ORL,G,Starter,22,66,28.71295411293736,13.526679296235391,3.64312413474172,3.821958152100247,1.191703325590176,0.4945447687493036,1.9828553025551947,0.4454011865929203,0.3460096378330802,0.7623181705284441,3.199080758374726,26.70725446653907,55,0.2925,0.7046,0.1015,-0.9338,0.75,9,4716,21-23,-0.6531,-0.8633,-0.1079,-0.9418,1.0134,14,1613,21-23,0.1964191339559395,-1.0323083045729888,-0.13302,-0.705504367698303,average,below,below,0.653,-1.193,5.46,-0.54
1642849,Nolan Traore,BKN,G,Rotation,19,58,21.903003468987237,8.671010548900329,2.3234394095395983,3.091520138725608,0.7748147278890865,0.3380616296004347,1.7849352279339372,0.403562185923653,0.3336165799994932,0.7815076882026089,1.626253513957696,17.650111892970887,65,-0.1108,-0.1235,-0.2397,0.2859,0.9923,3,907,21-23,-0.1622,-0.2742,0.1139,-0.1069,1.15,5,799,21-23,-0.5625917116395198,-0.3296170311723054,-0.13393,-0.7079077730237461,below,average,below,-0.247,-0.296,5.457,-0.543
1626220,Royce O'Neale,PHX,F,Starter,32,75,28.75751258085694,11.78555456257071,5.374415277570097,2.716680063645289,0.98303373885966,0.528945599471,1.391941602749106,0.4457661611442622,0.3928510820470024,0.7753932799762169,1.7466531588725955,25.453869403365637,69,-0.0168,0.018,0.0832,-0.5486,0.75,27,2897,32+,-0.2779,-0.3234,-0.1119,-0.3046,1.0769,33,747,32+,-0.2914751855244012,-0.4131811656958982,-0.134295,-0.5824485824595399,average,below,below,-0.038,-0.508,5.454,-0.546
1628415,Dillon Brooks,PHX,G,Starter,30,62,31.86652420524551,16.740104188772776,3.707238016088741,2.933381574238787,1.0304854870466955,0.219225715118249,1.6772928573341477,0.4380556934487036,0.36582577603993,0.833843437968938,3.0554526615013224,27.66070291859813,67,0.1219,0.2229,0.173,-0.2569,0.75,27,4542,28-31,-0.4551,-0.6816,-0.0817,-0.3626,0.9689,19,1495,28-31,-0.1246501699334365,-0.748884242374302,-0.1377499999999999,-0.7179967931810998,average,below,below,0.272,-0.832,5.44,-0.56
1628997,Caleb Martin,DAL,F,Bench,30,49,17.36788893882789,5.281744874078916,3.017192942699223,1.2918246185501134,0.6218205974260027,0.3333441700213902,0.7786935573724632,0.4357127019503922,0.3434286488473881,0.6542199326098658,1.25832174191282,12.92691407811287,66,-0.5355,-0.2453,-1.1459,-0.1968,1.15,21,320,28-31,0.346,0.2831,0.4973,-0.182,1.15,24,41,28-31,-1.2777884225349745,0.4570983263983594,-0.138825,-0.594573950780603,poor,above,below,-1.196,0.632,5.436,-0.564
1641707,Taylor Hendricks,MEM,F,Rotation,22,47,20.55727451583093,7.890533777496116,4.241237054345607,1.064284988187593,0.7376819789241525,0.5681053107698496,0.8995084942973116,0.4610378218577027,0.3514238858371329,0.7181872641770704,1.4241111524995251,17.59429909977693,56,-0.2118,-0.2552,-0.2397,-0.176,0.8704,6,907,21-23,-0.051,-0.227,0.0826,0.6706,1.15,10,653,21-23,-0.662269635528376,-0.0966778530557523,-0.13944,-0.5962201100559791,below,average,below,-0.473,-0.093,5.434,-0.566
1631093,Jaden Ivey,CHI,G,Rotation,24,43,22.84889422388605,10.835334958787712,2.9436837275410976,2.715374307526464,0.7670177859558991,0.3345952236498973,1.6289081102254894,0.4420206939538923,0.3699742239301574,0.7652103629593023,2.170443219105098,20.116747811718625,74,0.0717,0.2393,0.0582,-0.8961,0.8903,12,1309,24-27,-0.4006,-0.4981,0.0744,-0.718,1.15,13,913,24-27,-0.219126600503464,-0.6708710535367848,-0.140835,-0.7261446013448267,average,below,below,0.16,-0.732,5.428,-0.572
203648,Thanasis Antetokounmpo,MIL,F,Scrub,33,42,5.174487496012759,1.3989774003189792,0.9306984848484848,0.4812258692185008,0.2512065709728867,0.1498341467304625,0.3542801913875598,0.430751322208094,0.2455437343778382,0.5712014741959907,0.514522615629984,4.086496347687399,64,-0.323,0.1934,-2.0878,1.1499,1.1483,18,67,32+,0.0814,0.2346,-0.1957,-0.1127,1.15,33,36,32+,-0.8737175475306428,0.0880072002433015,-0.14102,-0.600449267218734,below,average,below,-0.721,0.149,5.428,-0.572
1642885,Mohamed Diawara,NYK,F,Bench,20,60,10.43842551492537,3.894365983641847,1.9387044836327216,0.7030441906460432,0.3107031548293683,0.2285711626094209,0.5089104764778953,0.4433106069370238,0.3510799321928584,0.6988466240297461,0.6800891526414878,8.38429012580865,61,-0.1876,0.0857,-0.9598,0.2112,1.15,3,534,21-23,-0.0845,0.1084,-0.1162,-1.036,1.15,6,106,21-23,-0.6162530935278828,-0.1434070772666156,-0.141205,-0.6009444533422211,below,average,below,-0.419,-0.154,5.427,-0.573
1642938,Curtis Jones,DEN,G,Bench,24,19,11.211017083821323,4.077162578823708,1.4144214318593746,1.2350987744502713,0.4656789435496712,0.0948063866406599,0.5709335101106594,0.4059391734547496,0.3323479178319342,0.7444106628575103,0.6888608045546181,8.737638939190697,54,-0.5422,-0.8032,-0.8032,0.0,0.75,0,637,24-27,0.3454,0.3726,0.3726,0.0,1.0301,0,152,24-27,-1.3744867743468872,0.3969792010097824,-0.14278,-0.7312815500898671,poor,above,below,-1.211,0.631,5.42,-0.58
1630644,Mac McClung,CHI,G,Bench,27,18,12.316214310522945,4.404462351238182,1.1642213584608874,1.155388406388722,0.52969408836558,0.1525642017458774,0.5298906477905536,0.3989374178957867,0.3123219023825681,0.7693825920918247,0.9397730829324672,9.051494813518149,66,-0.5422,-0.8032,-0.8032,0.0,0.75,0,637,24-27,0.3361,0.3726,0.3726,0.0,1.0022,0,152,24-27,-1.3744867743468872,0.3836668586943895,-0.146965,-0.7423345734821513,poor,above,below,-1.211,0.614,5.403,-0.597
1631094,Paolo Banchero,ORL,F,Starter,23,66,34.1289698528932,20.817870288534216,7.381717024160158,4.213704572340421,0.9023717571361464,0.6775189255301883,2.6517044320264547,0.461537800267266,0.3272261338385096,0.7555711132729582,6.491624941949186,38.08445519200959,68,0.3869,1.0081,0.1015,-1.6477,0.75,12,4716,21-23,-0.8004,-1.2369,-0.0213,-0.4387,1.01,8,1237,21-23,0.4761644014838277,-1.1420175731638411,-0.1473849999999999,-0.6174863465484395,above,below,below,0.864,-1.462,5.402,-0.598
1631121,Bryce McGowens,NOP,G,Rotation,23,44,17.68773485963214,7.007285053757192,2.045293561606254,1.6602162844707005,0.5953521352163018,0.183261004048867,0.8034424547542252,0.4435261479219685,0.3598759369407981,0.7839038324025112,1.622769997777283,13.484358717432029,49,0.1584,0.7692,-0.2397,-2.3639,0.7781,9,907,21-23,-0.5256,-0.7917,0.1139,-0.1615,1.15,17,799,21-23,-0.0559571477062253,-0.8498003857329253,-0.1493999999999999,-0.7487656635562759,average,below,below,0.354,-0.96,5.394,-0.606
1626162,Kelly Oubre Jr.,PHI,F,Starter,30,57,32.3605234884446,15.096692092653672,5.788850590351712,2.1163718848431468,1.2316001897985962,0.5560606768005429,1.542257054937651,0.4636288184136742,0.3421417505641287,0.7673641284883601,3.3294574840857365,29.03859617320021,64,0.1886,0.2206,0.173,0.6483,0.75,33,4542,28-31,-0.5633,-0.8584,-0.0316,-0.8102,0.9303,34,1195,28-31,0.0990949684797856,-0.811286257928149,-0.149755,-0.6238300822925719,average,below,below,0.421,-1.029,5.392,-0.608
1641774,Tristan Vukcevic,WAS,F,Bench,23,38,12.790092164880376,6.519936777750683,2.8479002511273928,0.8942397607736045,0.3948830416528935,0.4983846807029412,0.8812071611938358,0.4681612492220521,0.3335997124290084,0.7541811552764041,1.5639887987243224,13.07737272613763,62,0.1053,0.5584,-0.9598,-0.1742,0.9972,6,534,21-23,-0.4646,-0.4785,-0.1162,-0.82,1.15,9,106,21-23,-0.0593008145219123,-0.6736094092830083,-0.1511549999999999,-0.6275774367405824,average,below,below,0.235,-0.849,5.386,-0.614
1641712,Rayan Rupert,MEM,G,Rotation,21,59,17.3118157330552,6.201400257284721,2.507558031553266,1.584020739375681,0.6668444337659079,0.1778705742374938,0.9809190216331805,0.4100761543275723,0.3375126275863805,0.7804791932785634,1.1584837071124523,13.139727006589188,31,-0.3351,-0.4495,-0.2397,-0.2346,0.8922,9,907,21-23,0.0713,0.0027,0.1139,0.2623,1.15,17,799,21-23,-0.9847244482303,0.0046229613700852,-0.15222,-0.756213578960396,below,average,below,-0.748,0.13,5.382,-0.618
1642377,Jaylen Wells,MEM,F,Rotation,22,66,23.96926899213364,10.236687618586014,3.7766710764180687,1.4664049285411236,0.7209632405473388,0.3031434058657436,1.0095672690811108,0.4421310250316486,0.3497420194911232,0.7654167267547619,2.035912826228448,19.03105297325752,71,0.0598,0.2381,-0.2397,-0.4076,1.1067,6,907,21-23,-0.4156,-0.5073,0.0826,-0.8179,1.15,9,653,21-23,-0.1458195195228398,-0.6052592007357753,-0.15413,-0.6355405649426052,average,below,below,0.134,-0.759,5.375,-0.625
1631106,Tari Eason,HOU,F,Rotation,24,55,23.122583001915697,9.679653103917367,5.483522111313805,1.3626498399244351,1.0636416766650507,0.5935954115157399,1.1128906878463711,0.454882007986209,0.3519104566018964,0.7302673823881203,1.5977961158160894,22.162674974076584,72,-0.1836,-0.1867,0.0582,-0.7765,0.9954,12,1309,24-27,-0.1186,-0.1783,0.1733,-0.4811,1.15,11,714,24-27,-0.6086470535278012,-0.1909732428066287,-0.15435,-0.6361294349272926,below,average,below,-0.41,-0.217,5.373,-0.627
1641763,Julian Phillips,MIN,F,Bench,22,48,10.908057736514076,3.625748513718233,1.8133259529870245,0.4453777765852506,0.38911726200624,0.251435173606579,0.4046144480388969,0.4458023148034253,0.3168137782978277,0.7215138119018836,0.7887871388241138,7.986849180980098,66,-0.5469,-0.4006,-0.9598,-0.2902,1.0332,9,534,21-23,0.3253,0.5217,-0.1162,0.0472,1.15,14,106,21-23,-1.2994656365352069,0.4282238505426916,-0.15441,-0.6362900358322073,poor,above,below,-1.221,0.594,5.373,-0.627
1629611,Terance Mann,BKN,G,Rotation,29,62,22.873610326257428,8.071192362631802,2.8994602858727667,2.415749814052301,0.7106405631396374,0.2136555636210919,1.0111825054591734,0.4599149611144165,0.3629671296930061,0.7901894899044657,1.3655734965351358,16.935875301580587,69,-0.032,0.091,0.0276,-0.968,1.04,21,901,28-31,-0.3077,-0.533,0.1577,0.0497,1.15,32,441,28-31,-0.4142900636531023,-0.5378907738486131,-0.156065,-0.7663686267365807,below,below,below,-0.071,-0.562,5.367,-0.633
1630168,Onyeka Okongwu,ATL,F,Starter,25,70,30.828030559820675,15.19195799597532,7.433098100601377,2.696220046919277,0.990596544727359,0.9219197392839652,1.668649258051448,0.4954370834665082,0.3589533637897745,0.7718794905659571,3.383979673750842,32.22490538105841,67,0.5514,0.8337,0.1699,1.5088,0.75,18,6780,24-27,-1.0238,-1.357,-0.0596,-1.6069,1.0313,21,1588,24-27,0.7889627964871809,-1.4536387280506136,-0.1574399999999999,-0.6444003815304016,above,poor,below,1.231,-1.871,5.36,-0.64
1642962,Drake Powell,BKN,G,Rotation,20,62,21.317171983585137,7.740148421116226,2.334190644696044,2.070418238515864,0.7000535030609907,0.249146242464086,1.1705928737494835,0.4180626804053639,0.3160333961108006,0.8169599577753669,1.5041780453238265,15.323810915351022,69,-0.3294,-0.422,-0.2397,0.085,1.0113,3,907,21-23,0.0459,0.0625,0.1139,-0.3174,1.15,6,799,21-23,-0.9739970447592012,-0.0317354789321704,-0.160515,-0.778121542888472,below,average,below,-0.736,0.084,5.348,-0.652
1631260,AJ Green,MIL,G,Starter,26,71,27.61938518963049,11.922707793638423,3.080282978328583,2.908154782847701,0.7661161309963144,0.1910266749609661,1.319002084110072,0.4384067572237349,0.3998033006012957,0.8250428653368382,1.9093091332415464,21.533705875666048,60,-0.0932,-0.1083,0.1699,-0.9633,0.75,12,6780,24-27,-0.2538,-0.3036,-0.0093,-0.5872,1.0418,19,2254,24-27,-0.5294685009217415,-0.4607364458056373,-0.16547,-0.7912082169407466,below,below,below,-0.208,-0.464,5.328,-0.672
1629631,De'Andre Hunter,SAC,F,Rotation,28,52,24.91430000750054,12.411476006815406,4.162670935202457,1.578848396539512,0.671967007821222,0.2930729705221064,1.2948636323284937,0.4498339543280142,0.3562569555256908,0.8267709852349592,2.774113497537843,21.37521002656912,69,0.0839,0.1644,0.0276,-0.3018,1.0047,21,901,28-31,-0.4787,-0.5126,0.0602,-1.267,1.15,17,343,28-31,-0.0999931285223485,-0.6932775305180283,-0.16927,-0.6760655266160918,average,below,below,0.187,-0.875,5.312,-0.688
1628404,Josh Hart,NYK,G,Starter,31,67,32.933085719639,13.549768099264874,6.501904000332423,4.929973401097112,1.2009288335789456,0.2922809407961561,1.9572092869704012,0.4730712056275769,0.3703305385657817,0.79294074523874,2.566402922595681,31.26943303746436,68,0.2544,0.847,0.173,-2.5458,0.75,27,4542,28-31,-0.6893,-1.0249,-0.0817,-0.4525,1.0067,25,1495,28-31,0.1247149107543849,-1.084126239176991,-0.170265,-0.8038723142325037,average,below,below,0.568,-1.259,5.309,-0.691
1629723,John Konchar,UTA,G,Rotation,30,55,19.71896755964002,5.802406062600568,3.499065170928544,2.101601745180535,0.9926776321070534,0.4477509487959019,0.8290548241025398,0.4406965076058111,0.3433339507190719,0.7949681771936999,0.952050556166717,16.64591780409195,48,0.0472,0.364,0.0276,-1.9158,0.9094,21,901,28-31,-0.4492,-0.4112,0.1577,-1.9117,1.15,31,441,28-31,-0.2652356154230989,-0.7404387778946441,-0.1761799999999999,-0.8194944488478825,average,below,below,0.105,-0.821,5.284,-0.716
1642846,Ace Bailey,UTA,F,Rotation,19,68,24.42132015131126,11.110460498518966,4.209705292282566,1.5496673756331532,0.7512370439649002,0.6158144749309259,1.292833609211984,0.4486383218395819,0.3408784792607293,0.7285367843142324,1.600349760180689,21.29492886018327,62,-0.0676,-0.0257,-0.2397,0.17,1.1337,3,907,21-23,-0.3209,-0.6236,0.0826,0.7031,1.15,2,653,21-23,-0.3880718935254367,-0.4731619609516333,-0.181585,-0.7090288623498424,below,below,below,-0.151,-0.586,5.263,-0.737
1630322,Lindy Waters III,SAS,F,Scrub,28,31,8.187022371524396,2.6802086422157307,1.1538164740884995,0.5118976511954992,0.2231079941577409,0.100244405496051,0.231367323379855,0.3898708766253221,0.3482171185161278,0.6428886810143493,0.2174045883371199,5.5713247634967,70,-0.7075,-0.293,-1.8203,0.3034,1.15,15,59,28-31,0.4601,0.4264,0.4973,-0.0493,1.15,23,41,28-31,-1.6048481425384804,0.6162566691583448,-0.18208,-0.7103538198153893,poor,above,below,-1.58,0.841,5.261,-0.739
1642277,Johnny Furphy,IND,G,Rotation,21,44,17.80419419218359,6.428207953268978,2.962151644378209,1.6565796952332867,0.6410332679640294,0.2419937643427213,0.943478056064388,0.4362357742395198,0.3402793538318275,0.72053801440528,1.2614666136217658,14.173262510228623,59,-0.1302,-0.1577,-0.2397,-0.0427,0.7808,6,907,21-23,-0.2485,-0.56,0.1139,0.8569,1.15,10,799,21-23,-0.599102523453435,-0.4531498421205208,-0.183435,-0.8386556638325954,below,below,below,-0.291,-0.454,5.255,-0.745
1642862,Liam McNeeley,CHA,F,Bench,20,36,11.445250245614986,4.188593887214815,2.361059314208061,0.698677403111789,0.3012269026934067,0.2646606956977212,0.5124262082980726,0.4428262925941949,0.3580123486556115,0.7422502871822159,1.041351176696014,9.255117755807484,68,0.0062,0.2977,-0.9598,0.5317,0.9157,3,534,21-23,-0.4158,-0.231,-0.1162,-1.8812,1.15,5,106,21-23,-0.2477404555239323,-0.6055381811788253,-0.1837,-0.7146900442480872,average,below,below,0.014,-0.76,5.254,-0.746
1631102,TyTy Washington Jr.,LAC,G,Scrub,24,14,5.78448020988798,1.776785591737546,0.6964565145014143,0.7461490788490102,0.2496182187031252,0.0713233546679058,0.2828115208450739,0.3611450298839016,0.2730599846218793,0.6911099381090436,0.3117831303779223,4.411770226680778,58,-0.2021,0.5612,-1.5874,-2.3635,0.7528,9,190,24-27,-0.1652,-0.4978,0.3726,0.0135,0.8906,6,152,24-27,-0.7344183672379961,-0.3339113351450127,-0.185495,-0.8440963396242575,below,average,below,-0.451,-0.302,5.247,-0.753
1641810,Antonio Reeves,CHA,G,Scrub,25,14,7.41389396877457,2.911790053120089,0.9007655442344474,0.5591596452254879,0.2278038667164914,0.0509940852019242,0.3262491835566034,0.428064223304497,0.3831463911547059,0.7440532783533221,0.3578138083272091,5.341592846238302,70,-0.2959,0.0976,-1.5874,0.0129,0.8909,3,190,24-27,-0.0547,-0.2355,0.3726,-0.319,0.8906,4,152,24-27,-0.910950024358884,-0.1757378054836244,-0.18736,-0.8490219999890389,below,average,below,-0.661,-0.1,5.239,-0.761
1626145,Tyus Jones,DEN,G,Bench,29,55,17.74697677330748,5.743287500713317,1.6264087720893312,3.1381417910335214,0.6214154981918169,0.1062218092047776,0.677557756769333,0.4232101609439035,0.3668227753852319,0.80874331221669,0.505844293881385,13.907544879191246,78,0.2439,0.4886,-1.1459,1.8096,1.15,33,320,28-31,-0.7268,-1.0482,0.2006,-0.6321,1.15,55,41,28-31,0.1049539043602556,-1.1378050388358332,-0.192915,-0.8636933368932538,average,below,below,0.545,-1.328,5.217,-0.783
1630172,Patrick Williams,CHI,F,Rotation,24,63,22.31851488038804,8.235980413682368,3.789620196866996,1.4739662875053905,0.7130420546362176,0.4934632021188676,1.116637464412089,0.4251604688603794,0.3551233317843987,0.7289449433638596,1.485487035106111,17.497352387034013,65,-0.3401,-0.7513,0.0582,1.4747,1.0423,18,1309,24-27,-0.0177,-0.0936,0.1733,-0.1127,1.15,20,714,24-27,-0.9062333685309912,-0.0502276092879389,-0.19502,-0.7449900816420019,below,average,below,-0.76,-0.032,5.208,-0.792
1630533,Ziaire Williams,BKN,F,Rotation,24,56,22.19996708792497,9.17902272305512,3.7392040851821937,1.2528463875028235,0.9222275246430978,0.41958287107025,1.069468054543612,0.4361389967915584,0.3389049543042967,0.7926238877591745,2.0138338381498078,18.501300339124416,68,0.1903,0.1563,0.0582,0.7763,0.9819,15,1309,24-27,-0.6679,-1.1391,0.1733,0.5069,1.15,16,714,24-27,0.1023275354798202,-0.9571930296432626,-0.19589,-0.7473187947632656,average,below,below,0.425,-1.22,5.205,-0.795
1629661,Cameron Johnson,DEN,F,Starter,30,59,31.18401011089474,14.961448316029596,5.025901196765776,2.765889048235723,0.9043408712194516,0.4664911351565701,1.429435572559171,0.4689157805479248,0.3939432708726961,0.8182349603034089,3.0593447724748994,27.824423771071007,69,0.1592,0.7232,0.173,-3.0111,0.75,21,4542,28-31,-0.6304,-0.9056,-0.0316,-1.1401,0.9453,22,1195,28-31,0.0431905744791863,-0.9048841965714004,-0.1961199999999999,-0.7479344315654386,average,below,below,0.356,-1.152,5.204,-0.796
1629060,Rui Hachimura,LAL,F,Starter,28,67,30.756301045544543,14.177140580382316,5.134123277773504,1.7978167832215202,0.8009296511201609,0.4642272730113502,1.1986731427021715,0.4956508901636243,0.4045499426456682,0.7638677211263434,2.569805004187006,25.63161131823516,69,-0.0575,0.0864,0.173,-1.7604,0.75,21,4542,28-31,-0.368,-0.7196,-0.0316,0.7534,1.0057,21,1195,28-31,-0.3688666425252308,-0.5388618552898918,-0.197225,-0.7508921648976187,below,below,below,-0.128,-0.672,5.2,-0.8
1631126,Caleb Love,POR,G,Rotation,24,51,21.261650743934176,9.41719313667261,2.56457502649656,2.545643675963518,0.7068359775448505,0.1893036689900652,1.2616880787494005,0.4128852490582982,0.3352128670803589,0.7731022206442063,1.3986267463010933,17.739879543269108,56,0.1083,0.1296,0.0582,0.1912,0.9188,3,1309,24-27,-0.5718,-0.7946,0.0744,-0.4271,1.15,6,913,24-27,-0.1502453782153563,-0.9159326669126188,-0.1977449999999999,-0.876449872851374,average,below,below,0.242,-1.045,5.197,-0.803
1642269,Devin Carter,SAC,G,Rotation,24,44,18.773094667553163,7.864831289491667,2.758155193896303,2.317247301970177,0.7897412536047339,0.2231909616272808,1.1602586062896574,0.4218293189570812,0.3212834524574213,0.7335703210790462,1.804926127916116,16.52902651452888,45,0.226,0.4329,0.0582,-0.1439,0.8028,6,1309,24-27,-0.7181,-1.055,0.0744,-0.1371,1.15,11,913,24-27,0.0712660934597876,-1.125351557314982,-0.198845,-0.8793550880799313,average,below,below,0.505,-1.312,5.193,-0.807
1642879,Ben Saraf,BKN,G,Rotation,20,50,21.309598458285965,8.315768789229212,2.5240532489810112,2.848022245041035,0.8261616816887063,0.2386096609526459,1.6823864271389342,0.4171155724651127,0.3062205309889741,0.7982362320091381,1.8255464239882768,17.128593656353104,63,-0.0761,-0.0774,-0.2397,0.2681,0.9127,3,907,21-23,-0.3529,-0.5146,0.1139,-0.3231,1.15,4,799,21-23,-0.4972862905084452,-0.6025916203707374,-0.20066,-0.8841486932070511,below,below,below,-0.17,-0.645,5.185,-0.815
1631247,Luke Travers,CLE,F,Bench,24,21,10.510410029668725,3.498946606084794,2.2181772849309294,0.6829096278562206,0.3717067940568838,0.3108369537446164,0.5066082157466336,0.4130227466313282,0.2515777969925221,0.7619243844495751,0.8344817984337718,8.726146817444107,68,-0.5422,-0.8032,-0.8032,0.0,0.75,0,637,24-27,0.2166,0.2252,0.2252,0.0,1.0685,0,98,24-27,-1.290528539535111,0.2765979797450544,-0.20074,-0.7603007012438739,poor,average,below,-1.211,0.396,5.185,-0.815
1631132,Christian Koloko,ATL,C,Bench,25,32,11.79082224032083,3.314355866262977,3.0287850985218543,0.5324088625789116,0.326612333693638,0.6282110450311562,0.5900301754192053,0.4987875795970886,0.2065881164113558,0.6531045031145619,0.8133918185250867,10.021951239112749,61,-0.5138,-0.588,-0.8032,-0.0699,0.8709,9,637,24-27,0.1794,0.204,0.1835,-0.2144,1.15,16,34,24-27,-1.3222670106579308,0.1700503659352839,-0.20186,-1.010632490385883,poor,average,below,-1.147,0.328,5.181,-0.819
1630703,Scoot Henderson,POR,G,Rotation,22,45,23.95605320185785,11.458348782241645,2.752343324844021,3.584527195396788,0.8457755135212618,0.2481068103796635,2.067070554732183,0.4173671138139189,0.349721713818589,0.8040913494938474,2.558831332757376,21.352527982120243,75,0.1769,0.4312,-0.2397,-0.3094,0.9341,9,907,21-23,-0.6734,-0.6145,0.1139,-2.5101,1.15,6,799,21-23,-0.0211401364403786,-1.061366428121642,-0.205735,-0.8975522998297137,average,below,below,0.395,-1.23,5.165,-0.835
1629216,Gabe Vincent,ATL,G,Rotation,29,53,19.97784392582501,6.437288613033483,1.6858134882826328,1.9338910070524364,0.7089739513091315,0.131326630755656,0.8011578875427935,0.3997004212391719,0.3326650988640751,0.8070065802939574,0.8917074812245949,13.080845168202863,71,-0.2511,-0.4678,0.0276,0.1779,0.8989,15,901,28-31,-0.1646,-0.2252,0.1577,-0.5535,1.15,24,441,28-31,-0.8266363970772659,-0.3330524743504712,-0.212175,-0.9145610144405408,below,average,below,-0.561,-0.301,5.138,-0.862
201942,DeMar DeRozan,SAC,G,Starter,36,74,33.29808615192888,18.3595039961408,3.5789808945236987,4.958701918263103,1.0265756488396751,0.3353624402189288,1.6446916042847677,0.4752012498443031,0.3589749563016772,0.8600168324046925,4.884687916134991,32.533456609854944,65,0.2389,0.5982,0.0832,-0.9112,0.75,51,2897,32+,-0.7661,-1.171,0.0155,-0.1324,1.0772,47,933,32+,0.0955439013154321,-1.1940604208783,-0.21335,-0.9176643125255908,average,below,below,0.534,-1.4,5.134,-0.866
203552,Seth Curry,GSW,G,Bench,35,36,13.466777342482215,5.369531139603993,1.3567964883635513,1.142343676583525,0.4029452596080003,0.0727060102173695,0.456597130121206,0.441136067218483,0.4172001142904043,0.8728285341486162,0.7658819099135197,9.681559119870446,68,-0.276,0.0362,-1.0403,-0.3466,1.0179,27,249,32+,-0.1388,0.0939,-0.63,0.1196,1.15,46,24,32+,-0.8734982122404867,-0.2961214601851878,-0.21426,-0.9200677178510336,below,average,below,-0.616,-0.254,5.13,-0.87
1643007,Taelon Peter,IND,G,Bench,24,37,12.13932756929156,4.333979105882465,1.4850328213684807,1.2073069110779853,0.5448136399815813,0.1082254750388257,0.6729041288775672,0.395592091961582,0.3295066242828761,0.723358469958894,0.6560578571701239,9.213192074325274,55,-0.4026,-0.374,-0.8032,0.1725,0.9436,3,637,24-27,0.0101,-0.3724,0.3726,1.2045,1.15,5,152,24-27,-1.1117594893354166,-0.0829808396731451,-0.216885,-0.927000617828273,below,average,below,-0.899,0.018,5.119,-0.881
1629018,Gary Trent Jr.,MIL,G,Rotation,27,64,23.14466550382468,9.619949981075514,2.047035314167732,1.7944372584199582,0.7818091103828164,0.1164760456776864,0.8406158915112726,0.4176397079260751,0.3791919198470878,0.8016251707324221,1.2662290817956792,16.622287822376965,62,-0.1387,-0.2452,0.0582,0.1522,1.0699,24,1309,24-27,-0.313,-0.4845,0.0744,-0.0376,1.15,33,913,24-27,-0.6150995286296348,-0.5454773775337294,-0.217135,-0.9276608940165816,below,below,below,-0.31,-0.572,5.118,-0.882
1642939,Miles Kelly,DAL,G,Bench,23,20,11.160693815175009,3.988301116390798,1.5140848157926268,1.1701603259492792,0.4352737828856191,0.1028720070957543,0.5927745967040063,0.3979276535527392,0.325689233990932,0.7624744214999533,0.6425041401231915,8.582106157505983,62,-0.6479,-0.9598,-0.9598,0.0,0.75,0,534,21-23,0.2968,0.3161,0.3161,0.0,1.0434,0,124,21-23,-1.573414238714455,0.3274114766519229,-0.222785,-0.9425831358723537,poor,average,below,-1.447,0.542,5.095,-0.905
1630165,Killian Hayes,SAC,G,Rotation,24,32,20.958933582471264,7.504640373503035,2.631813275314862,3.2447110799423307,0.8453239500402645,0.2735257234177792,1.2367958295619843,0.3993829164097803,0.3253919558342591,0.8001867783848198,1.4518765798835336,17.649636114606512,64,0.0245,-0.1163,0.0582,0.9342,0.7554,15,1309,24-27,-0.5269,-0.6222,0.0744,-1.8208,0.9885,15,913,24-27,-0.3079570292465973,-0.8516612507877652,-0.22363,-0.9448148693888362,average,below,below,0.055,-0.963,5.092,-0.908
1642869,Noah Penda,ORL,G,Bench,21,52,12.206410120225264,4.091664790514409,2.195740136265134,1.2044304375537995,0.4751541865822972,0.1975483074914277,0.6725291280655112,0.4011210959712959,0.3246692570987426,0.7228365000388817,0.788890400171145,9.878776964518934,54,-0.4725,-0.2742,-0.9598,0.0227,1.1361,3,534,21-23,0.0786,-0.019,0.3161,-0.1504,1.15,5,124,21-23,-1.2433113319020483,0.0150724343703398,-0.224505,-0.947125836047916,below,average,below,-1.055,0.144,5.089,-0.911
1641716,Jarace Walker,IND,F,Rotation,22,65,20.36109675016185,8.39806726152732,4.112518069123732,1.647239587064035,0.7047561689865078,0.4238280594566873,1.2071830120457174,0.4439658351809556,0.3699735884427385,0.7302668899410709,1.678999667276745,17.982517998355718,60,-0.0711,-0.0127,-0.2397,-0.0198,1.0134,9,907,21-23,-0.436,-0.5767,0.0826,-0.5793,1.15,15,653,21-23,-0.3947271785255081,-0.6337152059268683,-0.235305,-0.8528202058835084,below,below,below,-0.159,-0.797,5.044,-0.956
202695,Kawhi Leonard,LAC,F,Starter,34,62,32.59192129122462,21.393575109529014,6.396795410750962,3.3692949699758525,1.4691540032457688,0.5425420364219515,1.9561026922704337,0.4963241648775692,0.3899310823416926,0.8453996634461473,4.613178042482864,38.20265748412668,74,0.645,1.3692,0.0832,-0.5086,0.75,39,2897,32+,-1.335,-2.1211,-0.1119,-0.6038,0.9769,36,747,32+,0.9669441324890888,-1.887732297436305,-0.2459999999999999,-0.8814473171845608,above,poor,below,1.44,-2.439,5.001,-0.999
201567,Kevin Love,UTA,F,Rotation,37,47,17.49446431064486,6.79615377177856,4.607883809569066,1.5420135820833296,0.502143672247913,0.2694778296487213,0.8429103520106473,0.4155995869826457,0.3646705125683773,0.7877795733940678,1.3410035603242876,16.110588870065687,69,0.1364,0.3995,-0.0177,-0.8858,0.8182,54,610,32+,-0.7162,-1.0062,0.0742,-0.413,1.15,42,283,32+,-0.0001638535212784,-1.0245668066398206,-0.2472699999999999,-0.8848467030052564,average,below,below,0.305,-1.309,4.996,-1.004
1630592,Jalen Wilson,BKN,F,Rotation,25,56,19.869865732904856,7.545925571938632,3.393889964940932,1.2420377752487664,0.5135755605705214,0.2503842645829499,0.8470115783242232,0.432459602592193,0.34552277048167,0.7458711513278828,1.7586970121220316,14.926518089877092,63,-0.1492,-0.2377,0.0582,-0.2098,0.9272,9,1309,24-27,-0.3678,-0.6551,0.1733,0.2123,1.15,16,714,24-27,-0.5432351095271001,-0.538582874846842,-0.24757,-0.8856497075298301,below,below,below,-0.333,-0.672,4.995,-1.005
1630611,Gui Santos,GSW,F,Rotation,23,58,18.305831128692542,7.210418145867941,3.728919574247561,1.514440894503644,0.6375427545773844,0.3548455471957822,1.0206873358784925,0.4781128470204902,0.3466610413224548,0.7284562679084874,1.4627106272881862,15.913260546161489,45,0.1375,0.4587,-0.2397,-0.8674,0.9075,9,907,21-23,-0.7364,-1.109,0.0826,0.0028,1.15,16,653,21-23,0.001927807478744,-1.0527438313878636,-0.255755,-0.9075583476419496,average,below,below,0.307,-1.346,4.961,-1.039
1642348,Justin Edwards,PHI,F,Rotation,22,59,20.42149212997027,8.061747624284006,3.278462444933009,1.32471111813996,0.808021525294572,0.3850899801117544,0.9032587935173544,0.4585523731168278,0.3578887854061183,0.7355883498031174,1.2994311551668072,16.65904495811518,55,0.039,0.223,-0.2397,-0.4463,0.9656,6,907,21-23,-0.6191,-0.9738,0.0826,0.2118,1.15,8,653,21-23,-0.1853709275232637,-0.8891218015390795,-0.2571449999999999,-0.9112789352724744,average,below,below,0.087,-1.131,4.956,-1.044
1642259,Alex Sarr,WAS,C,Rotation,20,52,24.41504117582747,11.91101213179248,6.696360847902952,1.916991765776992,0.6647215716541264,1.4447895420062364,1.456032670582739,0.4778203758541836,0.32058489719772,0.6794186475390416,2.523280655285981,27.69463346833986,65,0.2099,0.5596,-0.2397,-0.9435,1.0023,6,907,21-23,-0.8285,-0.9439,0.0268,-1.621,1.15,4,157,21-23,-0.0307484753346141,-1.3420749634415512,-0.25738,-1.1680222097508643,average,poor,below,0.469,-1.514,4.955,-1.045
1641739,Toumani Camara,POR,F,Starter,25,76,32.24908311569481,13.925702880034486,5.904102526472404,2.46552205836083,1.1571608271999718,0.6059906403890372,1.7509985694724373,0.4566989553941492,0.3635219592109789,0.7585128848462047,2.728528771783194,28.247364832637206,68,0.0127,-0.0307,0.1699,-0.0563,0.75,9,6780,24-27,-0.5987,-1.0687,-0.0596,1.0313,1.0768,8,1588,24-27,-0.2353806405237999,-0.8606657963479867,-0.26243,-0.9254251983137144,average,below,below,0.028,-1.094,4.934,-1.066
203501,Tim Hardaway Jr.,DEN,G,Rotation,34,72,24.707018002319,10.825763727352705,2.518284771535777,1.925197498245374,0.6072183143245107,0.1369124148796081,0.8205217384281667,0.4239752080749459,0.379451060270577,0.820649011742417,1.864440561402377,18.147372149747884,71,0.2039,0.306,-0.0177,-0.1712,1.15,39,610,32+,-0.8343,-1.1626,-0.0463,-0.1405,1.15,48,315,32+,0.029673880001668,-1.2916842645245143,-0.26329,-1.049561083902097,average,poor,below,0.455,-1.524,4.931,-1.069
1629008,Michael Porter Jr.,BKN,F,Starter,27,62,32.89805892947169,19.280630709111342,6.942883492362945,2.6064576133083928,0.921141820334096,0.5087657355338646,1.862512762079573,0.4745666024262434,0.3721589587720225,0.8104236187424326,3.5712736928542954,33.94898722543377,65,0.7822,1.2745,0.1699,1.7201,0.75,18,6780,24-27,-1.5489,-2.1935,-0.0596,-2.6196,0.9706,16,1588,24-27,1.2278313044918856,-2.1861018812782054,-0.2667949999999999,-0.937108914146262,above,poor,below,1.747,-2.83,4.917,-1.083
1642265,Rob Dillingham,CHI,G,Bench,21,54,12.414474718733372,4.91129384121898,1.5211809040882125,1.6834428170718674,0.5187268602251082,0.0873511831323579,1.019845970148575,0.4049056872450585,0.323428249635381,0.7271602052157463,0.693783154730159,10.060263311656458,59,-0.5255,-0.327,-0.9598,-0.0448,1.15,6,534,21-23,0.0482,0.0259,0.3161,-0.6842,1.15,11,124,21-23,-1.3430573641771768,-0.0284431792197615,-0.267335,-1.060244352628929,poor,average,below,-1.174,0.088,4.914,-1.086
1642964,Brooks Barnhizer,OKC,G,Bench,24,38,10.627064664277585,3.3232867418596914,1.6287692646880036,1.0241547327275855,0.3986006428207663,0.1152645595539528,0.5076908610355655,0.3997923202635232,0.3244187763256742,0.7439822411100673,0.5913959769850885,7.847946704665264,60,-0.4922,-0.5483,-0.8032,0.0477,0.891,3,637,24-27,-0.0151,0.1451,0.3726,-2.1196,1.15,5,152,24-27,-1.2803867438986527,-0.1190529930438871,-0.277505,-1.0871043879693183,poor,average,below,-1.099,-0.028,4.873,-1.127
1627824,Guerschon Yabusele,CHI,F,Bench,30,57,16.50592925033851,6.036465829317363,3.62179108663504,1.061313913360758,0.4824206422507999,0.2787837637101224,0.7154000094864778,0.4499481374810742,0.3556858728073093,0.7128192436702668,1.2175978022684804,13.542799211716837,66,-0.6293,-0.3407,-1.1459,-0.3924,1.15,12,320,28-31,0.1512,0.0221,0.4973,-0.3097,1.15,19,41,28-31,-1.4561500605368862,0.1853713748677272,-0.278075,-0.9673018842702336,poor,average,below,-1.405,0.276,4.871,-1.129
203897,Zach LaVine,SAC,G,Starter,30,51,33.26269898523569,18.93203570890256,3.785181535992064,3.877494892731979,0.9423001392299704,0.2644618705024086,2.151848698492571,0.4704740029563193,0.3899634207274409,0.846878538786779,3.7417958576597736,30.758933221895568,67,0.2584,0.4232,0.173,0.2622,0.75,36,4542,28-31,-0.9488,-1.9448,-0.0817,1.2019,0.8857,35,1495,28-31,0.1322429131902436,-1.455583532816179,-0.28484,-1.1064768913342895,average,poor,below,0.577,-1.734,4.843,-1.157
1631217,Moussa Diabaté,CHA,F,Rotation,24,59,20.2047470116604,7.115659969234333,5.641418923699752,1.2756133253781328,0.6657012089798227,0.6036241453814768,0.8895692178000638,0.531571614035609,0.3435095147883116,0.6745522772355749,1.9053296014166696,18.71718951102507,64,0.2634,0.7605,0.0582,-2.3447,0.9597,9,1309,24-27,-0.983,-1.241,0.1733,-1.6215,1.15,10,714,24-27,0.2413279164813103,-1.3967267176684277,-0.2974799999999999,-1.0192428936014095,average,poor,below,0.588,-1.796,4.792,-1.208
203992,Bogdan Bogdanović,LAC,G,Rotation,33,42,22.391235761637105,9.162150869455967,2.645336345148638,2.578279174369197,0.7078094127712035,0.1906734477900405,1.2161408544639218,0.4169039299464447,0.3607599505031937,0.8338610750692156,1.2952317771011683,17.68328097240794,57,-0.2798,-0.4183,-0.0177,-0.3738,0.8921,27,610,32+,-0.3198,-0.6624,-0.0463,1.2417,1.1136,28,315,32+,-0.8806498145545526,-0.5552111332051994,-0.2977999999999999,-1.1407056089362024,below,below,below,-0.625,-0.584,4.791,-1.209
1626172,Kevon Looney,NOP,F,Bench,30,39,13.83547266622794,3.700122090267868,4.491534510523822,1.2083290781549296,0.427736668708365,0.3866370393487277,0.5084834451930254,0.4672227506600933,0.2641350847618858,0.6464777177037716,0.8809481828343859,12.837094799107104,69,-0.422,-0.2031,-1.1459,0.1011,1.0334,30,320,28-31,-0.1463,-0.4891,0.4973,0.1703,1.15,42,41,28-31,-1.0619670375326606,-0.2296120341690441,-0.297935,-1.0204607837970132,below,average,below,-0.942,-0.267,4.791,-1.209
1629726,Garrison Mathews,IND,G,Bench,29,27,13.994140139181653,5.080920140657673,1.370675260546235,1.073868079428037,0.4298700102476135,0.1753438607392715,0.4556342625595789,0.402080228581365,0.3756154201872975,0.809340748388063,1.1156736942265109,9.696539922856289,70,-0.1468,0.4959,-1.1459,-1.9896,0.9004,21,320,28-31,-0.4843,-0.7947,0.2006,-0.0448,1.15,29,41,28-31,-0.6303437335622488,-0.7906821343753206,-0.298675,-1.1430165755952824,below,below,below,-0.328,-0.885,4.787,-1.213
1641729,Brice Sensabaugh,UTA,F,Rotation,22,64,21.44287552616263,10.651284743216571,3.653342613445776,1.5425841527490975,0.6563865030391574,0.315980209626885,1.3509969411664366,0.4550220449266196,0.3658973108642234,0.7939549520201918,1.902709536540332,18.91527530530684,60,0.2815,0.5994,-0.2397,-0.5655,1.0307,9,907,21-23,-1.0158,-1.5554,0.0826,0.2516,1.15,12,653,21-23,0.2757452474816792,-1.4424795103286163,-0.302285,-1.032104349403332,average,poor,below,0.629,-1.856,4.773,-1.227
1641755,Kevin McCullar Jr.,NYK,G,Bench,25,24,10.746230689994556,3.835898901599301,1.477650062856099,1.2454485158254631,0.4787914150096374,0.0775237746352288,0.6392401286427754,0.4092494611806206,0.3352451173867903,0.7193391394375108,0.6481081871340084,8.506957191056637,55,-0.2503,-0.2433,-0.8032,0.2524,0.75,3,637,24-27,-0.3659,-0.7102,0.3726,-0.0378,1.15,4,152,24-27,-0.8251307965900943,-0.6212002709191361,-0.30232,-1.1526434024208203,below,below,below,-0.559,-0.669,4.772,-1.228
1630578,Alperen Sengun,HOU,C,Starter,23,68,32.39208322900456,18.56448758099773,9.43469274873399,4.288152649174399,1.0257269518580316,1.156903548916177,2.5751637828579166,0.5209753799483473,0.3127473705565902,0.6950917832457474,5.093831115773639,40.29107557270483,63,0.9455,1.5631,0.1015,2.1931,0.75,15,4716,21-23,-1.8344,-2.5461,-0.1771,-2.3864,1.0082,10,325,21-23,1.2820068577921395,-2.85119974647574,-0.3054549999999999,-1.304306625429385,elite,poor,poor,2.112,-3.352,4.76,-1.24
201587,Nicolas Batum,LAC,G,Rotation,37,67,19.807015920173885,5.679327837079198,2.6876447432213992,1.73771573605672,0.7036055696037176,0.3329039877382806,0.7618282550914636,0.4266382468233091,0.3951042703774286,0.8038778173476487,0.673250687353109,13.858775549964486,69,-0.3735,-0.5395,-0.0177,-0.0258,1.0442,54,610,32+,-0.2238,-0.1297,-0.0463,-1.029,1.15,54,315,32+,-1.056993271614544,-0.4177934060785634,-0.306135,-1.162719217054408,below,below,below,-0.834,-0.409,4.757,-1.243
1631124,Julian Strawther,DEN,G,Rotation,24,57,18.482766480235878,7.80587144705269,2.227959844793604,1.7001602430205949,0.6092085481124554,0.1922711999808149,0.913185264829898,0.4360938802106736,0.3558078066821311,0.793254933371316,1.3669285241468057,14.520917604785822,51,0.1085,0.3523,0.0582,-1.2343,0.9028,9,1309,24-27,-0.8206,-0.9577,0.0744,-1.6132,1.15,15,913,24-27,-0.1498689780935634,-1.2720736097158172,-0.3095949999999999,-1.1718574395005974,average,poor,below,0.242,-1.499,4.743,-1.257
1631128,Christian Braun,DEN,G,Starter,24,59,31.31291031318744,14.040259861883818,4.471819280925056,3.3416331344947627,0.9506752173946118,0.3511646443191055,1.4521245093079562,0.4888647115577752,0.3531232905343777,0.7992820132453387,2.8659285854586214,26.872287776569223,63,0.2108,0.9053,0.1699,-3.4992,0.75,12,6780,24-27,-0.9595,-1.2916,-0.0093,-2.3204,0.9503,14,2254,24-27,0.0426596842035243,-1.4708998836521687,-0.315835,-1.188337933160778,average,poor,below,0.471,-1.753,4.718,-1.282
1641733,Nick Smith Jr.,LAL,G,Bench,21,37,13.9722517845397,5.859455978711531,1.3510218952797646,1.3491398732471889,0.3426653392375546,0.1010503368635138,0.7953384641339125,0.4047666482524921,0.3624258824046224,0.7875092052623757,0.6404091628531403,10.040200627087325,60,-0.4355,-0.166,-0.9598,-0.7233,1.0365,9,534,21-23,-0.1755,-0.3939,0.3161,-0.1107,1.15,12,124,21-23,-1.1736773093703547,-0.3486551121179747,-0.3185,-1.1953764773281463,below,average,below,-0.973,-0.321,4.706,-1.294
1641998,Trey Jemison III,NYK,C,Scrub,26,33,8.22160968810916,2.119741559000861,2.006199340405277,0.409260520875833,0.1685090316877465,0.3395973181014552,0.6026005875152998,0.5002887758913331,0.2520465725536635,0.6776863546957081,0.4810181291083004,6.062790010653249,77,-0.9468,-0.6168,-1.5874,-0.2548,1.15,6,190,24-27,0.4454,0.4912,0.1835,0.3753,1.15,7,34,24-27,-2.095000913925854,0.5691230295073031,-0.32031,-1.346418013778931,poor,above,poor,-2.114,0.814,4.7,-1.3
1630548,Johnny Juzang,MIN,G,Scrub,24,21,8.835543732458467,3.586248225804928,1.2233737907304665,0.6624169565817242,0.2447217326374228,0.0678347232609937,0.3905091829423201,0.415257059095785,0.3427680530747545,0.7322045627120337,0.5251545988315681,6.5950823943070045,79,-1.1253,-0.7059,-1.5874,-1.2907,1.1427,12,190,24-27,0.6477,1.0584,0.3726,-1.5033,1.0859,14,152,24-27,-2.471881329434198,0.8297018979929289,-0.3274499999999999,-1.2190143648695906,poor,above,below,-2.513,1.183,4.67,-1.33
1629614,Andrew Nembhard,IND,G,Starter,26,61,31.03621783982569,14.914839710990517,3.39174356543148,5.644994112489773,1.1012754146442183,0.2187715593697314,2.1068341409902334,0.450971395927982,0.3549970464315096,0.8179042724105555,3.2567080518282614,29.305729939294565,66,0.2525,0.854,0.1699,-2.6082,0.75,12,6780,24-27,-1.0611,-1.8686,-0.0093,0.2498,0.9655,14,2254,24-27,0.1211391095973519,-1.6163336448611918,-0.33862,-1.2485155049632146,average,poor,below,0.564,-1.939,4.625,-1.375
1626204,Larry Nance Jr.,CLE,F,Bench,33,36,14.091372980470894,4.52081108745749,3.091000136655015,1.0355713159467397,0.5746143622694292,0.2843093861236867,0.5848342382043598,0.4728923177633953,0.3782793022827676,0.6757425705298837,0.650187754174316,11.775305232338605,72,-0.4328,-0.3248,-1.0403,0.5682,1.0444,33,249,32+,-0.2395,-0.292,-0.1957,0.2565,1.15,42,36,32+,-1.082503345532881,-0.3596169206303116,-0.345815,-1.1486203059189777,below,below,below,-0.967,-0.438,4.595,-1.405
1642273,Kyshawn George,WAS,F,Starter,22,54,30.33723940467243,14.616463308619425,5.660690429670509,3.3134385876586747,1.0288662816960592,0.8272725386719512,2.1235894757984943,0.4445739874037617,0.3548399156182171,0.7751776215914683,3.1999558212409864,29.824276691017584,55,0.1297,0.2719,0.1015,-0.2925,0.75,6,4716,21-23,-0.9361,-1.2029,-0.0213,-2.9231,0.9173,4,1237,21-23,-0.0129039705214149,-1.3313058037732193,-0.34991,-1.1595813176794088,average,poor,below,0.29,-1.71,4.58,-1.42
203484,Kentavious Caldwell-Pope,MEM,G,Rotation,33,56,23.973230678520164,8.303384810659056,2.3570773910042977,2.480839825425581,0.9350490110809294,0.2687436848504875,1.0741072283300033,0.4274173949039994,0.3495931163659312,0.8599541762667516,1.3761266079380634,17.390408277466832,76,0.0341,0.071,-0.0177,-0.0927,1.0494,39,610,32+,-0.8312,-1.1865,-0.0463,0.03,1.15,56,315,32+,-0.2898898234005364,-1.28724681708605,-0.355285,-1.2925295156758594,average,poor,poor,0.076,-1.519,4.557,-1.443
203083,Andre Drummond,PHI,C,Rotation,32,59,19.565367938759668,6.985802653764264,7.421085186485075,1.087367989427852,0.6784254615573562,0.6975408856973092,1.0970641486351482,0.5028640536922659,0.3303616578553756,0.6309975001779766,1.7999057739928332,20.55299175481698,62,-0.1623,-0.2198,-0.0177,-0.2005,0.9701,42,610,32+,-0.6137,-0.5843,-0.0772,-1.5987,1.15,46,136,32+,-0.6949784032706905,-1.0198162862412892,-0.36543,-1.4743255090553713,below,below,poor,-0.362,-1.121,4.517,-1.483
1628502,Nigel Hayes-Davis,PHX,F,Scrub,31,40,6.359958266879319,1.5817374534821904,1.0976056884635832,0.4673774853801169,0.246600505050505,0.101971360978203,0.3114340510366826,0.388366701452994,0.2473559238434555,0.6070643308680176,0.3336676608187134,4.334212054758107,65,-1.4358,-1.244,-1.8203,0.1518,1.15,3,59,28-31,0.9348,1.0425,0.4973,0.3819,1.15,6,41,28-31,-2.989717875553326,1.2784167507373545,-0.36903,-1.2107594727122395,poor,elite,below,-3.206,1.708,4.502,-1.498
203914,Gary Harris,MIL,G,Bench,31,43,14.534404598765432,3.6975845370370375,1.3052318827160492,1.1100504629629628,0.5360539197530864,0.1680016358024691,0.4944353086419752,0.415251620254551,0.3742607326967052,0.7732331612496433,0.4762791666666666,8.546669848765431,72,-0.6029,-0.4063,-1.1459,0.0706,1.1092,36,320,28-31,-0.0905,-0.2495,0.2006,0.108,1.15,56,41,28-31,-1.4887242113110437,-0.2269831662245991,-0.37232,-1.3375207351472007,poor,average,poor,-1.346,-0.165,4.489,-1.511
1642261,Dalton Knecht,LAL,F,Bench,24,49,12.794614031640638,5.193183486074333,2.15916762391753,0.5923624086548891,0.2950303767559845,0.2445360189934895,0.4944479427378112,0.4563917980948517,0.3544999777917663,0.7220518128018472,0.8146216766573484,9.796979492268315,63,-0.4503,-0.2709,-0.8032,-0.2863,1.1103,6,637,24-27,-0.2824,-0.3972,0.2252,-0.7479,1.15,12,98,24-27,-1.1157797705332375,-0.4194582256645217,-0.374745,-1.2260567089053689,below,below,below,-1.006,-0.516,4.478,-1.522
1642502,Malevy Leons,GSW,F,Bench,26,27,11.407437325906956,3.956376004003136,2.327345153624119,0.7618771841336871,0.4280134720364724,0.3448375570115898,0.5510294199769046,0.4547842316918908,0.310375481894008,0.7312320152791151,0.908260154798204,9.659529631719892,57,-0.1219,0.0224,-0.8032,0.3324,0.7968,3,637,24-27,-0.6891,-0.3658,0.2252,-4.4736,1.15,4,98,24-27,-0.4913238865265436,-0.9867649566065552,-0.37714,-1.2324673616932158,below,below,below,-0.272,-1.259,4.469,-1.531
1642905,Yang Hansen,POR,C,Scrub,20,49,6.175649047619047,1.7994467128894025,1.5397495522172469,0.3699232254802831,0.1205428311425682,0.2569757518416871,0.5303304058933987,0.3674100611751572,0.1377227343417276,0.7577199848658392,0.5928428937358563,4.80425635682989,63,-0.8642,-0.574,-1.7014,0.47,1.15,3,195,21-23,0.1798,0.2283,0.0268,0.1129,1.15,6,157,21-23,-1.947592552701996,0.1706504752038132,-0.3944,-1.5564505121173942,poor,average,poor,-1.93,0.329,4.399,-1.601
1641722,Jordan Hawkins,NOP,G,Bench,23,45,14.892973433350935,5.940970800057623,1.8387345108664344,1.0973341161834662,0.3863612246390681,0.1843100962652117,0.7281391747064648,0.3800545709632679,0.3416921384478343,0.8009232688077503,0.9377682723366332,10.777328175378916,61,-0.6475,-0.3966,-0.9598,-0.6529,1.15,9,534,21-23,-0.0966,-0.2908,0.3161,-0.0437,1.15,14,124,21-23,-1.5726614384708688,-0.2357149176357708,-0.399595,-1.409556867291658,poor,average,poor,-1.446,-0.177,4.377,-1.623
1642267,Bub Carrington,WAS,G,Rotation,20,74,25.60618895459209,9.584615167852013,3.2877614878012524,3.679500808788309,0.7076336330403452,0.2415954708071495,1.77006299658473,0.4178302730306246,0.3674945833007781,0.7607676023842376,1.4478155511416606,20.12680448135373,73,-0.1776,-0.1271,-0.2397,-0.1192,1.15,6,907,21-23,-0.6996,-0.8851,0.1139,-1.1147,1.15,8,799,21-23,-0.6883093523183612,-1.0988700161499532,-0.4125,-1.4436403241321427,below,below,poor,-0.397,-1.278,4.325,-1.675
1642876,Adou Thiero,LAL,G,Scrub,21,22,5.62302741028597,1.8771537432223573,0.8722012222137765,0.5446413497010236,0.2270638426911252,0.0643823734628897,0.3259966301814128,0.3909896775279712,0.2657909098986972,0.6706670299440527,0.5111608117546704,4.289099252711058,57,-0.0869,0.4516,-1.7014,0.3565,0.9037,3,195,21-23,-0.8148,-1.2782,0.3161,-0.7016,1.0977,5,124,21-23,-0.5176118970852638,-1.263771288701916,-0.414455,-1.4488036839247156,below,poor,poor,-0.194,-1.489,4.317,-1.683
1627827,Dorian Finney-Smith,HOU,F,Rotation,32,48,22.38340391798168,6.7845793981188525,3.696653078522772,1.4206427296910502,0.6545380334790891,0.3289619524149049,0.864703675763592,0.4258695740688991,0.3513882596705771,0.7542912331818455,0.9322638225535766,15.437323468801145,78,-0.4545,-1.0504,-0.0177,2.0536,0.9432,30,610,32+,-0.3753,-0.7123,0.0742,0.7873,1.15,33,283,32+,-1.1237661125333234,-0.5490446414612143,-0.41886,-1.344138524243933,below,below,poor,-1.015,-0.686,4.299,-1.701
1630526,Jeremiah Robinson-Earl,DAL,F,Rotation,25,39,18.25081002409793,6.427014115720352,4.251223812176824,1.0524929312037523,0.5417308465523033,0.2770939278536887,0.7764770663703607,0.4457273056015654,0.3199769081118238,0.7724924807617704,1.225354861946947,14.787219343985784,56,-0.1817,-0.6616,0.0582,1.7316,0.75,15,1309,24-27,-0.7099,-1.3749,0.1733,1.4066,1.1228,22,714,24-27,-0.6050341845277625,-1.015778922683748,-0.41939,-1.34555716557068,below,below,poor,-0.406,-1.297,4.297,-1.703
1641778,Leaky Black,WAS,F,Starter,26,33,28.91919205979797,12.878232446029976,5.689604654058133,2.479407048934436,0.9835017443650038,0.6943927365846003,1.5711596891518131,0.4575242217895409,0.3531546735702478,0.7761545663908237,2.903805210356434,26.88739235799839,61,-0.32,-0.7148,0.1699,-0.0452,0.75,6,6780,24-27,-0.5921,-1.3174,-0.0596,0.1928,0.7505,9,1588,24-27,-0.8680130175305817,-0.8514594417273389,-0.442445,-1.4072680632841694,below,below,poor,-0.715,-1.082,4.203,-1.797
1630311,Pat Spencer,GSW,G,Rotation,29,51,17.347285484445237,6.885274719930061,2.196399480707594,2.563016315484869,0.687167128494596,0.1311741264448095,1.0594294213898994,0.4286212670202173,0.354970817804778,0.7957334823383357,1.1021868323010855,14.761072913434797,48,0.073,0.2394,0.0276,-0.7362,0.8216,6,901,28-31,-1.076,-1.2856,0.1577,-2.1163,1.15,9,441,28-31,-0.2166799997118099,-1.6376620212589716,-0.44405,-1.526967179096676,average,poor,poor,0.163,-1.966,4.197,-1.803
1627750,Jamal Murray,DEN,G,Starter,29,69,34.18067936349443,20.753880490600388,4.107743489165646,5.967402973720624,1.1115121556475027,0.4097494214263304,2.1467373777969585,0.4705774176564587,0.4066569597033716,0.8613385645281014,4.033677824809255,37.05132449160464,70,0.5017,1.523,0.173,-3.6434,0.75,27,4542,28-31,-1.6248,-2.3194,-0.0817,-1.7392,1.0219,25,1495,28-31,0.5901336613513528,-2.423233361332908,-0.455225,-1.556481524714066,above,poor,poor,1.12,-2.969,4.151,-1.849
1642942,Jahmai Mashack,MEM,G,Rotation,23,40,21.805692805189725,8.172936982550826,2.7268280709918877,2.459563229197694,0.93882891937229,0.3251004054465281,1.3839526490640466,0.4256298029491044,0.3292354709560024,0.7318014826200482,1.5260077563710306,17.542310836930042,56,-0.3127,-0.4853,-0.2397,0.0416,0.8424,3,907,21-23,-0.6337,-1.1732,0.1139,1.0456,1.1212,4,799,21-23,-0.9425676345894908,-1.004538472216148,-0.45715,-1.5615656513640412,below,below,poor,-0.698,-1.158,4.144,-1.856
1642357,David Jones Garcia,SAS,G,Scrub,24,12,5.61465954933759,2.0062369886886047,0.85464765749198,0.7773003990992572,0.2617619622308315,0.0622182132253734,0.3368067914708927,0.3878840837883415,0.296797075479185,0.6749998344920636,0.4242726955601423,4.832898511225588,24,-1.0715,-1.5874,-1.5874,0.0,0.75,0,190,24-27,0.2799,0.3726,0.3726,0.0,0.8348,0,152,24-27,-2.370629696671897,0.3032202309390047,-0.46337,-1.577993322929157,poor,average,poor,-2.393,0.511,4.118,-1.882
1642443,Jahmir Young,MIA,G,Scrub,25,12,5.201824950112117,1.8640844606782367,0.6838108686844022,0.6085049852036509,0.1776286210844646,0.0471604131226656,0.2891529231074171,0.3743585264620375,0.2789835610138012,0.7454886454184159,0.3201680456782433,3.9826291604189694,83,-1.0715,-1.5874,-1.5874,0.0,0.75,0,190,24-27,0.2799,0.3726,0.3726,0.0,0.8348,0,152,24-27,-2.370629696671897,0.3032202309390047,-0.46337,-1.577993322929157,poor,average,poor,-2.393,0.511,4.118,-1.882
1642355,Bronny James,LAL,G,Bench,21,39,10.029721082216309,3.5299323641441043,1.0582940424157228,1.1408263129588352,0.4271042089988495,0.1092084022971983,0.6009367936517187,0.3890954348768995,0.3337295594209669,0.7652718991525845,0.5600733735417256,7.519125724717649,58,-0.4359,-0.3542,-0.9598,-0.1967,0.8898,6,534,21-23,-0.4985,-1.0719,0.3161,1.1483,1.15,9,124,21-23,-1.174430109613941,-0.8110085065128021,-0.46407,-1.5798420962564208,below,below,poor,-0.973,-0.911,4.116,-1.884
1630208,Nick Richards,CHI,C,Bench,28,48,16.127818442486415,5.992896056154077,5.167330013129019,0.5529803816947864,0.2612972455021389,0.6889566503725683,0.999699846306732,0.5536766406052437,0.3029173125321308,0.6895762949298027,1.903759168037235,14.874224485768467,71,-0.4135,-0.3422,-1.1459,1.4932,1.15,18,320,28-31,-0.5353,-1.0429,0.3077,0.6797,1.15,23,21,28-31,-1.1432711434575318,-0.902194869609536,-0.46831,-1.7659727411927864,below,below,poor,-0.923,-0.978,4.099,-1.901
1641718,Keyonte George,UTA,G,Starter,22,60,32.10403573134791,18.361530652211627,3.846422939410223,5.364599824230316,1.0111388281741658,0.2520792859832361,2.64579336734344,0.4361908082203268,0.3564082798036141,0.8456090676020609,4.712982639817423,32.16799889097813,59,0.5133,1.3398,0.1015,-2.1185,0.75,9,4716,21-23,-1.7118,-2.7903,-0.1079,-0.6418,0.9667,10,1613,21-23,0.6119648684153431,-2.547768176541421,-0.487995,-1.6430305274775443,above,poor,poor,1.146,-3.128,4.018,-1.982
203486,Mason Plumlee,SAS,F,Bench,36,44,12.034865262591255,3.2658078699233943,3.405910111308696,1.0934482727243209,0.4091075443678207,0.2653433662773508,0.6348936749339058,0.5228314662140796,0.2899211402305593,0.6860282262238381,1.0738525051520802,10.38153146958192,67,-0.3747,-0.0365,-1.0403,-0.7098,1.0563,39,249,32+,-0.6377,-0.992,-0.1957,0.9938,1.15,54,36,32+,-0.9720256145316968,-0.9150669827427232,-0.49305,-1.5427215431710115,below,below,poor,-0.837,-1.165,3.998,-2.002
1628467,Maxi Kleber,LAL,F,Bench,34,47,13.731014789012455,2.9555386973073534,2.495094695390156,0.9024331744574828,0.3930345690060209,0.3400930421184729,0.5131537465279694,0.4262639935607809,0.2940884819437612,0.6801224241283478,0.7143066576505405,8.989531180307276,68,-0.6478,-0.4536,-1.0403,-0.0842,1.15,27,249,32+,-0.3131,-0.3593,-0.1957,0.0202,1.15,36,36,32+,-1.4913279955372636,-0.462281723672686,-0.497185,-1.553789622201386,poor,below,poor,-1.447,-0.572,3.981,-2.019
1642886,Koby Brea,PHX,G,Scrub,23,13,5.675646326118649,2.1349771505332797,0.7366974017850713,0.6240648354810903,0.1842791953170773,0.0451168351804163,0.3014551391179454,0.3721278699231316,0.3279801206552756,0.7243523587049118,0.3344246613064021,4.341844238271536,40,-1.1484,-1.7014,-1.7014,0.0,0.75,0,195,21-23,0.2427,0.3161,0.3161,0.0,0.8532,0,124,21-23,-2.515355543501282,0.2499708616774333,-0.522405,-1.7339109420363266,poor,average,poor,-2.565,0.443,3.878,-2.122
1641730,Noah Clowney,BKN,F,Rotation,21,56,22.40669828004472,9.227813301843849,4.107336190404997,1.24007271136743,0.6345931202951621,0.5903745303602888,1.1356570402200652,0.4249519917016126,0.3348963576380662,0.7692823032873695,2.173842300536535,18.55597170912728,62,-0.1038,-0.0474,-0.2397,-0.1436,0.9878,9,907,21-23,-1.214,-2.0419,0.0826,1.4465,1.15,8,653,21-23,-0.4569065555261746,-1.7189491293910972,-0.60339,-1.8380666073092224,below,poor,poor,-0.232,-2.218,3.55,-2.45
1629162,Jordan McLaughlin,SAS,G,Scrub,30,53,6.993364285714285,2.185851904761905,0.7437528571428571,0.9622571428571428,0.3798966666666666,0.0496266666666666,0.3959738095238094,0.4102598088580849,0.4064083314937325,0.7939790099109397,0.3032723809523809,5.414337238095238,69,-0.6439,-0.0608,-1.8203,-0.6526,1.15,21,59,28-31,-0.5636,-1.0263,0.2006,0.6552,1.15,37,41,28-31,-1.565886236278596,-0.904194902720552,-0.6077650000000001,-1.9593556437723816,poor,below,poor,-1.438,-1.03,3.532,-2.468
1630544,Tre Mann,CHA,G,Bench,25,40,15.287001115262862,6.604320403068208,1.9798454729397368,1.960324963102756,0.5609402661871844,0.1282797989493262,1.0523103768386477,0.410198567348893,0.3547249652616437,0.8104432775594131,0.9238242406690848,12.93597223382091,68,-0.8868,-0.7424,-0.8032,-1.1417,1.1119,12,637,24-27,-0.2889,-0.9618,0.3726,2.1411,1.15,20,152,24-27,-2.023024184196119,-0.5109798022863135,-0.6177450000000001,-1.9857138692096563,poor,below,poor,-1.98,-0.528,3.492,-2.508
1630587,Isaiah Livers,PHX,F,Bench,27,34,13.101718224001134,3.534994858735162,2.3151968486021346,0.7153606646176858,0.4399408614571253,0.2629409441763499,0.5089300081029873,0.3988138523932049,0.2914429166424302,0.6736680841355908,0.7584959413512794,8.98598748278169,68,-1.1476,-1.2983,-0.8032,-1.6373,0.9497,12,637,24-27,0.0291,0.0428,0.2252,-0.6793,1.15,18,98,24-27,-2.4417026935474517,0.0150538143857447,-0.6180850000000001,-1.8774004456045916,poor,average,poor,-2.563,0.053,3.49,-2.51
1627749,Dejounte Murray,NOP,G,Rotation,29,35,26.91726293291836,14.01995288691387,4.307876679648217,4.853023443606646,1.3224695288705663,0.2467695139347164,2.3297684628035142,0.4444953954889553,0.3335651318228956,0.8306147661830698,2.6710605777086154,28.846888733514035,80,0.5463,0.8114,0.0276,0.6549,0.9108,24,901,28-31,-2.0638,-3.099,0.1577,-2.0758,1.0218,23,441,28-31,0.6740708885111779,-3.0516331760057533,-0.6282449999999999,-2.0134454691186137,above,poor,poor,1.22,-3.771,3.449,-2.551
1631131,Oscar Tshiebwe,UTA,F,Rotation,26,35,19.772112889039494,8.221091311869547,5.570549968586343,1.2100866906698424,0.709438576528464,0.3450975273531503,0.90629296965756,0.5223551244648834,0.3522178835822734,0.6881842677783876,1.8525166199846743,18.97819665216521,52,0.7006,1.2163,0.0582,1.2628,0.7522,3,1309,24-27,-2.259,-3.1427,0.1733,-2.9964,1.059,2,714,24-27,1.0726680884902222,-3.176621944326983,-0.6312200000000001,-1.9125586603721767,above,poor,poor,1.565,-4.128,3.437,-2.563
202066,Garrett Temple,TOR,G,Scrub,39,35,18.798259113779302,5.409149898354615,1.641824417762531,1.9891518042055776,0.6086127577663427,0.1280327520487897,0.8347397509688076,0.4289517651223249,0.3207009332286385,0.8400104437022293,1.3659888272663745,11.73826368445461,75,-1.1981,-1.2839,-2.0878,3.147,1.15,48,67,32+,0.0414,0.5508,-0.63,-1.0548,1.15,55,24,32+,-2.6088909737668278,-0.0381769348912315,-0.640325,-2.0453500145376804,poor,average,poor,-2.676,0.076,3.4,-2.6
101108,Chris Paul,LAC,G,Bench,40,42,17.382031463052897,4.991165516337032,2.117390794016839,3.7154082023386414,0.7559223483183665,0.083674078696293,1.041006151640938,0.4057880917394818,0.3620775207082148,0.7879094920921788,0.6219917828300641,14.582929902068242,86,-0.4529,-0.2842,-1.0403,0.51,1.15,57,249,32+,-0.9241,-0.9866,-0.63,-0.2261,1.15,43,24,32+,-1.2064241199663404,-1.4202270967742217,-0.6649400000000001,-2.110360808038536,below,poor,poor,-1.011,-1.689,3.3,-2.7
1641780,Johni Broome,PHI,F,Scrub,23,12,5.280017815507125,1.7457786747861914,1.1438731747423234,0.3269270904215816,0.1921234727360097,0.1365610709234151,0.2370710025473091,0.3841213942820758,0.2013654839427298,0.6215067942053508,0.4928120611838764,4.357799748540318,56,-1.1484,-1.7014,-1.7014,0.0,0.75,0,195,21-23,-0.0863,-0.1162,-0.1162,0.0,0.8253,0,106,21-23,-2.443223901547468,-0.145917901254065,-0.670455,-2.0175782687776755,poor,average,poor,-2.565,-0.158,3.277,-2.723
1641752,Bobi Klintman,DET,F,Scrub,23,13,5.552388650181372,1.884554824239947,1.2133180111594668,0.361022154529508,0.1948566683077647,0.0973043815614893,0.3002171064964259,0.405577726555848,0.2616852961815833,0.5820363467181151,0.4311409559550957,4.458335712536906,64,-1.1484,-1.7014,-1.7014,0.0,0.75,0,195,21-23,-0.0891,-0.1162,-0.1162,0.0,0.8524,0,106,21-23,-2.443223901547468,-0.149823627456764,-0.6717150000000001,-2.020950887780885,poor,average,poor,-2.565,-0.163,3.272,-2.728
1641989,Elijah Harkless,UTA,G,Rotation,26,35,20.69798382161589,7.787353775184039,2.4714625612719847,2.443875477363659,0.9137480866030188,0.2300499746513117,1.08111780696358,0.4079510268017715,0.3238695799356199,0.7750405902962343,1.690620069299403,16.76919844155532,49,0.2659,0.4474,0.0582,0.3822,0.7739,3,1309,24-27,-1.8522,-2.6723,0.0744,-2.096,1.0343,2,913,24-27,0.1463579177574788,-2.7487416024641265,-0.6872450000000001,-2.1692706495594205,average,poor,poor,0.594,-3.384,3.21,-2.79
1642271,Kyle Filipowski,UTA,C,Rotation,22,71,22.20524199640977,9.74432843711605,6.584177736802536,1.8335297967840667,0.7168172936351854,0.7083130995315272,1.4058430026092097,0.509286461443364,0.3335984841268566,0.6987300076723781,2.3632893289124013,23.26518459334612,61,0.2022,0.5508,-0.2397,-1.153,1.1061,6,907,21-23,-1.8919,-2.2347,0.0268,-3.1242,1.15,9,157,21-23,-0.0444899327368381,-2.937465453826834,-0.7401449999999999,-2.536578547453227,average,poor,poor,0.452,-3.457,2.995,-3.005
1630530,Trey Murphy III,NOP,F,Starter,25,64,33.86042633634444,18.96600824718479,5.982692729832833,3.2200537322797302,1.175994826704997,0.6158659603099125,1.8088116075744147,0.4637100665251535,0.3682733369552791,0.8307832150591188,4.002314969016412,34.542090874874106,70,0.8975,1.4298,0.1699,2.2489,0.75,15,6780,24-27,-2.8567,-4.1907,-0.0596,-3.6576,0.9857,12,1588,24-27,1.4470754074942358,-4.0103549983817,-0.79189,-2.34262111691637,elite,poor,poor,2.004,-5.22,2.784,-3.216
204060,Joe Ingles,MIN,F,Scrub,38,34,7.781055572937451,1.7238162090616431,1.2564577146353797,1.1925696602548752,0.2716210947934125,0.1334837068667358,0.473045892728869,0.4002235108233651,0.3303046785830442,0.6531643781923423,0.2599683401175938,5.762688469257987,64,-0.5211,0.0318,-2.0878,0.481,1.15,36,67,32+,-1.1549,-1.3377,-0.1957,-1.4291,1.15,58,36,32+,-1.2504066785346808,-1.6365104084698427,-0.8063100000000001,-2.38121886773088,poor,poor,poor,-1.164,-2.11,2.726,-3.274
1627752,Taurean Prince,MIL,F,Rotation,32,48,23.963952889679103,8.48840569712483,3.610087255421985,1.7386107115060074,0.7054798731905035,0.3042498824848792,1.074933832471182,0.4519781985845123,0.4146205143370852,0.781559153344339,0.9255214966662884,17.382681905445192,58,0.0489,-0.0438,-0.0177,0.8281,0.9808,30,610,32+,-1.8878,-2.4198,0.0742,-2.1193,1.15,39,283,32+,-0.166545978523062,-2.6588342420263125,-0.822615,-2.4248621636414613,average,poor,poor,0.109,-3.449,2.66,-3.34
1629027,Trae Young,WAS,G,Rotation,27,42,27.034659235284163,16.108958371719375,2.5242746103812137,6.674806464788178,0.9538704909509318,0.1723709200275696,2.572616680940702,0.4332342953647461,0.3511456765982693,0.841550444590824,4.712787166059618,29.956405153353906,73,2.0101,2.6854,0.0582,2.9037,0.9803,24,1309,24-27,-4.4915,-5.3343,0.0744,-7.5757,1.1412,20,913,24-27,3.428943379913691,-6.526727094186318,-0.9156200000000004,-2.772432947579237,elite,poor,poor,4.489,-8.207,2.282,-3.718
1627734,Domantas Sabonis,SAC,F,Starter,29,47,32.55741536114795,16.929618263164514,10.186648746560095,4.407343996852324,0.9320374847158844,0.4459254809156192,2.4580627759098403,0.5279152406164932,0.3402040240303783,0.7459530472685295,4.100730479188089,37.44043887529979,72,0.6534,1.0195,0.173,1.6533,0.75,30,4542,28-31,-3.0121,-4.7721,-0.0316,-6.5114,0.8548,27,1195,28-31,0.98291681648926,-4.227122802631496,-0.9960750000000004,-2.889159379749981,above,poor,poor,1.459,-5.504,1.955,-4.045
202687,Bismack Biyombo,SAS,C,Scrub,33,39,9.739363122130394,2.2674008264462806,2.449666051423324,0.4803822681359044,0.2408417171717171,0.3368082277318641,0.527370909090909,0.545383674157259,0.1516810007818608,0.5431594894615625,0.6096777226813591,7.1331524159779605,87,-1.1797,-0.8336,-2.0878,0.3801,1.15,45,67,32+,-1.2652,-1.9862,-0.3989,2.1125,1.15,54,21,32+,-2.510635385221696,-1.997244257358472,-1.218175,-3.8917119687075865,poor,poor,poor,-2.635,-2.312,1.053,-4.947
