player_name,player_id,team,position,PTS,REB,AST,STL,BLK,TO,FG_PCT,FT_PCT,THREE_PM,USG_PCT,ast_pg,blk_pg,stl_pg,threepm_pg,context_neutral_source,league_avg_PTS,team_avg_PTS,context_delta_PTS,context_neutral_PTS,context_neutral_delta_PTS,context_neutral_ratio_PTS,league_avg_REB,team_avg_REB,context_delta_REB,context_neutral_REB,context_neutral_delta_REB,context_neutral_ratio_REB,league_avg_AST,team_avg_AST,context_delta_AST,context_neutral_AST,context_neutral_delta_AST,context_neutral_ratio_AST,league_avg_STL,team_avg_STL,context_delta_STL,context_neutral_STL,context_neutral_delta_STL,context_neutral_ratio_STL,league_avg_BLK,team_avg_BLK,context_delta_BLK,context_neutral_BLK,context_neutral_delta_BLK,context_neutral_ratio_BLK,league_avg_TO,team_avg_TO,context_delta_TO,context_neutral_TO,context_neutral_delta_TO,context_neutral_ratio_TO,league_avg_FG_PCT,team_avg_FG_PCT,context_delta_FG_PCT,context_neutral_FG_PCT,context_neutral_delta_FG_PCT,context_neutral_ratio_FG_PCT,league_avg_FT_PCT,team_avg_FT_PCT,context_delta_FT_PCT,context_neutral_FT_PCT,context_neutral_delta_FT_PCT,context_neutral_ratio_FT_PCT,league_avg_THREE_PM,team_avg_THREE_PM,context_delta_THREE_PM,context_neutral_THREE_PM,context_neutral_delta_THREE_PM,context_neutral_ratio_THREE_PM,league_avg_USG_PCT,team_avg_USG_PCT,context_delta_USG_PCT,context_neutral_USG_PCT,context_neutral_delta_USG_PCT,context_neutral_ratio_USG_PCT
Nikola Jokić,203999,DEN,C,22.974,11.368,7.157,1.212,1.032,2.854,0.5574,0.7865,1.164,0.4549,7.157,1.032,1.212,1.164,raw_delquant_flat_file,14.2003,9.484444444444444,4.715855555555557,25.3319,2.3579,1.7839,5.0968,3.5435,1.5533000000000001,12.1446,0.7766,2.3828,3.2608,2.3794444444444443,0.8813555555555559,7.5977,0.4407,2.33,0.9439,0.6557777777777778,0.28812222222222217,1.3561,0.1441,1.4367,0.5491,0.35344444444444445,0.19565555555555558,1.1298,0.0978,2.0575,1.6469,1.0929444444444443,0.5539555555555558,3.131,0.277,1.9011,0.4691,0.4566777777777778,0.012422222222222223,0.5636,0.0062,1.2014,0.7828,0.7742055555555556,0.00859444444444446,0.7908,0.0043,1.0102,1.6758,1.0026111111111111,0.6731888888888888,1.5006,0.3366,0.8955,0.4773,0.41878333333333334,0.05851666666666666,0.4842,0.0293,1.0145
Luka Dončić,1629029,LAL,SG,25.898,7.622,6.185,1.411,0.568,3.106,0.4705,0.7812,2.803,0.4982,6.185,0.568,1.411,2.803,raw_delquant_flat_file,14.2003,9.564941176470587,4.635358823529414,28.2157,2.3177,1.987,5.0968,3.6745882352941175,1.4222117647058825,8.3331,0.7111,1.635,3.2608,2.2321764705882354,1.0286235294117647,6.6993,0.5143,2.0545,0.9439,0.6849411764705883,0.2589588235294117,1.5405,0.1295,1.6321,0.5491,0.36511764705882355,0.18398235294117649,0.66,0.092,1.202,1.6469,1.2188823529411765,0.4280176470588235,3.32,0.214,2.0159,0.4691,0.46496470588235295,0.00413529411764707,0.4726,0.0021,1.0075,0.7828,0.744035294117647,0.038764705882353034,0.8006,0.0194,1.0227,1.6758,0.9627058823529412,0.7130941176470588,3.1595,0.3565,1.8854,0.4773,0.43051764705882356,0.04678235294117644,0.5216,0.0234,1.0928
Giannis Antetokounmpo,203507,MIL,SF,23.818,9.076,4.814,1.021,0.795,2.667,0.5673,0.6697,0.716,0.4561,4.814,0.795,1.021,0.716,raw_delquant_flat_file,14.2003,9.940999999999999,4.259300000000001,25.9477,2.1297,1.8273,5.0968,3.714555555555555,1.3822444444444448,9.7671,0.6911,1.9163,3.2608,2.2494444444444444,1.0113555555555558,5.3197,0.5057,1.6314,0.9439,0.7022222222222223,0.24167777777777766,1.1418,0.1208,1.2097,0.5491,0.381,0.16810000000000003,0.8791,0.0841,1.601,1.6469,1.2697222222222222,0.37717777777777783,2.8556,0.1886,1.7339,0.4691,0.4623055555555556,0.006794444444444436,0.5707,0.0034,1.2166,0.7828,0.7495888888888889,0.03321111111111119,0.6863,0.0166,0.8767,1.6758,1.103,0.5728,1.0024,0.2864,0.5982,0.4773,0.41657777777777777,0.06072222222222223,0.4865,0.0304,1.0193
Victor Wembanyama,1641705,SAS,PF,21.136,9.297,3.175,1.084,2.316,2.577,0.4828,0.8029,1.804,0.5145,3.175,2.316,1.084,1.804,raw_delquant_flat_file,14.2003,8.8863125,5.3139875,23.793,2.657,1.6755,5.0968,3.6095625,1.4872375,10.0406,0.7436,1.97,3.2608,2.0776875,1.1831125,3.7666,0.5916,1.1551,0.9439,0.64025,0.30365,1.2358,0.1518,1.3092,0.5491,0.438375,0.11072500000000002,2.3714,0.0554,4.3187,1.6469,1.095,0.5519000000000001,2.853,0.276,1.7323,0.4691,0.4674875,0.0016125000000000167,0.4836,0.0008,1.0309,0.7828,0.7385375,0.04426250000000009,0.825,0.0221,1.0539,1.6758,0.9138124999999999,0.7619875,2.185,0.381,1.3039,0.4773,0.421575,0.055725000000000025,0.5424,0.0279,1.1364
Shai Gilgeous-Alexander,1628983,OKC,PG,25.972,4.447,5.816,1.455,0.658,2.23,0.5124,0.8719,1.761,0.5085,5.816,0.658,1.455,1.761,raw_delquant_flat_file,14.2003,10.152375,4.047925000000001,27.996,2.024,1.9715,5.0968,3.7781875,1.3186125,5.1063,0.6593,1.0019,3.2608,2.4305,0.8303000000000003,6.2311,0.4151,1.9109,0.9439,0.8349375,0.10896249999999996,1.5095,0.0545,1.5992,0.5491,0.4696875,0.07941250000000005,0.6977,0.0397,1.2706,1.6469,1.19125,0.4556500000000001,2.4578,0.2278,1.4924,0.4691,0.4647125,0.004387500000000044,0.5146,0.0022,1.097,0.7828,0.774775,0.00802500000000006,0.8759,0.004,1.1189,1.6758,1.0983749999999999,0.5774250000000001,2.0497,0.2887,1.2231,0.4773,0.421575,0.055725000000000025,0.5364,0.0279,1.1238
LeBron James,2544,LAL,SF,21.687,7.179,6.831,1.167,0.55,3.105,0.5149,0.7634,1.547,0.5755,6.831,0.55,1.167,1.547,raw_delquant_flat_file,14.2003,9.564941176470587,4.635358823529414,24.0047,2.3177,1.6904,5.0968,3.6745882352941175,1.4222117647058825,7.8901,0.7111,1.548,3.2608,2.2321764705882354,1.0286235294117647,7.3453,0.5143,2.2526,0.9439,0.6849411764705883,0.2589588235294117,1.2965,0.1295,1.3736,0.5491,0.36511764705882355,0.18398235294117649,0.642,0.092,1.1692,1.6469,1.2188823529411765,0.4280176470588235,3.319,0.214,2.0153,0.4691,0.46496470588235295,0.00413529411764707,0.517,0.0021,1.1021,0.7828,0.744035294117647,0.038764705882353034,0.7828,0.0194,1.0,1.6758,0.9627058823529412,0.7130941176470588,1.9035,0.3565,1.1359,0.4773,0.43051764705882356,0.04678235294117644,0.5989,0.0234,1.2548
Joel Embiid,203954,PHI,PF,22.12,8.955,3.594,0.711,1.311,2.592,0.4964,0.8232,0.948,0.472,3.594,1.311,0.711,0.948,raw_delquant_flat_file,14.2003,9.916666666666666,4.283633333333334,24.2618,2.1418,1.7085,5.0968,3.947611111111111,1.1491888888888888,9.5296,0.5746,1.8697,3.2608,2.145888888888889,1.1149111111111112,4.1515,0.5575,1.2732,0.9439,0.7621666666666667,0.1817333333333333,0.8019,0.0909,0.8496,0.5491,0.4476111111111111,0.1014888888888889,1.3617,0.0507,2.4799,1.6469,1.2115,0.4354,2.8097,0.2177,1.7061,0.4691,0.4532722222222222,0.01582777777777783,0.5043,0.0079,1.075,0.7828,0.7502888888888889,0.03251111111111116,0.8395,0.0163,1.0724,1.6758,0.9857777777777778,0.6900222222222222,1.293,0.345,0.7716,0.4773,0.41952222222222224,0.05777777777777776,0.5009,0.0289,1.0494
Anthony Davis,203076,DAL,PF,19.994,9.373,3.134,1.098,1.403,2.015,0.5041,0.7754,0.819,0.4612,3.134,1.403,1.098,0.819,raw_delquant_flat_file,14.2003,9.4712,4.729100000000001,22.3586,2.3646,1.5745,5.0968,3.9284,1.1684,9.9572,0.5842,1.9536,3.2608,2.088,1.1728,3.7204,0.5864,1.1409,0.9439,0.6827500000000001,0.2611499999999999,1.2286,0.1306,1.3016,0.5491,0.4574,0.09170000000000006,1.4488,0.0458,2.6385,1.6469,1.1912,0.4557,2.2429,0.2279,1.3619,0.4691,0.463675,0.005425000000000013,0.5068,0.0027,1.0804,0.7828,0.755695,0.027105000000000046,0.789,0.0136,1.0079,1.6758,0.893,0.7827999999999999,1.2104,0.3914,0.7223,0.4773,0.41499499999999995,0.062305000000000055,0.4924,0.0312,1.0316
Alperen Sengun,1630578,HOU,C,18.564,9.435,4.288,1.026,1.157,2.575,0.521,0.6951,0.454,0.4987,4.288,1.157,1.026,0.454,raw_delquant_flat_file,14.2003,8.824733333333334,5.375566666666666,21.2518,2.6878,1.4966,5.0968,4.1628,0.9340000000000002,9.902,0.467,1.9428,3.2608,1.8478666666666668,1.4129333333333334,4.9945,0.7065,1.5317,0.9439,0.6666000000000001,0.2772999999999999,1.1646,0.1386,1.2338,0.5491,0.48633333333333334,0.06276666666666669,1.1884,0.0314,2.1643,1.6469,1.1314666666666668,0.5154333333333332,2.8327,0.2577,1.72,0.4691,0.45740666666666663,0.011693333333333389,0.5268,0.0058,1.123,0.7828,0.7326733333333333,0.050126666666666764,0.7202,0.0251,0.92,1.6758,0.7818666666666666,0.8939333333333334,0.901,0.447,0.5377,0.4773,0.4135466666666667,0.06375333333333333,0.5306,0.0319,1.1117
Jayson Tatum,1628369,BOS,SG,21.285,8.237,4.402,1.145,0.471,2.341,0.4481,0.8077,2.371,0.4964,4.402,0.471,1.145,2.371,raw_delquant_flat_file,14.2003,10.554846153846153,3.6454538461538473,23.1077,1.8227,1.6273,5.0968,4.29,0.8068,8.6404,0.4034,1.6953,3.2608,2.3656923076923078,0.8951076923076924,4.8496,0.4476,1.4872,0.9439,0.6874615384615385,0.2564384615384615,1.2732,0.1282,1.3489,0.5491,0.4480769230769231,0.10102307692307694,0.5215,0.0505,0.9497,1.6469,1.1839230769230769,0.4629769230769232,2.5725,0.2315,1.562,0.4691,0.4659153846153846,0.003184615384615397,0.4497,0.0016,0.9586,0.7828,0.764453846153846,0.018346153846154012,0.8169,0.0092,1.0436,1.6758,1.2137692307692307,0.46203076923076924,2.602,0.231,1.5527,0.4773,0.4291384615384616,0.04816153846153842,0.5205,0.0241,1.0905
Cade Cunningham,1630595,DET,PG,21.269,4.917,7.299,1.209,0.561,3.174,0.457,0.8246,1.862,0.5231,7.299,0.561,1.209,1.862,raw_delquant_flat_file,14.2003,8.7513125,5.448987500000001,23.9935,2.7245,1.6896,5.0968,3.5715,1.5253,5.6796,0.7626,1.1143,3.2608,2.12,1.1408,7.8694,0.5704,2.4133,0.9439,0.7265625,0.21733749999999996,1.3177,0.1087,1.396,0.5491,0.4360625,0.11303750000000001,0.6175,0.0565,1.1246,1.6469,1.1275,0.5194000000000001,3.4337,0.2597,2.0849,0.4691,0.45863750000000003,0.010462499999999986,0.4622,0.0052,0.9853,0.7828,0.7500125,0.03278750000000008,0.841,0.0164,1.0743,1.6758,0.86675,0.8090499999999999,2.2665,0.4045,1.3525,0.4773,0.41046875,0.06683125000000001,0.5565,0.0334,1.1659
Karl-Anthony Towns,1626157,NYK,PF,19.593,10.775,2.926,0.829,0.967,2.381,0.5132,0.812,1.289,0.4675,2.926,0.967,0.829,1.289,raw_delquant_flat_file,14.2003,9.263352941176471,4.936947058823529,22.0615,2.4685,1.5536,5.0968,3.6023529411764708,1.4944470588235292,11.5222,0.7472,2.2607,3.2608,2.2386470588235294,1.0221529411764707,3.4371,0.5111,1.0541,0.9439,0.686235294117647,0.2576647058823529,0.9578,0.1288,1.0147,0.5491,0.3651764705882353,0.1839235294117647,1.059,0.092,1.9286,1.6469,1.1476470588235292,0.4992529411764708,2.6306,0.2496,1.5973,0.4691,0.46367058823529417,0.005429411764705849,0.5159,0.0027,1.0998,0.7828,0.7486411764705883,0.0341588235294118,0.8291,0.0171,1.0591,1.6758,1.0059411764705881,0.6698588235294118,1.6239,0.3349,0.969,0.4773,0.4239882352941176,0.05331176470588239,0.4942,0.0267,1.0354
Tyrese Maxey,1630178,PHI,PG,22.907,3.952,5.63,1.461,0.493,2.231,0.451,0.8623,2.511,0.5178,5.63,0.493,1.461,2.511,raw_delquant_flat_file,14.2003,9.916666666666666,4.283633333333334,25.0488,2.1418,1.764,5.0968,3.947611111111111,1.1491888888888888,4.5266,0.5746,0.8881,3.2608,2.145888888888889,1.1149111111111112,6.1875,0.5575,1.8975,0.9439,0.7621666666666667,0.1817333333333333,1.5519,0.0909,1.6441,0.5491,0.4476111111111111,0.1014888888888889,0.5437,0.0507,0.9902,1.6469,1.2115,0.4354,2.4487,0.2177,1.4869,0.4691,0.4532722222222222,0.01582777777777783,0.4589,0.0079,0.9783,0.7828,0.7502888888888889,0.03251111111111116,0.8786,0.0163,1.1224,1.6758,0.9857777777777778,0.6900222222222222,2.856,0.345,1.7043,0.4773,0.41952222222222224,0.05777777777777776,0.5467,0.0289,1.1454
Jalen Johnson,1630552,ATL,SF,18.866,8.505,4.786,1.23,0.731,2.561,0.485,0.7699,1.358,0.5067,4.786,0.731,1.23,1.358,raw_delquant_flat_file,14.2003,9.143944444444445,5.056355555555555,21.3942,2.5282,1.5066,5.0968,3.657666666666666,1.4391333333333338,9.2246,0.7196,1.8099,3.2608,2.035888888888889,1.224911111111111,5.3985,0.6125,1.6556,0.9439,0.709111111111111,0.23478888888888894,1.3474,0.1174,1.4275,0.5491,0.4205,0.12860000000000005,0.7953,0.0643,1.4484,1.6469,1.1113888888888888,0.5355111111111113,2.8288,0.2678,1.7177,0.4691,0.4601722222222222,0.008927777777777812,0.4895,0.0045,1.0435,0.7828,0.7444944444444445,0.03830555555555559,0.7891,0.0192,1.008,1.6758,1.0002222222222223,0.6755777777777776,1.6958,0.3378,1.0119,0.4773,0.4212388888888889,0.05606111111111112,0.5347,0.028,1.1203
Bam Adebayo,1628389,MIA,PF,18.563,9.881,3.363,1.044,0.928,1.977,0.4879,0.757,0.951,0.5003,3.363,0.928,1.044,0.951,raw_delquant_flat_file,14.2003,10.5542,3.6461000000000006,20.386,1.823,1.4356,5.0968,3.9381333333333335,1.1586666666666665,10.4603,0.5793,2.0523,3.2608,2.4346,0.8262,3.7761,0.4131,1.158,0.9439,0.7641333333333333,0.17976666666666663,1.1339,0.0899,1.2013,0.5491,0.3908666666666667,0.15823333333333334,1.0071,0.0791,1.8341,1.6469,1.2644666666666666,0.3824333333333334,2.1682,0.1912,1.3165,0.4691,0.4581266666666667,0.010973333333333335,0.4934,0.0055,1.0518,0.7828,0.7705466666666667,0.012253333333333338,0.7631,0.0061,0.9748,1.6758,1.1222666666666667,0.5535333333333332,1.2278,0.2768,0.7327,0.4773,0.4400866666666667,0.03721333333333332,0.5189,0.0186,1.0872
Kevin Durant,201142,HOU,SF,22.796,6.06,4.205,0.895,0.886,2.741,0.5012,0.8419,1.951,0.5263,4.205,0.886,0.895,1.951,raw_delquant_flat_file,14.2003,8.824733333333334,5.375566666666666,25.4838,2.6878,1.7946,5.0968,4.1628,0.9340000000000002,6.527,0.467,1.2806,3.2608,1.8478666666666668,1.4129333333333334,4.9115,0.7065,1.5062,0.9439,0.6666000000000001,0.2772999999999999,1.0336,0.1386,1.095,0.5491,0.48633333333333334,0.06276666666666669,0.9174,0.0314,1.6707,1.6469,1.1314666666666668,0.5154333333333332,2.9987,0.2577,1.8208,0.4691,0.45740666666666663,0.011693333333333389,0.507,0.0058,1.0808,0.7828,0.7326733333333333,0.050126666666666764,0.867,0.0251,1.1076,1.6758,0.7818666666666666,0.8939333333333334,2.398,0.447,1.431,0.4773,0.4135466666666667,0.06375333333333333,0.5582,0.0319,1.1695
Scottie Barnes,1630567,TOR,SG,18.133,7.298,4.697,1.275,1.097,2.444,0.4759,0.7797,1.151,0.5067,4.697,1.097,1.275,1.151,raw_delquant_flat_file,14.2003,9.236749999999999,4.9635500000000015,20.6148,2.4818,1.4517,5.0968,3.6478125,1.4489874999999999,8.0225,0.7245,1.574,3.2608,2.18275,1.0780500000000002,5.236,0.539,1.6057,0.9439,0.678875,0.26502499999999996,1.4075,0.1325,1.4912,0.5491,0.401625,0.14747500000000002,1.1707,0.0737,2.132,1.6469,1.1529375,0.4939625000000001,2.691,0.247,1.634,0.4691,0.4618875,0.007212500000000011,0.4795,0.0036,1.0222,0.7828,0.7451625,0.0376375000000001,0.7985,0.0188,1.0201,1.6758,0.855875,0.8199249999999999,1.561,0.41,0.9315,0.4773,0.43621875,0.041081250000000014,0.5272,0.0205,1.1045
Anthony Edwards,1630162,MIN,PG,23.45,4.814,4.391,1.257,0.554,2.671,0.4637,0.8142,2.686,0.5231,4.391,0.554,1.257,2.686,raw_delquant_flat_file,14.2003,9.3915,4.8088,25.8544,2.4044,1.8207,5.0968,3.598375,1.4984250000000001,5.5632,0.7492,1.0915,3.2608,2.197875,1.0629250000000003,4.9225,0.5315,1.5096,0.9439,0.7104375,0.2334624999999999,1.3737,0.1167,1.4553,0.5491,0.429875,0.11922500000000003,0.6136,0.0596,1.1175,1.6469,1.16025,0.48665,2.9143,0.2433,1.7696,0.4691,0.4592625,0.009837499999999999,0.4686,0.0049,0.9989,0.7828,0.7549875,0.027812500000000018,0.8281,0.0139,1.0579,1.6758,1.0204374999999999,0.6553625000000001,3.0137,0.3277,1.7984,0.4773,0.42216875,0.05513125000000002,0.5507,0.0276,1.1538
Donovan Mitchell,1628378,CLE,PG,22.619,4.379,5.282,1.398,0.319,2.403,0.4626,0.8449,2.666,0.4848,5.282,0.319,1.398,2.666,raw_delquant_flat_file,14.2003,9.614411764705881,4.585888235294119,24.9119,2.2929,1.7543,5.0968,3.805411764705883,1.291388235294117,5.0247,0.6457,0.9859,3.2608,2.4610588235294117,0.7997411764705884,5.6819,0.3999,1.7425,0.9439,0.7529411764705882,0.19095882352941174,1.4935,0.0955,1.5823,0.5491,0.4275294117647059,0.12157058823529415,0.3798,0.0608,0.6917,1.6469,1.1886470588235294,0.45825294117647064,2.6321,0.2291,1.5982,0.4691,0.4603,0.00880000000000003,0.467,0.0044,0.9955,0.7828,0.773,0.009800000000000031,0.8498,0.0049,1.0856,1.6758,1.1414705882352942,0.5343294117647057,2.9332,0.2672,1.7503,0.4773,0.4022529411764706,0.07504705882352941,0.5223,0.0375,1.0943
Kawhi Leonard,202695,LAC,SF,21.394,6.397,3.369,1.469,0.543,1.956,0.4963,0.8454,1.853,0.4447,3.369,0.543,1.469,1.853,raw_delquant_flat_file,14.2003,9.250625,4.949675000000001,23.8688,2.4748,1.6809,5.0968,3.37875,1.7180499999999999,7.256,0.859,1.4236,3.2608,2.192375,1.068425,3.9032,0.5342,1.197,0.9439,0.7555000000000001,0.1883999999999999,1.5632,0.0942,1.6561,0.5491,0.41118750000000004,0.1379125,0.612,0.069,1.1146,1.6469,1.1773125,0.46958750000000005,2.1908,0.2348,1.3303,0.4691,0.45813125,0.010968750000000027,0.5018,0.0055,1.0697,0.7828,0.77625,0.006550000000000056,0.8487,0.0033,1.0842,1.6758,1.0209375,0.6548624999999999,2.1804,0.3274,1.3011,0.4773,0.4134875,0.0638125,0.4766,0.0319,0.9985
Paolo Banchero,1631094,ORL,SF,20.818,7.382,4.214,0.902,0.678,2.652,0.4615,0.7556,1.334,0.5088,4.214,0.678,0.902,1.334,raw_delquant_flat_file,14.2003,9.959933333333334,4.240366666666667,22.9382,2.1202,1.6153,5.0968,3.8836,1.2132,7.9886,0.6066,1.5674,3.2608,2.1512666666666664,1.1095333333333337,4.7688,0.5548,1.4625,0.9439,0.7268000000000001,0.21709999999999985,1.0105,0.1085,1.0706,0.5491,0.4478,0.10130000000000006,0.7286,0.0506,1.3269,1.6469,1.2436666666666667,0.40323333333333333,2.8536,0.2016,1.7327,0.4691,0.45659333333333335,0.012506666666666666,0.4678,0.0063,0.9972,0.7828,0.7623666666666666,0.020433333333333414,0.7658,0.0102,0.9783,1.6758,0.9354666666666667,0.7403333333333333,1.7042,0.3702,1.0169,0.4773,0.43374666666666667,0.04355333333333333,0.5306,0.0218,1.1117
Evan Mobley,1630596,CLE,C,17.04,9.289,2.926,0.805,1.608,1.998,0.5497,0.6754,0.685,0.4758,2.926,1.608,0.805,0.685,raw_delquant_flat_file,14.2003,9.614411764705881,4.585888235294119,19.3329,2.2929,1.3614,5.0968,3.805411764705883,1.291388235294117,9.9347,0.6457,1.9492,3.2608,2.4610588235294117,0.7997411764705884,3.3259,0.3999,1.02,0.9439,0.7529411764705882,0.19095882352941174,0.9005,0.0955,0.954,0.5491,0.4275294117647059,0.12157058823529415,1.6688,0.0608,3.0392,1.6469,1.1886470588235294,0.45825294117647064,2.2271,0.2291,1.3523,0.4691,0.4603,0.00880000000000003,0.5541,0.0044,1.1812,0.7828,0.773,0.009800000000000031,0.6803,0.0049,0.8691,1.6758,1.1414705882352942,0.5343294117647057,0.9522,0.2672,0.5682,0.4773,0.4022529411764706,0.07504705882352941,0.5133,0.0375,1.0754
James Harden,201935,CLE,PG,19.137,4.608,7.329,1.173,0.446,2.995,0.4335,0.8748,2.536,0.4201,7.329,0.446,1.173,2.536,raw_delquant_flat_file,14.2003,9.614411764705881,4.585888235294119,21.4299,2.2929,1.5091,5.0968,3.805411764705883,1.291388235294117,5.2537,0.6457,1.0308,3.2608,2.4610588235294117,0.7997411764705884,7.7289,0.3999,2.3702,0.9439,0.7529411764705882,0.19095882352941174,1.2685,0.0955,1.3439,0.5491,0.4275294117647059,0.12157058823529415,0.5068,0.0608,0.923,1.6469,1.1886470588235294,0.45825294117647064,3.2241,0.2291,1.9577,0.4691,0.4603,0.00880000000000003,0.4379,0.0044,0.9335,0.7828,0.773,0.009800000000000031,0.8797,0.0049,1.1238,1.6758,1.1414705882352942,0.5343294117647057,2.8032,0.2672,1.6728,0.4773,0.4022529411764706,0.07504705882352941,0.4576,0.0375,0.9587
Jaylen Brown,1627759,BOS,SG,22.126,5.41,4.727,1.143,0.357,2.689,0.4696,0.7873,1.88,0.4848,4.727,0.357,1.143,1.88,raw_delquant_flat_file,14.2003,10.554846153846153,3.6454538461538473,23.9487,1.8227,1.6865,5.0968,4.29,0.8068,5.8134,0.4034,1.1406,3.2608,2.3656923076923078,0.8951076923076924,5.1746,0.4476,1.5869,0.9439,0.6874615384615385,0.2564384615384615,1.2712,0.1282,1.3468,0.5491,0.4480769230769231,0.10102307692307694,0.4075,0.0505,0.7421,1.6469,1.1839230769230769,0.4629769230769232,2.9205,0.2315,1.7733,0.4691,0.4659153846153846,0.003184615384615397,0.4712,0.0016,1.0045,0.7828,0.764453846153846,0.018346153846154012,0.7965,0.0092,1.0175,1.6758,1.2137692307692307,0.46203076923076924,2.111,0.231,1.2597,0.4773,0.4291384615384616,0.04816153846153842,0.5089,0.0241,1.0662
Jalen Brunson,1628973,NYK,PG,22.739,3.533,6.141,0.99,0.196,2.295,0.4683,0.832,2.256,0.4848,6.141,0.196,0.99,2.256,raw_delquant_flat_file,14.2003,9.263352941176471,4.936947058823529,25.2075,2.4685,1.7751,5.0968,3.6023529411764708,1.4944470588235292,4.2802,0.7472,0.8398,3.2608,2.2386470588235294,1.0221529411764707,6.6521,0.5111,2.04,0.9439,0.686235294117647,0.2576647058823529,1.1188,0.1288,1.1853,0.5491,0.3651764705882353,0.1839235294117647,0.288,0.092,0.5245,1.6469,1.1476470588235292,0.4992529411764708,2.5446,0.2496,1.5451,0.4691,0.46367058823529417,0.005429411764705849,0.471,0.0027,1.0041,0.7828,0.7486411764705883,0.0341588235294118,0.8491,0.0171,1.0847,1.6758,1.0059411764705881,0.6698588235294118,2.5909,0.3349,1.5461,0.4773,0.4239882352941176,0.05331176470588239,0.5115,0.0267,1.0717
Domantas Sabonis,1627734,SAC,PF,16.93,10.187,4.407,0.932,0.446,2.458,0.5279,0.746,0.799,0.4755,4.407,0.446,0.932,0.799,raw_delquant_flat_file,14.2003,11.1313125,3.0689875000000004,18.4645,1.5345,1.3003,5.0968,4.452625,0.6441749999999997,10.5091,0.3221,2.0619,3.2608,2.650875,0.609925,4.712,0.305,1.445,0.9439,0.7828125,0.16108749999999994,1.0125,0.0805,1.0727,0.5491,0.4605,0.08860000000000001,0.4903,0.0443,0.8929,1.6469,1.4098125,0.23708750000000012,2.5765,0.1185,1.5645,0.4691,0.4689375,0.00016250000000000986,0.528,0.0001,1.1256,0.7828,0.76156875,0.021231250000000035,0.7566,0.0106,0.9665,1.6758,1.0809374999999999,0.5948625000000001,1.0964,0.2974,0.6543,0.4773,0.41033125,0.06696875000000002,0.509,0.0335,1.0664
Devin Booker,1626164,PHX,PG,22.456,4.031,5.878,0.992,0.296,2.631,0.4605,0.8672,1.989,0.4848,5.878,0.296,0.992,1.989,raw_delquant_flat_file,14.2003,8.88535294117647,5.314947058823531,25.1135,2.6575,1.7685,5.0968,3.3191764705882356,1.7776235294117644,4.9198,0.8888,0.9653,3.2608,1.9868235294117649,1.2739764705882353,6.515,0.637,1.998,0.9439,0.6880588235294117,0.25584117647058824,1.1199,0.1279,1.1865,0.5491,0.34911764705882353,0.1999823529411765,0.396,0.1,0.7212,1.6469,1.0747058823529412,0.5721941176470589,2.9171,0.2861,1.7713,0.4691,0.4498411764705882,0.019258823529411828,0.4701,0.0096,1.0021,0.7828,0.7384588235294117,0.04434117647058833,0.8894,0.0222,1.1362,1.6758,1.0250588235294116,0.6507411764705884,2.3144,0.3254,1.3811,0.4773,0.41646470588235296,0.06083529411764704,0.5152,0.0304,1.0794
Jamal Murray,1627750,DEN,PG,20.754,4.108,5.967,1.112,0.41,2.147,0.4706,0.8613,2.411,0.4848,5.967,0.41,1.112,2.411,raw_delquant_flat_file,14.2003,9.484444444444444,4.715855555555557,23.1119,2.3579,1.6276,5.0968,3.5435,1.5533000000000001,4.8846,0.7766,0.9584,3.2608,2.3794444444444443,0.8813555555555559,6.4077,0.4407,1.9651,0.9439,0.6557777777777778,0.28812222222222217,1.2561,0.1441,1.3308,0.5491,0.35344444444444445,0.19565555555555558,0.5078,0.0978,0.9248,1.6469,1.0929444444444443,0.5539555555555558,2.424,0.277,1.4719,0.4691,0.4566777777777778,0.012422222222222223,0.4768,0.0062,1.0164,0.7828,0.7742055555555556,0.00859444444444446,0.8656,0.0043,1.1058,1.6758,1.0026111111111111,0.6731888888888888,2.7476,0.3366,1.6396,0.4773,0.41878333333333334,0.05851666666666666,0.5141,0.0293,1.0771
Zion Williamson,1629627,NOP,SF,20.293,6.455,3.681,1.077,0.72,2.3,0.5349,0.7203,0.594,0.5149,3.681,0.72,1.077,0.594,raw_delquant_flat_file,14.2003,10.4724,3.7279,22.1569,1.8639,1.5603,5.0968,4.337199999999999,0.7596000000000007,6.8348,0.3798,1.341,3.2608,2.329333333333333,0.9314666666666671,4.1467,0.4657,1.2717,0.9439,0.7901333333333334,0.1537666666666666,1.1539,0.0769,1.2225,0.5491,0.5034666666666666,0.045633333333333415,0.7428,0.0228,1.3528,1.6469,1.3388,0.30810000000000004,2.454,0.154,1.4901,0.4691,0.4649933333333333,0.004106666666666703,0.537,0.0021,1.1447,0.7828,0.7565666666666666,0.026233333333333442,0.7334,0.0131,0.9369,1.6758,0.9537333333333333,0.7220666666666666,0.955,0.361,0.5699,0.4773,0.4297066666666666,0.047593333333333376,0.5387,0.0238,1.1286
De'Aaron Fox,1628368,SAS,PG,19.962,4.165,5.614,1.357,0.323,2.363,0.4652,0.7946,1.964,0.5057,5.614,0.323,1.357,1.964,raw_delquant_flat_file,14.2003,8.8863125,5.3139875,22.619,2.657,1.5929,5.0968,3.6095625,1.4872375,4.9086,0.7436,0.9631,3.2608,2.0776875,1.1831125,6.2056,0.5916,1.9031,0.9439,0.64025,0.30365,1.5088,0.1518,1.5985,0.5491,0.438375,0.11072500000000002,0.3784,0.0554,0.6891,1.6469,1.095,0.5519000000000001,2.639,0.276,1.6024,0.4691,0.4674875,0.0016125000000000167,0.466,0.0008,0.9934,0.7828,0.7385375,0.04426250000000009,0.8167,0.0221,1.0433,1.6758,0.9138124999999999,0.7619875,2.345,0.381,1.3993,0.4773,0.421575,0.055725000000000025,0.5336,0.0279,1.118
Chet Holmgren,1631096,OKC,PF,16.328,8.869,2.142,0.728,1.834,1.847,0.532,0.7442,0.981,0.4987,2.142,1.834,0.728,0.981,raw_delquant_flat_file,14.2003,10.152375,4.047925000000001,18.352,2.024,1.2924,5.0968,3.7781875,1.3186125,9.5283,0.6593,1.8695,3.2608,2.4305,0.8303000000000003,2.5572,0.4152,0.7842,0.9439,0.8349375,0.10896249999999996,0.7825,0.0545,0.829,0.5491,0.4696875,0.07941250000000005,1.8737,0.0397,3.4123,1.6469,1.19125,0.4556500000000001,2.0748,0.2278,1.2598,0.4691,0.4647125,0.004387500000000044,0.5342,0.0022,1.1388,0.7828,0.774775,0.00802500000000006,0.7482,0.004,0.9558,1.6758,1.0983749999999999,0.5774250000000001,1.2697,0.2887,0.7577,0.4773,0.421575,0.055725000000000025,0.5266,0.0279,1.1033
Deni Avdija,1630166,POR,SF,19.037,6.971,4.341,0.939,0.64,2.721,0.4706,0.7868,1.53,0.5149,4.341,0.64,0.939,1.53,raw_delquant_flat_file,14.2003,9.020555555555555,5.179744444444445,21.6269,2.5899,1.523,5.0968,3.5888333333333335,1.5079666666666665,7.725,0.754,1.5157,3.2608,2.1012222222222223,1.1595777777777778,4.9208,0.5798,1.5091,0.9439,0.7107777777777778,0.23312222222222212,1.0556,0.1166,1.1183,0.5491,0.4397777777777778,0.10932222222222221,0.6947,0.0547,1.2652,1.6469,1.2561666666666667,0.3907333333333334,2.9164,0.1954,1.7708,0.4691,0.4412666666666667,0.02783333333333332,0.4845,0.0139,1.0328,0.7828,0.7468,0.03600000000000003,0.8048,0.018,1.0281,1.6758,1.005111111111111,0.6706888888888889,1.8653,0.3353,1.1131,0.4773,0.43099444444444446,0.046305555555555544,0.5381,0.0232,1.1274
Stephen Curry,201939,GSW,PG,21.051,3.806,5.611,1.121,0.352,2.592,0.4558,0.9005,3.268,0.4142,5.611,0.352,1.121,3.268,raw_delquant_flat_file,14.2003,9.445555555555556,4.754744444444444,23.4284,2.3774,1.6499,5.0968,3.606555555555556,1.490244444444444,4.5511,0.7451,0.8929,3.2608,2.3485555555555555,0.9122444444444446,6.0671,0.4561,1.8606,0.9439,0.7605555555555555,0.18334444444444442,1.2127,0.0917,1.2848,0.5491,0.41038888888888886,0.13871111111111117,0.4214,0.0694,0.7674,1.6469,1.1836111111111112,0.46328888888888886,2.8236,0.2316,1.7145,0.4691,0.46147777777777776,0.007622222222222252,0.4596,0.0038,0.9797,0.7828,0.7820055555555556,0.000794444444444431,0.9009,0.0004,1.1509,1.6758,1.1357222222222223,0.5400777777777777,3.538,0.27,2.1112,0.4773,0.39902777777777776,0.07827222222222224,0.4533,0.0391,0.9497
Pascal Siakam,1627783,IND,SF,19.976,6.654,3.48,1.001,0.516,1.876,0.494,0.7345,1.395,0.4612,3.48,0.516,1.001,1.395,raw_delquant_flat_file,14.2003,9.299555555555555,4.900744444444445,22.4264,2.4504,1.5793,5.0968,3.769944444444444,1.326855555555556,7.3174,0.6634,1.4357,3.2608,2.2429444444444444,1.0178555555555557,3.9889,0.5089,1.2233,0.9439,0.6926111111111112,0.2512888888888888,1.1266,0.1256,1.1936,0.5491,0.4008333333333333,0.1482666666666667,0.5901,0.0741,1.0747,1.6469,1.1437777777777778,0.5031222222222222,2.1276,0.2516,1.2919,0.4691,0.4635222222222223,0.005577777777777737,0.4968,0.0028,1.059,0.7828,0.7666499999999999,0.01615000000000011,0.7426,0.0081,0.9486,1.6758,0.973388888888889,0.702411111111111,1.7462,0.3512,1.042,0.4773,0.41789444444444446,0.059405555555555545,0.4909,0.0297,1.0285
Ivica Zubac,1627826,IND,C,15.546,10.586,2.489,0.602,1.182,1.833,0.5724,0.7259,0.212,0.4957,2.489,1.182,0.602,0.212,raw_delquant_flat_file,14.2003,9.299555555555555,4.900744444444445,17.9964,2.4504,1.2673,5.0968,3.769944444444444,1.326855555555556,11.2494,0.6634,2.2071,3.2608,2.2429444444444444,1.0178555555555557,2.9979,0.5089,0.9194,0.9439,0.6926111111111112,0.2512888888888888,0.7276,0.1256,0.7708,0.5491,0.4008333333333333,0.1482666666666667,1.2561,0.0741,2.2876,1.6469,1.1437777777777778,0.5031222222222222,2.0846,0.2516,1.2658,0.4691,0.4635222222222223,0.005577777777777737,0.5752,0.0028,1.2262,0.7828,0.7666499999999999,0.01615000000000011,0.734,0.0081,0.9377,1.6758,0.973388888888889,0.702411111111111,0.5632,0.3512,0.3361,0.4773,0.41789444444444446,0.059405555555555545,0.5254,0.0297,1.1008
Josh Giddey,1630581,CHI,PG,16.058,6.36,6.516,1.09,0.467,2.764,0.4536,0.7888,1.623,0.5335,6.516,0.467,1.09,1.623,raw_delquant_flat_file,14.2003,8.785941176470587,5.4143588235294136,18.7652,2.7072,1.3215,5.0968,3.5295882352941175,1.5672117647058825,7.1436,0.7836,1.4016,3.2608,2.0900588235294117,1.1707411764705884,7.1014,0.5854,2.1778,0.9439,0.6158823529411765,0.3280176470588234,1.254,0.164,1.3285,0.5491,0.38964705882352946,0.15945294117647058,0.5467,0.0797,0.9956,1.6469,1.1739411764705883,0.47295882352941176,3.0005,0.2365,1.8219,0.4691,0.4611058823529412,0.007994117647058818,0.4576,0.004,0.9755,0.7828,0.7538823529411764,0.028917647058823603,0.8033,0.0145,1.0262,1.6758,0.949,0.7268,1.9864,0.3634,1.1853,0.4773,0.4102058823529412,0.0670941176470588,0.567,0.0335,1.1879
Lauri Markkanen,1628374,UTA,PF,20.865,6.829,2.33,0.961,0.522,1.667,0.4667,0.8512,2.214,0.4964,2.33,0.522,0.961,2.214,raw_delquant_flat_file,14.2003,11.249888888888888,2.950411111111112,22.3402,1.4752,1.5732,5.0968,4.457277777777778,0.6395222222222223,7.1488,0.3198,1.4026,3.2608,2.645388888888889,0.6154111111111114,2.6377,0.3077,0.8089,0.9439,0.8517222222222222,0.0921777777777778,1.0071,0.0461,1.067,0.5491,0.4432222222222222,0.10587777777777785,0.5749,0.0529,1.047,1.6469,1.4776666666666667,0.16923333333333335,1.7516,0.0846,1.0636,0.4691,0.45565000000000005,0.013449999999999962,0.4734,0.0067,1.0092,0.7828,0.7633666666666667,0.019433333333333302,0.8609,0.0097,1.0998,1.6758,1.2035,0.47229999999999994,2.4502,0.2362,1.4621,0.4773,0.4321166666666667,0.0451833333333333,0.519,0.0226,1.0874
Julius Randle,203944,MIN,PF,19.005,7.027,4.196,0.95,0.395,2.501,0.4758,0.7937,1.386,0.4561,4.196,0.395,0.95,1.386,raw_delquant_flat_file,14.2003,9.3915,4.8088,21.4094,2.4044,1.5077,5.0968,3.598375,1.4984250000000001,7.7762,0.7492,1.5257,3.2608,2.197875,1.0629250000000003,4.7275,0.5315,1.4498,0.9439,0.7104375,0.2334624999999999,1.0667,0.1167,1.1301,0.5491,0.429875,0.11922500000000003,0.4546,0.0596,0.8279,1.6469,1.16025,0.48665,2.7443,0.2433,1.6663,0.4691,0.4592625,0.009837499999999999,0.4807,0.0049,1.0247,0.7828,0.7549875,0.027812500000000018,0.8076,0.0139,1.0317,1.6758,1.0204374999999999,0.6553625000000001,1.7137,0.3277,1.0226,0.4773,0.42216875,0.05513125000000002,0.4837,0.0276,1.0134
Cooper Flagg,1642843,DAL,SF,18.284,6.38,3.628,1.108,0.886,2.178,0.4594,0.7937,1.132,0.5047,3.628,0.886,1.108,1.132,raw_delquant_flat_file,14.2003,9.4712,4.729100000000001,20.6486,2.3646,1.4541,5.0968,3.9284,1.1684,6.9642,0.5842,1.3664,3.2608,2.088,1.1728,4.2144,0.5864,1.2924,0.9439,0.6827500000000001,0.2611499999999999,1.2386,0.1306,1.3122,0.5491,0.4574,0.09170000000000006,0.9318,0.0458,1.697,1.6469,1.1912,0.4557,2.4058,0.2278,1.4608,0.4691,0.463675,0.005425000000000013,0.4621,0.0027,0.9851,0.7828,0.755695,0.027105000000000046,0.8073,0.0136,1.0313,1.6758,0.893,0.7827999999999999,1.5234,0.3914,0.9091,0.4773,0.41499499999999995,0.062305000000000055,0.5359,0.0312,1.1228
Jaren Jackson Jr.,1628991,UTA,PF,19.233,6.161,2.436,1.121,1.198,2.161,0.4712,0.7882,1.584,0.4956,2.436,1.198,1.121,1.584,raw_delquant_flat_file,14.2003,11.249888888888888,2.950411111111112,20.7082,1.4752,1.4583,5.0968,4.457277777777778,0.6395222222222223,6.4808,0.3198,1.2715,3.2608,2.645388888888889,0.6154111111111114,2.7437,0.3077,0.8414,0.9439,0.8517222222222222,0.0921777777777778,1.1671,0.0461,1.2365,0.5491,0.4432222222222222,0.10587777777777785,1.2509,0.0529,2.2781,1.6469,1.4776666666666667,0.16923333333333335,2.2456,0.0846,1.3635,0.4691,0.45565000000000005,0.013449999999999962,0.4779,0.0067,1.0188,0.7828,0.7633666666666667,0.019433333333333302,0.7979,0.0097,1.0193,1.6758,1.2035,0.47229999999999994,1.8202,0.2362,1.0862,0.4773,0.4321166666666667,0.0451833333333333,0.5182,0.0226,1.0857
Jalen Duren,1631105,DET,C,15.886,10.181,2.236,0.754,1.089,1.953,0.5954,0.7191,0.139,0.4913,2.236,1.089,0.754,0.139,raw_delquant_flat_file,14.2003,8.7513125,5.448987500000001,18.6105,2.7245,1.3106,5.0968,3.5715,1.5253,10.9436,0.7626,2.1472,3.2608,2.12,1.1408,2.8064,0.5704,0.8606,0.9439,0.7265625,0.21733749999999996,0.8627,0.1087,0.914,0.5491,0.4360625,0.11303750000000001,1.1455,0.0565,2.0861,1.6469,1.1275,0.5194000000000001,2.2127,0.2597,1.3436,0.4691,0.45863750000000003,0.010462499999999986,0.6006,0.0052,1.2803,0.7828,0.7500125,0.03278750000000008,0.7355,0.0164,0.9396,1.6758,0.86675,0.8090499999999999,0.5435,0.4045,0.3243,0.4773,0.41046875,0.06683125000000001,0.5247,0.0334,1.0993
Brandon Ingram,1627742,TOR,SF,19.671,6.024,3.863,0.905,0.647,2.502,0.4746,0.8054,1.622,0.4964,3.863,0.647,0.905,1.622,raw_delquant_flat_file,14.2003,9.236749999999999,4.9635500000000015,22.1528,2.4818,1.56,5.0968,3.6478125,1.4489874999999999,6.7485,0.7245,1.3241,3.2608,2.18275,1.0780500000000002,4.402,0.539,1.35,0.9439,0.678875,0.26502499999999996,1.0375,0.1325,1.0992,0.5491,0.401625,0.14747500000000002,0.7207,0.0737,1.3125,1.6469,1.1529375,0.4939625000000001,2.749,0.247,1.6692,0.4691,0.4618875,0.007212500000000011,0.4782,0.0036,1.0194,0.7828,0.7451625,0.0376375000000001,0.8242,0.0188,1.0529,1.6758,0.855875,0.8199249999999999,2.032,0.41,1.2126,0.4773,0.43621875,0.041081250000000014,0.5169,0.0205,1.083
Jimmy Butler III,202710,GSW,SF,17.919,5.956,4.401,1.244,0.397,1.75,0.4943,0.8382,0.929,0.4524,4.401,0.397,1.244,0.929,raw_delquant_flat_file,14.2003,9.445555555555556,4.754744444444444,20.2964,2.3774,1.4293,5.0968,3.606555555555556,1.490244444444444,6.7011,0.7451,1.3148,3.2608,2.3485555555555555,0.9122444444444446,4.8571,0.4561,1.4895,0.9439,0.7605555555555555,0.18334444444444442,1.3357,0.0917,1.4151,0.5491,0.41038888888888886,0.13871111111111117,0.4664,0.0694,0.8494,1.6469,1.1836111111111112,0.46328888888888886,1.9816,0.2316,1.2032,0.4691,0.46147777777777776,0.007622222222222252,0.4981,0.0038,1.0618,0.7828,0.7820055555555556,0.000794444444444431,0.8386,0.0004,1.0713,1.6758,1.1357222222222223,0.5400777777777777,1.199,0.27,0.7155,0.4773,0.39902777777777776,0.07827222222222224,0.4915,0.0391,1.0298
Franz Wagner,1630532,ORL,SF,19.638,5.939,3.456,1.077,0.537,1.983,0.4725,0.8143,1.377,0.5067,3.456,0.537,1.077,1.377,raw_delquant_flat_file,14.2003,9.959933333333334,4.240366666666667,21.7582,2.1202,1.5322,5.0968,3.8836,1.2132,6.5456,0.6066,1.2843,3.2608,2.1512666666666664,1.1095333333333337,4.0108,0.5548,1.23,0.9439,0.7268000000000001,0.21709999999999985,1.1855,0.1085,1.256,0.5491,0.4478,0.10130000000000006,0.5876,0.0506,1.0701,1.6469,1.2436666666666667,0.40323333333333333,2.1846,0.2016,1.3265,0.4691,0.45659333333333335,0.012506666666666666,0.4788,0.0063,1.0207,0.7828,0.7623666666666666,0.020433333333333414,0.8245,0.0102,1.0533,1.6758,0.9354666666666667,0.7403333333333333,1.7472,0.3702,1.0426,0.4773,0.43374666666666667,0.04355333333333333,0.5285,0.0218,1.1073
Rudy Gobert,203497,MIN,C,13.28,10.753,1.986,0.758,1.602,1.602,0.5848,0.6464,0.155,0.4805,1.986,1.602,0.758,0.155,raw_delquant_flat_file,14.2003,9.3915,4.8088,15.6844,2.4044,1.1045,5.0968,3.598375,1.4984250000000001,11.5022,0.7492,2.2567,3.2608,2.197875,1.0629250000000003,2.5175,0.5315,0.772,0.9439,0.7104375,0.2334624999999999,0.8747,0.1167,0.9267,0.5491,0.429875,0.11922500000000003,1.6616,0.0596,3.026,1.6469,1.16025,0.48665,1.8453,0.2433,1.1205,0.4691,0.4592625,0.009837499999999999,0.5897,0.0049,1.2571,0.7828,0.7549875,0.027812500000000018,0.6603,0.0139,0.8435,1.6758,1.0204374999999999,0.6553625000000001,0.4827,0.3277,0.288,0.4773,0.42216875,0.05513125000000002,0.5081,0.0276,1.0645
Trey Murphy III,1630530,NOP,SF,18.966,5.983,3.22,1.176,0.616,1.809,0.4637,0.8308,2.342,0.5149,3.22,0.616,1.176,2.342,raw_delquant_flat_file,14.2003,10.4724,3.7279,20.83,1.864,1.4669,5.0968,4.337199999999999,0.7596000000000007,6.3628,0.3798,1.2484,3.2608,2.329333333333333,0.9314666666666671,3.6857,0.4657,1.1303,0.9439,0.7901333333333334,0.1537666666666666,1.2529,0.0769,1.3274,0.5491,0.5034666666666666,0.045633333333333415,0.6388,0.0228,1.1634,1.6469,1.3388,0.30810000000000004,1.963,0.154,1.1919,0.4691,0.4649933333333333,0.004106666666666703,0.4658,0.0021,0.993,0.7828,0.7565666666666666,0.026233333333333442,0.8439,0.0131,1.0781,1.6758,0.9537333333333333,0.7220666666666666,2.703,0.361,1.613,0.4773,0.4297066666666666,0.047593333333333376,0.5387,0.0238,1.1286
Ja Morant,1629630,MEM,PG,18.877,3.947,6.224,1.158,0.308,2.868,0.4386,0.847,1.547,0.5226,6.224,0.308,1.158,1.547,raw_delquant_flat_file,14.2003,9.42378947368421,4.776510526315791,21.2653,2.3883,1.4975,5.0968,3.582263157894737,1.514536842105263,4.7043,0.7573,0.923,3.2608,2.3693684210526316,0.8914315789473686,6.6697,0.4457,2.0454,0.9439,0.7777894736842105,0.1661105263157895,1.2411,0.0831,1.3149,0.5491,0.3871578947368421,0.16194210526315794,0.389,0.081,0.7084,1.6469,1.2790526315789474,0.3678473684210526,3.0519,0.1839,1.8531,0.4691,0.452621052631579,0.016478947368421037,0.4468,0.0082,0.9525,0.7828,0.7797315789473684,0.003068421052631609,0.8485,0.0015,1.0839,1.6758,1.0590526315789475,0.6167473684210525,1.8554,0.3084,1.1072,0.4773,0.410321052631579,0.06697894736842103,0.5561,0.0335,1.1651
Nikola Vučević,202696,BOS,C,15.582,9.059,3.031,0.695,0.992,1.589,0.5016,0.7608,1.119,0.438,3.031,0.992,0.695,1.119,raw_delquant_flat_file,14.2003,10.554846153846153,3.6454538461538473,17.4047,1.8227,1.2257,5.0968,4.29,0.8068,9.4624,0.4034,1.8565,3.2608,2.3656923076923078,0.8951076923076924,3.4786,0.4476,1.0668,0.9439,0.6874615384615385,0.2564384615384615,0.8232,0.1282,0.8721,0.5491,0.4480769230769231,0.10102307692307694,1.0425,0.0505,1.8986,1.6469,1.1839230769230769,0.4629769230769232,1.8205,0.2315,1.1054,0.4691,0.4659153846153846,0.003184615384615397,0.5032,0.0016,1.0727,0.7828,0.764453846153846,0.018346153846154012,0.77,0.0092,0.9836,1.6758,1.2137692307692307,0.46203076923076924,1.35,0.231,0.8056,0.4773,0.4291384615384616,0.04816153846153842,0.4621,0.0241,0.9682
Austin Reaves,1630559,LAL,PG,19.496,4.33,5.271,1.103,0.339,2.454,0.4686,0.8576,2.137,0.5085,5.271,0.339,1.103,2.137,raw_delquant_flat_file,14.2003,9.564941176470587,4.635358823529414,21.8137,2.3177,1.5361,5.0968,3.6745882352941175,1.4222117647058825,5.0411,0.7111,0.9891,3.2608,2.2321764705882354,1.0286235294117647,5.7853,0.5143,1.7742,0.9439,0.6849411764705883,0.2589588235294117,1.2325,0.1295,1.3058,0.5491,0.36511764705882355,0.18398235294117649,0.431,0.092,0.7849,1.6469,1.2188823529411765,0.4280176470588235,2.668,0.214,1.62,0.4691,0.46496470588235295,0.00413529411764707,0.4707,0.0021,1.0034,0.7828,0.744035294117647,0.038764705882353034,0.877,0.0194,1.1203,1.6758,0.9627058823529412,0.7130941176470588,2.4935,0.3565,1.4879,0.4773,0.43051764705882356,0.04678235294117644,0.5319,0.0234,1.1144
Desmond Bane,1630217,ORL,PG,19.304,4.447,4.775,1.124,0.403,2.231,0.4687,0.8691,2.155,0.5085,4.775,0.403,1.124,2.155,raw_delquant_flat_file,14.2003,9.959933333333334,4.240366666666667,21.4242,2.1202,1.5087,5.0968,3.8836,1.2132,5.0536,0.6066,0.9915,3.2608,2.1512666666666664,1.1095333333333337,5.3298,0.5548,1.6345,0.9439,0.7268000000000001,0.21709999999999985,1.2326,0.1086,1.3059,0.5491,0.4478,0.10130000000000006,0.4537,0.0507,0.8263,1.6469,1.2436666666666667,0.40323333333333333,2.4326,0.2016,1.4771,0.4691,0.45659333333333335,0.012506666666666666,0.475,0.0063,1.0126,0.7828,0.7623666666666666,0.020433333333333414,0.8793,0.0102,1.1233,1.6758,0.9354666666666667,0.7403333333333333,2.5252,0.3702,1.5069,0.4773,0.43374666666666667,0.04355333333333333,0.5303,0.0218,1.111
Amen Thompson,1641708,HOU,SG,15.998,6.25,4.529,1.345,0.622,2.169,0.4983,0.7689,0.841,0.5335,4.529,0.622,1.345,0.841,raw_delquant_flat_file,14.2003,8.824733333333334,5.375566666666666,18.6858,2.6878,1.3159,5.0968,4.1628,0.9340000000000002,6.717,0.467,1.3179,3.2608,1.8478666666666668,1.4129333333333334,5.2355,0.7065,1.6056,0.9439,0.6666000000000001,0.2772999999999999,1.4836,0.1386,1.5718,0.5491,0.48633333333333334,0.06276666666666669,0.6534,0.0314,1.1899,1.6469,1.1314666666666668,0.5154333333333332,2.4267,0.2577,1.4735,0.4691,0.45740666666666663,0.011693333333333389,0.5041,0.0058,1.0746,0.7828,0.7326733333333333,0.050126666666666764,0.794,0.0251,1.0143,1.6758,0.7818666666666666,0.8939333333333334,1.288,0.447,0.7686,0.4773,0.4135466666666667,0.06375333333333333,0.5654,0.0319,1.1846
Michael Porter Jr.,1629008,BKN,SF,19.281,6.943,2.606,0.921,0.509,1.863,0.4746,0.8104,2.293,0.4982,2.606,0.509,0.921,2.293,raw_delquant_flat_file,14.2003,8.809833333333334,5.390466666666667,21.9762,2.6952,1.5476,5.0968,3.629055555555555,1.467744444444445,7.6769,0.7339,1.5062,3.2608,1.9996111111111112,1.261188888888889,3.2366,0.6306,0.9926,0.9439,0.7076666666666667,0.2362333333333333,1.0391,0.1181,1.1009,0.5491,0.4147222222222222,0.13437777777777782,0.5762,0.0672,1.0494,1.6469,1.1893333333333334,0.4575666666666667,2.0918,0.2288,1.2701,0.4691,0.4530777777777778,0.016022222222222215,0.4826,0.008,1.0288,0.7828,0.7681388888888888,0.014661111111111236,0.8177,0.0073,1.0446,1.6758,1.0036111111111112,0.6721888888888887,2.6291,0.3361,1.5689,0.4773,0.41187222222222225,0.06542777777777775,0.5309,0.0327,1.1123
Tyler Herro,1629639,MIA,PG,19.614,4.658,4.732,0.97,0.293,2.2,0.4609,0.8585,2.378,0.5226,4.732,0.293,0.97,2.378,raw_delquant_flat_file,14.2003,10.5542,3.6461000000000006,21.437,1.823,1.5096,5.0968,3.9381333333333335,1.1586666666666665,5.2373,0.5793,1.0276,3.2608,2.4346,0.8262,5.1451,0.4131,1.5779,0.9439,0.7641333333333333,0.17976666666666663,1.0599,0.0899,1.1229,0.5491,0.3908666666666667,0.15823333333333334,0.3721,0.0791,0.6777,1.6469,1.2644666666666666,0.3824333333333334,2.3912,0.1912,1.4519,0.4691,0.4581266666666667,0.010973333333333335,0.4664,0.0055,0.9942,0.7828,0.7705466666666667,0.012253333333333338,0.8646,0.0061,1.1045,1.6758,1.1222666666666667,0.5535333333333332,2.6548,0.2768,1.5842,0.4773,0.4400866666666667,0.03721333333333332,0.5412,0.0186,1.1339
Jalen Williams,1631114,OKC,SG,17.963,4.471,4.94,1.253,0.407,2.047,0.4759,0.8171,1.389,0.5178,4.94,0.407,1.253,1.389,raw_delquant_flat_file,14.2003,10.152375,4.047925000000001,19.987,2.024,1.4075,5.0968,3.7781875,1.3186125,5.1303,0.6593,1.0066,3.2608,2.4305,0.8303000000000003,5.3552,0.4152,1.6423,0.9439,0.8349375,0.10896249999999996,1.3075,0.0545,1.3852,0.5491,0.4696875,0.07941250000000005,0.4467,0.0397,0.8135,1.6469,1.19125,0.4556500000000001,2.2748,0.2278,1.3813,0.4691,0.4647125,0.004387500000000044,0.4781,0.0022,1.0192,0.7828,0.774775,0.00802500000000006,0.8211,0.004,1.0489,1.6758,1.0983749999999999,0.5774250000000001,1.6777,0.2887,1.0011,0.4773,0.421575,0.055725000000000025,0.5457,0.0279,1.1433
RJ Barrett,1629628,TOR,SG,18.915,6.132,3.539,0.869,0.519,2.126,0.4778,0.7242,1.532,0.5149,3.539,0.519,0.869,1.532,raw_delquant_flat_file,14.2003,9.236749999999999,4.9635500000000015,21.3968,2.4818,1.5068,5.0968,3.6478125,1.4489874999999999,6.8565,0.7245,1.3453,3.2608,2.18275,1.0780500000000002,4.078,0.539,1.2506,0.9439,0.678875,0.26502499999999996,1.0015,0.1325,1.061,0.5491,0.401625,0.14747500000000002,0.5927,0.0737,1.0794,1.6469,1.1529375,0.4939625000000001,2.373,0.247,1.4409,0.4691,0.4618875,0.007212500000000011,0.4814,0.0036,1.0262,0.7828,0.7451625,0.0376375000000001,0.743,0.0188,0.9492,1.6758,0.855875,0.8199249999999999,1.942,0.41,1.1588,0.4773,0.43621875,0.041081250000000014,0.5354,0.0205,1.1217
Miles Bridges,1628970,CHA,SF,18.091,6.722,3.226,0.833,0.566,1.829,0.458,0.8131,1.757,0.4964,3.226,0.566,0.833,1.757,raw_delquant_flat_file,14.2003,8.990764705882352,5.209535294117648,20.6958,2.6048,1.4574,5.0968,3.619529411764706,1.4772705882352941,7.4606,0.7386,1.4638,3.2608,1.9743529411764706,1.2864470588235295,3.8692,0.6432,1.1866,0.9439,0.615,0.32889999999999997,0.9974,0.1644,1.0567,0.5491,0.37982352941176467,0.16927647058823536,0.6506,0.0846,1.1848,1.6469,1.1689411764705882,0.4779588235294119,2.068,0.239,1.2557,0.4691,0.45489999999999997,0.014200000000000046,0.4651,0.0071,0.9915,0.7828,0.7540470588235294,0.028752941176470648,0.8275,0.0144,1.0571,1.6758,1.0884705882352943,0.5873294117647057,2.0507,0.2937,1.2237,0.4773,0.4224823529411765,0.054817647058823527,0.5238,0.0274,1.0974
Julian Reese,1642882,WAS,SF,16.423,7.368,2.954,1.127,0.805,2.186,0.4762,0.7523,1.183,0.5145,2.954,0.805,1.127,1.183,raw_delquant_flat_file,14.2003,10.083470588235295,4.116829411764705,18.4814,2.0584,1.3015,5.0968,3.858882352941176,1.2379176470588238,7.987,0.619,1.5671,3.2608,2.2964117647058826,0.9643882352941175,3.4362,0.4822,1.0538,0.9439,0.7468823529411764,0.19701764705882352,1.2255,0.0985,1.2983,0.5491,0.4805294117647059,0.0685705882352941,0.8393,0.0343,1.5285,1.6469,1.3768235294117646,0.2700764705882355,2.321,0.135,1.4093,0.4691,0.4529117647058824,0.016188235294117614,0.4843,0.0081,1.0324,0.7828,0.7613705882352941,0.02142941176470592,0.763,0.0107,0.9747,1.6758,1.0793529411764706,0.5964470588235293,1.4812,0.2982,0.8839,0.4773,0.42597058823529416,0.051329411764705846,0.5402,0.0257,1.1318
Paul George,202331,PHI,SF,16.883,5.83,3.63,1.424,0.529,1.982,0.4537,0.8161,2.054,0.4204,3.63,0.529,1.424,2.054,raw_delquant_flat_file,14.2003,9.916666666666666,4.283633333333334,19.0248,2.1418,1.3397,5.0968,3.947611111111111,1.1491888888888888,6.4046,0.5746,1.2566,3.2608,2.145888888888889,1.1149111111111112,4.1875,0.5575,1.2842,0.9439,0.7621666666666667,0.1817333333333333,1.5149,0.0909,1.6049,0.5491,0.4476111111111111,0.1014888888888889,0.5797,0.0507,1.0557,1.6469,1.2115,0.4354,2.1997,0.2177,1.3357,0.4691,0.4532722222222222,0.01582777777777783,0.4616,0.0079,0.984,0.7828,0.7502888888888889,0.03251111111111116,0.8324,0.0163,1.0634,1.6758,0.9857777777777778,0.6900222222222222,2.399,0.345,1.4316,0.4773,0.41952222222222224,0.05777777777777776,0.4493,0.0289,0.9413
Brandon Miller,1641706,CHA,SF,18.705,5.609,3.122,1.046,0.738,2.298,0.4429,0.8191,2.351,0.5088,3.122,0.738,1.046,2.351,raw_delquant_flat_file,14.2003,8.990764705882352,5.209535294117648,21.3098,2.6048,1.5007,5.0968,3.619529411764706,1.4772705882352941,6.3476,0.7386,1.2454,3.2608,1.9743529411764706,1.2864470588235295,3.7652,0.6432,1.1547,0.9439,0.615,0.32889999999999997,1.2104,0.1644,1.2823,0.5491,0.37982352941176467,0.16927647058823536,0.8226,0.0846,1.4981,1.6469,1.1689411764705882,0.4779588235294119,2.537,0.239,1.5405,0.4691,0.45489999999999997,0.014200000000000046,0.45,0.0071,0.9593,0.7828,0.7540470588235294,0.028752941176470648,0.8335,0.0144,1.0648,1.6758,1.0884705882352943,0.5873294117647057,2.6447,0.2937,1.5782,0.4773,0.4224823529411765,0.054817647058823527,0.5362,0.0274,1.1234
Darius Garland,1629636,LAC,PG,18.296,3.263,5.926,1.161,0.231,2.568,0.4556,0.8409,2.271,0.5226,5.926,0.231,1.161,2.271,raw_delquant_flat_file,14.2003,9.250625,4.949675000000001,20.7708,2.4748,1.4627,5.0968,3.37875,1.7180499999999999,4.122,0.859,0.8087,3.2608,2.192375,1.068425,6.4602,0.5342,1.9812,0.9439,0.7555000000000001,0.1883999999999999,1.2552,0.0942,1.3298,0.5491,0.41118750000000004,0.1379125,0.3,0.069,0.5463,1.6469,1.1773125,0.46958750000000005,2.8028,0.2348,1.7019,0.4691,0.45813125,0.010968750000000027,0.4611,0.0055,0.9829,0.7828,0.77625,0.006550000000000056,0.8442,0.0033,1.0784,1.6758,1.0209375,0.6548624999999999,2.5984,0.3274,1.5505,0.4773,0.4134875,0.0638125,0.5545,0.0319,1.1617
Derrick White,1628401,BOS,PG,16.149,4.142,5.03,1.103,0.848,1.844,0.4281,0.86,2.49,0.4823,5.03,0.848,1.103,2.49,raw_delquant_flat_file,14.2003,10.554846153846153,3.6454538461538473,17.9717,1.8227,1.2656,5.0968,4.29,0.8068,4.5454,0.4034,0.8918,3.2608,2.3656923076923078,0.8951076923076924,5.4776,0.4476,1.6798,0.9439,0.6874615384615385,0.2564384615384615,1.2312,0.1282,1.3044,0.5491,0.4480769230769231,0.10102307692307694,0.8985,0.0505,1.6363,1.6469,1.1839230769230769,0.4629769230769232,2.0755,0.2315,1.2602,0.4691,0.4659153846153846,0.003184615384615397,0.4297,0.0016,0.916,0.7828,0.764453846153846,0.018346153846154012,0.8692,0.0092,1.1104,1.6758,1.2137692307692307,0.46203076923076924,2.721,0.231,1.6237,0.4773,0.4291384615384616,0.04816153846153842,0.5064,0.0241,1.061
DeMar DeRozan,201942,SAC,SG,18.36,3.579,4.959,1.027,0.335,1.645,0.4752,0.86,1.221,0.4201,4.959,0.335,1.027,1.221,raw_delquant_flat_file,14.2003,11.1313125,3.0689875000000004,19.8945,1.5345,1.401,5.0968,4.452625,0.6441749999999997,3.9011,0.3221,0.7654,3.2608,2.650875,0.609925,5.264,0.305,1.6143,0.9439,0.7828125,0.16108749999999994,1.1075,0.0805,1.1733,0.5491,0.4605,0.08860000000000001,0.3793,0.0443,0.6908,1.6469,1.4098125,0.23708750000000012,1.7635,0.1185,1.0708,0.4691,0.4689375,0.00016250000000000986,0.4753,0.0001,1.0132,0.7828,0.76156875,0.021231250000000035,0.8706,0.0106,1.1122,1.6758,1.0809374999999999,0.5948625000000001,1.5184,0.2974,0.9061,0.4773,0.41033125,0.06696875000000002,0.4536,0.0335,0.9503
Onyeka Okongwu,1630168,ATL,PF,15.192,7.433,2.696,0.991,0.922,1.669,0.4954,0.7719,1.264,0.5149,2.696,0.922,0.991,1.264,raw_delquant_flat_file,14.2003,9.143944444444445,5.056355555555555,17.7202,2.5282,1.2479,5.0968,3.657666666666666,1.4391333333333338,8.1526,0.7196,1.5996,3.2608,2.035888888888889,1.224911111111111,3.3085,0.6125,1.0146,0.9439,0.709111111111111,0.23478888888888894,1.1084,0.1174,1.1743,0.5491,0.4205,0.12860000000000005,0.9863,0.0643,1.7962,1.6469,1.1113888888888888,0.5355111111111113,1.9368,0.2678,1.176,0.4691,0.4601722222222222,0.008927777777777812,0.4999,0.0045,1.0657,0.7828,0.7444944444444445,0.03830555555555559,0.7911,0.0192,1.0106,1.6758,1.0002222222222223,0.6755777777777776,1.6018,0.3378,0.9558,0.4773,0.4212388888888889,0.05606111111111112,0.5429,0.028,1.1374
Keyonte George,1641718,UTA,PG,18.362,3.846,5.365,1.011,0.252,2.646,0.4362,0.8456,2.063,0.5292,5.365,0.252,1.011,2.063,raw_delquant_flat_file,14.2003,11.249888888888888,2.950411111111112,19.8372,1.4752,1.397,5.0968,4.457277777777778,0.6395222222222223,4.1658,0.3198,0.8173,3.2608,2.645388888888889,0.6154111111111114,5.6727,0.3077,1.7397,0.9439,0.8517222222222222,0.0921777777777778,1.0571,0.0461,1.1199,0.5491,0.4432222222222222,0.10587777777777785,0.3049,0.0529,0.5553,1.6469,1.4776666666666667,0.16923333333333335,2.7306,0.0846,1.658,0.4691,0.45565000000000005,0.013449999999999962,0.4429,0.0067,0.9441,0.7828,0.7633666666666667,0.019433333333333302,0.8553,0.0097,1.0926,1.6758,1.2035,0.47229999999999994,2.2992,0.2362,1.372,0.4773,0.4321166666666667,0.0451833333333333,0.5518,0.0226,1.1561
VJ Edgecombe,1642845,PHI,PG,16.194,4.946,4.559,1.275,0.43,2.135,0.4402,0.804,1.785,0.5518,4.559,0.43,1.275,1.785,raw_delquant_flat_file,14.2003,9.916666666666666,4.283633333333334,18.3358,2.1418,1.2912,5.0968,3.947611111111111,1.1491888888888888,5.5206,0.5746,1.0832,3.2608,2.145888888888889,1.1149111111111112,5.1165,0.5575,1.5691,0.9439,0.7621666666666667,0.1817333333333333,1.3659,0.0909,1.4471,0.5491,0.4476111111111111,0.1014888888888889,0.4807,0.0507,0.8754,1.6469,1.2115,0.4354,2.3527,0.2177,1.4286,0.4691,0.4532722222222222,0.01582777777777783,0.4481,0.0079,0.9552,0.7828,0.7502888888888889,0.03251111111111116,0.8203,0.0163,1.0479,1.6758,0.9857777777777778,0.6900222222222222,2.13,0.345,1.271,0.4773,0.41952222222222224,0.05777777777777776,0.5807,0.0289,1.2166
Kevin Porter Jr.,1629645,MIL,SG,15.608,4.415,5.228,1.478,0.353,2.321,0.4547,0.8326,1.343,0.5178,5.228,0.353,1.478,1.343,raw_delquant_flat_file,14.2003,9.940999999999999,4.259300000000001,17.7377,2.1297,1.2491,5.0968,3.714555555555555,1.3822444444444448,5.1061,0.6911,1.0018,3.2608,2.2494444444444444,1.0113555555555558,5.7337,0.5057,1.7584,0.9439,0.7022222222222223,0.24167777777777766,1.5988,0.1208,1.6938,0.5491,0.381,0.16810000000000003,0.437,0.084,0.7958,1.6469,1.2697222222222222,0.37717777777777783,2.5096,0.1886,1.5238,0.4691,0.4623055555555556,0.006794444444444436,0.4581,0.0034,0.9766,0.7828,0.7495888888888889,0.03321111111111119,0.8492,0.0166,1.0848,1.6758,1.103,0.5728,1.6294,0.2864,0.9723,0.4773,0.41657777777777777,0.06072222222222223,0.5482,0.0304,1.1485
Dyson Daniels,1630700,ATL,PG,13.654,5.247,4.809,1.783,0.438,1.931,0.4755,0.7358,1.021,0.5335,4.809,0.438,1.783,1.021,raw_delquant_flat_file,14.2003,9.143944444444445,5.056355555555555,16.1822,2.5282,1.1396,5.0968,3.657666666666666,1.4391333333333338,5.9666,0.7196,1.1707,3.2608,2.035888888888889,1.224911111111111,5.4215,0.6125,1.6626,0.9439,0.709111111111111,0.23478888888888894,1.9004,0.1174,2.0133,0.5491,0.4205,0.12860000000000005,0.5023,0.0643,0.9148,1.6469,1.1113888888888888,0.5355111111111113,2.1988,0.2678,1.3351,0.4691,0.4601722222222222,0.008927777777777812,0.48,0.0045,1.0232,0.7828,0.7444944444444445,0.03830555555555559,0.755,0.0192,0.9645,1.6758,1.0002222222222223,0.6755777777777776,1.3588,0.3378,0.8108,0.4773,0.4212388888888889,0.05606111111111112,0.5615,0.028,1.1764
Immanuel Quickley,1630193,TOR,PG,16.891,3.994,5.343,1.11,0.2,1.839,0.4401,0.8325,2.2,0.5226,5.343,0.2,1.11,2.2,raw_delquant_flat_file,14.2003,9.236749999999999,4.9635500000000015,19.3728,2.4818,1.3643,5.0968,3.6478125,1.4489874999999999,4.7185,0.7245,0.9258,3.2608,2.18275,1.0780500000000002,5.882,0.539,1.8039,0.9439,0.678875,0.26502499999999996,1.2425,0.1325,1.3163,0.5491,0.401625,0.14747500000000002,0.2737,0.0737,0.4985,1.6469,1.1529375,0.4939625000000001,2.086,0.247,1.2666,0.4691,0.4618875,0.007212500000000011,0.4437,0.0036,0.9459,0.7828,0.7451625,0.0376375000000001,0.8513,0.0188,1.0875,1.6758,0.855875,0.8199249999999999,2.61,0.41,1.5575,0.4773,0.43621875,0.041081250000000014,0.5431,0.0205,1.1379
OG Anunoby,1628384,NYK,SG,16.777,5.668,2.464,1.321,0.71,1.783,0.478,0.7969,1.873,0.4964,2.464,0.71,1.321,1.873,raw_delquant_flat_file,14.2003,9.263352941176471,4.936947058823529,19.2455,2.4685,1.3553,5.0968,3.6023529411764708,1.4944470588235292,6.4152,0.7472,1.2587,3.2608,2.2386470588235294,1.0221529411764707,2.9751,0.5111,0.9124,0.9439,0.686235294117647,0.2576647058823529,1.4498,0.1288,1.536,0.5491,0.3651764705882353,0.1839235294117647,0.802,0.092,1.4606,1.6469,1.1476470588235292,0.4992529411764708,2.0326,0.2496,1.2342,0.4691,0.46367058823529417,0.005429411764705849,0.4807,0.0027,1.0247,0.7828,0.7486411764705883,0.0341588235294118,0.814,0.0171,1.0399,1.6758,1.0059411764705881,0.6698588235294118,2.2079,0.3349,1.3175,0.4773,0.4239882352941176,0.05331176470588239,0.5231,0.0267,1.096
Kennedy Chandler,1631113,UTA,PG,16.567,4.221,5.052,1.15,0.326,2.163,0.4523,0.7853,1.72,0.5335,5.052,0.326,1.15,1.72,raw_delquant_flat_file,14.2003,11.249888888888888,2.950411111111112,18.0422,1.4752,1.2706,5.0968,4.457277777777778,0.6395222222222223,4.5408,0.3198,0.8909,3.2608,2.645388888888889,0.6154111111111114,5.3597,0.3077,1.6437,0.9439,0.8517222222222222,0.0921777777777778,1.1961,0.0461,1.2672,0.5491,0.4432222222222222,0.10587777777777785,0.3789,0.0529,0.69,1.6469,1.4776666666666667,0.16923333333333335,2.2476,0.0846,1.3647,0.4691,0.45565000000000005,0.013449999999999962,0.459,0.0067,0.9785,0.7828,0.7633666666666667,0.019433333333333302,0.795,0.0097,1.0156,1.6758,1.2035,0.47229999999999994,1.9562,0.2362,1.1673,0.4773,0.4321166666666667,0.0451833333333333,0.5561,0.0226,1.1651
CJ McCollum,203468,ATL,PG,18.049,3.698,4.356,0.974,0.414,1.886,0.4499,0.7966,2.443,0.456,4.356,0.414,0.974,2.443,raw_delquant_flat_file,14.2003,9.143944444444445,5.056355555555555,20.5772,2.5282,1.4491,5.0968,3.657666666666666,1.4391333333333338,4.4176,0.7196,0.8667,3.2608,2.035888888888889,1.224911111111111,4.9685,0.6125,1.5237,0.9439,0.709111111111111,0.23478888888888894,1.0914,0.1174,1.1563,0.5491,0.4205,0.12860000000000005,0.4783,0.0643,0.8711,1.6469,1.1113888888888888,0.5355111111111113,2.1538,0.2678,1.3078,0.4691,0.4601722222222222,0.008927777777777812,0.4544,0.0045,0.9687,0.7828,0.7444944444444445,0.03830555555555559,0.8158,0.0192,1.0422,1.6758,1.0002222222222223,0.6755777777777776,2.7808,0.3378,1.6594,0.4773,0.4212388888888889,0.05606111111111112,0.484,0.028,1.014
Stephon Castle,1642264,SAS,PG,16.01,4.474,5.471,1.123,0.31,2.59,0.4493,0.7509,1.35,0.5225,5.471,0.31,1.123,1.35,raw_delquant_flat_file,14.2003,8.8863125,5.3139875,18.667,2.657,1.3145,5.0968,3.6095625,1.4872375,5.2176,0.7436,1.0237,3.2608,2.0776875,1.1831125,6.0626,0.5916,1.8592,0.9439,0.64025,0.30365,1.2748,0.1518,1.3506,0.5491,0.438375,0.11072500000000002,0.3654,0.0554,0.6655,1.6469,1.095,0.5519000000000001,2.8659,0.2759,1.7402,0.4691,0.4674875,0.0016125000000000167,0.4501,0.0008,0.9595,0.7828,0.7385375,0.04426250000000009,0.773,0.0221,0.9875,1.6758,0.9138124999999999,0.7619875,1.731,0.381,1.0329,0.4773,0.421575,0.055725000000000025,0.5504,0.0279,1.1532
Josh Hart,1628404,NYK,PG,13.55,6.502,4.93,1.201,0.292,1.957,0.4731,0.7929,1.466,0.4823,4.93,0.292,1.201,1.466,raw_delquant_flat_file,14.2003,9.263352941176471,4.936947058823529,16.0185,2.4685,1.128,5.0968,3.6023529411764708,1.4944470588235292,7.2492,0.7472,1.4223,3.2608,2.2386470588235294,1.0221529411764707,5.4411,0.5111,1.6686,0.9439,0.686235294117647,0.2576647058823529,1.3298,0.1288,1.4088,0.5491,0.3651764705882353,0.1839235294117647,0.384,0.092,0.6993,1.6469,1.1476470588235292,0.4992529411764708,2.2066,0.2496,1.3399,0.4691,0.46367058823529417,0.005429411764705849,0.4758,0.0027,1.0143,0.7828,0.7486411764705883,0.0341588235294118,0.81,0.0171,1.0347,1.6758,1.0059411764705881,0.6698588235294118,1.8009,0.3349,1.0747,0.4773,0.4239882352941176,0.05331176470588239,0.509,0.0267,1.0664
Shaedon Sharpe,1631101,POR,PG,18.141,4.424,3.699,1.184,0.264,2.451,0.4461,0.796,1.829,0.5292,3.699,0.264,1.184,1.829,raw_delquant_flat_file,14.2003,9.020555555555555,5.179744444444445,20.7309,2.5899,1.4599,5.0968,3.5888333333333335,1.5079666666666665,5.178,0.754,1.0159,3.2608,2.1012222222222223,1.1595777777777778,4.2788,0.5798,1.3122,0.9439,0.7107777777777778,0.23312222222222212,1.3006,0.1166,1.3779,0.5491,0.4397777777777778,0.10932222222222221,0.3187,0.0547,0.5804,1.6469,1.2561666666666667,0.3907333333333334,2.6464,0.1954,1.6069,0.4691,0.4412666666666667,0.02783333333333332,0.46,0.0139,0.9806,0.7828,0.7468,0.03600000000000003,0.814,0.018,1.0399,1.6758,1.005111111111111,0.6706888888888889,2.1643,0.3353,1.2915,0.4773,0.43099444444444446,0.046305555555555544,0.5524,0.0232,1.1573
Kon Knueppel,1642851,CHA,SG,17.386,4.812,4.162,0.933,0.296,2.209,0.4578,0.8232,2.448,0.5518,4.162,0.296,0.933,2.448,raw_delquant_flat_file,14.2003,8.990764705882352,5.209535294117648,19.9908,2.6048,1.4078,5.0968,3.619529411764706,1.4772705882352941,5.5506,0.7386,1.089,3.2608,1.9743529411764706,1.2864470588235295,4.8052,0.6432,1.4736,0.9439,0.615,0.32889999999999997,1.0974,0.1644,1.1626,0.5491,0.37982352941176467,0.16927647058823536,0.3806,0.0846,0.6931,1.6469,1.1689411764705882,0.4779588235294119,2.448,0.239,1.4864,0.4691,0.45489999999999997,0.014200000000000046,0.4649,0.0071,0.991,0.7828,0.7540470588235294,0.028752941176470648,0.8376,0.0144,1.07,1.6758,1.0884705882352943,0.5873294117647057,2.7417,0.2937,1.6361,0.4773,0.4224823529411765,0.054817647058823527,0.5792,0.0274,1.2135
Keegan Murray,1631099,SAC,SF,15.311,6.333,2.18,1.015,1.024,1.45,0.4486,0.7848,1.562,0.5149,2.18,1.024,1.015,1.562,raw_delquant_flat_file,14.2003,11.1313125,3.0689875000000004,16.8455,1.5345,1.1863,5.0968,4.452625,0.6441749999999997,6.6551,0.3221,1.3057,3.2608,2.650875,0.609925,2.485,0.305,0.7621,0.9439,0.7828125,0.16108749999999994,1.0955,0.0805,1.1606,0.5491,0.4605,0.08860000000000001,1.0683,0.0443,1.9455,1.6469,1.4098125,0.23708750000000012,1.5685,0.1185,0.9524,0.4691,0.4689375,0.00016250000000000986,0.4487,0.0001,0.9565,0.7828,0.76156875,0.021231250000000035,0.7954,0.0106,1.0161,1.6758,1.0809374999999999,0.5948625000000001,1.8594,0.2974,1.1096,0.4773,0.41033125,0.06696875000000002,0.5484,0.0335,1.149
P.J. Washington,1629023,DAL,SF,15.117,6.9,2.303,1.04,0.877,1.813,0.4574,0.7365,1.395,0.4982,2.303,0.877,1.04,1.395,raw_delquant_flat_file,14.2003,9.4712,4.729100000000001,17.4816,2.3646,1.2311,5.0968,3.9284,1.1684,7.4842,0.5842,1.4684,3.2608,2.088,1.1728,2.8894,0.5864,0.8861,0.9439,0.6827500000000001,0.2611499999999999,1.1706,0.1306,1.2402,0.5491,0.4574,0.09170000000000006,0.9228,0.0458,1.6806,1.6469,1.1912,0.4557,2.0408,0.2278,1.2392,0.4691,0.463675,0.005425000000000013,0.4601,0.0027,0.9808,0.7828,0.755695,0.027105000000000046,0.7501,0.0136,0.9582,1.6758,0.893,0.7827999999999999,1.7864,0.3914,1.066,0.4773,0.41499499999999995,0.062305000000000055,0.5294,0.0312,1.1092
Mikal Bridges,1628969,NYK,SG,16.556,3.86,4.165,1.17,0.5,1.661,0.4696,0.8196,1.971,0.4848,4.165,0.5,1.17,1.971,raw_delquant_flat_file,14.2003,9.263352941176471,4.936947058823529,19.0245,2.4685,1.3397,5.0968,3.6023529411764708,1.4944470588235292,4.6072,0.7472,0.9039,3.2608,2.2386470588235294,1.0221529411764707,4.6761,0.5111,1.434,0.9439,0.686235294117647,0.2576647058823529,1.2988,0.1288,1.376,0.5491,0.3651764705882353,0.1839235294117647,0.592,0.092,1.0781,1.6469,1.1476470588235292,0.4992529411764708,1.9106,0.2496,1.1601,0.4691,0.46367058823529417,0.005429411764705849,0.4723,0.0027,1.0068,0.7828,0.7486411764705883,0.0341588235294118,0.8367,0.0171,1.0689,1.6758,1.0059411764705881,0.6698588235294118,2.3059,0.3349,1.376,0.4773,0.4239882352941176,0.05331176470588239,0.5115,0.0267,1.0717
Zach LaVine,203897,SAC,PG,18.932,3.785,3.877,0.942,0.264,2.152,0.4705,0.8469,2.335,0.478,3.877,0.264,0.942,2.335,raw_delquant_flat_file,14.2003,11.1313125,3.0689875000000004,20.4665,1.5345,1.4413,5.0968,4.452625,0.6441749999999997,4.1071,0.3221,0.8058,3.2608,2.650875,0.609925,4.182,0.305,1.2825,0.9439,0.7828125,0.16108749999999994,1.0225,0.0805,1.0833,0.5491,0.4605,0.08860000000000001,0.3083,0.0443,0.5615,1.6469,1.4098125,0.23708750000000012,2.2705,0.1185,1.3787,0.4691,0.4689375,0.00016250000000000986,0.4706,0.0001,1.0032,0.7828,0.76156875,0.021231250000000035,0.8575,0.0106,1.0954,1.6758,1.0809374999999999,0.5948625000000001,2.6324,0.2974,1.5708,0.4773,0.41033125,0.06696875000000002,0.5115,0.0335,1.0717
Bez Mbeng,1643016,UTA,PG,15.023,4.296,4.681,1.411,0.349,2.066,0.4584,0.7889,1.471,0.5292,4.681,0.349,1.411,1.471,raw_delquant_flat_file,14.2003,11.249888888888888,2.950411111111112,16.4982,1.4752,1.1618,5.0968,4.457277777777778,0.6395222222222223,4.6158,0.3198,0.9056,3.2608,2.645388888888889,0.6154111111111114,4.9887,0.3077,1.5299,0.9439,0.8517222222222222,0.0921777777777778,1.4571,0.0461,1.5437,0.5491,0.4432222222222222,0.10587777777777785,0.4019,0.0529,0.7319,1.6469,1.4776666666666667,0.16923333333333335,2.1506,0.0846,1.3058,0.4691,0.45565000000000005,0.013449999999999962,0.4651,0.0067,0.9915,0.7828,0.7633666666666667,0.019433333333333302,0.7986,0.0097,1.0202,1.6758,1.2035,0.47229999999999994,1.7072,0.2362,1.0187,0.4773,0.4321166666666667,0.0451833333333333,0.5518,0.0226,1.1561
LaMelo Ball,1630163,CHA,PG,16.216,3.917,5.203,1.084,0.241,2.338,0.4165,0.845,2.496,0.4149,5.203,0.241,1.084,2.496,raw_delquant_flat_file,14.2003,8.990764705882352,5.209535294117648,18.8208,2.6048,1.3254,5.0968,3.619529411764706,1.4772705882352941,4.6556,0.7386,0.9134,3.2608,1.9743529411764706,1.2864470588235295,5.8462,0.6432,1.7929,0.9439,0.615,0.32889999999999997,1.2484,0.1644,1.3226,0.5491,0.37982352941176467,0.16927647058823536,0.3256,0.0846,0.593,1.6469,1.1689411764705882,0.4779588235294119,2.577,0.239,1.5648,0.4691,0.45489999999999997,0.014200000000000046,0.4236,0.0071,0.903,0.7828,0.7540470588235294,0.028752941176470648,0.8594,0.0144,1.0979,1.6758,1.0884705882352943,0.5873294117647057,2.7897,0.2937,1.6647,0.4773,0.4224823529411765,0.054817647058823527,0.4423,0.0274,0.9267
Jabari Smith Jr.,1631095,HOU,SF,15.43,6.973,2.068,0.805,0.828,1.591,0.4564,0.779,1.686,0.5145,2.068,0.828,0.805,1.686,raw_delquant_flat_file,14.2003,8.824733333333334,5.375566666666666,18.1178,2.6878,1.2759,5.0968,4.1628,0.9340000000000002,7.44,0.467,1.4597,3.2608,1.8478666666666668,1.4129333333333334,2.7745,0.7065,0.8509,0.9439,0.6666000000000001,0.2772999999999999,0.9436,0.1386,0.9997,0.5491,0.48633333333333334,0.06276666666666669,0.8594,0.0314,1.5651,1.6469,1.1314666666666668,0.5154333333333332,1.8487,0.2577,1.1225,0.4691,0.45740666666666663,0.011693333333333389,0.4622,0.0058,0.9853,0.7828,0.7326733333333333,0.050126666666666764,0.8041,0.0251,1.0272,1.6758,0.7818666666666666,0.8939333333333334,2.133,0.447,1.2728,0.4773,0.4135466666666667,0.06375333333333333,0.5464,0.0319,1.1448
Andrew Wiggins,203952,MIA,SF,15.828,5.415,2.705,1.022,0.782,1.639,0.4646,0.7748,1.647,0.4561,2.705,0.782,1.022,1.647,raw_delquant_flat_file,14.2003,10.5542,3.6461000000000006,17.651,1.823,1.243,5.0968,3.9381333333333335,1.1586666666666665,5.9943,0.5793,1.1761,3.2608,2.4346,0.8262,3.1181,0.4131,0.9562,0.9439,0.7641333333333333,0.17976666666666663,1.1119,0.0899,1.178,0.5491,0.3908666666666667,0.15823333333333334,0.8611,0.0791,1.5682,1.6469,1.2644666666666666,0.3824333333333334,1.8302,0.1912,1.1113,0.4691,0.4581266666666667,0.010973333333333335,0.4701,0.0055,1.0021,0.7828,0.7705466666666667,0.012253333333333338,0.7809,0.0061,0.9976,1.6758,1.1222666666666667,0.5535333333333332,1.9238,0.2768,1.148,0.4773,0.4400866666666667,0.03721333333333332,0.4747,0.0186,0.9946
Wendell Carter Jr.,1628976,ORL,PF,13.288,8.307,2.303,0.779,0.897,1.603,0.5079,0.7377,0.709,0.4949,2.303,0.897,0.779,0.709,raw_delquant_flat_file,14.2003,9.959933333333334,4.240366666666667,15.4082,2.1202,1.0851,5.0968,3.8836,1.2132,8.9136,0.6066,1.7489,3.2608,2.1512666666666664,1.1095333333333337,2.8578,0.5548,0.8764,0.9439,0.7268000000000001,0.21709999999999985,0.8876,0.1086,0.9404,0.5491,0.4478,0.10130000000000006,0.9477,0.0507,1.7259,1.6469,1.2436666666666667,0.40323333333333333,1.8046,0.2016,1.0958,0.4691,0.45659333333333335,0.012506666666666666,0.5142,0.0063,1.0961,0.7828,0.7623666666666666,0.020433333333333414,0.7479,0.0102,0.9554,1.6758,0.9354666666666667,0.7403333333333333,1.0792,0.3702,0.644,0.4773,0.43374666666666667,0.04355333333333333,0.5167,0.0218,1.0825
Russell Westbrook,201566,SAC,PG,13.4,4.54,6.09,1.254,0.288,2.624,0.4394,0.7469,1.539,0.3841,6.09,0.288,1.254,1.539,raw_delquant_flat_file,14.2003,11.1313125,3.0689875000000004,14.9345,1.5345,1.0517,5.0968,4.452625,0.6441749999999997,4.8621,0.3221,0.954,3.2608,2.650875,0.609925,6.395,0.305,1.9612,0.9439,0.7828125,0.16108749999999994,1.3345,0.0805,1.4138,0.5491,0.4605,0.08860000000000001,0.3323,0.0443,0.6052,1.6469,1.4098125,0.23708750000000012,2.7425,0.1185,1.6652,0.4691,0.4689375,0.00016250000000000986,0.4395,0.0001,0.9369,0.7828,0.76156875,0.021231250000000035,0.7575,0.0106,0.9677,1.6758,1.0809374999999999,0.5948625000000001,1.8364,0.2974,1.0958,0.4773,0.41033125,0.06696875000000002,0.4176,0.0335,0.8749
Saddiq Bey,1630180,NOP,SG,16.713,5.107,3.253,1.018,0.213,1.447,0.4447,0.8353,1.92,0.5085,3.253,0.213,1.018,1.92,raw_delquant_flat_file,14.2003,10.4724,3.7279,18.577,1.864,1.3082,5.0968,4.337199999999999,0.7596000000000007,5.4868,0.3798,1.0765,3.2608,2.329333333333333,0.9314666666666671,3.7187,0.4657,1.1404,0.9439,0.7901333333333334,0.1537666666666666,1.0949,0.0769,1.16,0.5491,0.5034666666666666,0.045633333333333415,0.2358,0.0228,0.4294,1.6469,1.3388,0.30810000000000004,1.601,0.154,0.9721,0.4691,0.4649933333333333,0.004106666666666703,0.4468,0.0021,0.9525,0.7828,0.7565666666666666,0.026233333333333442,0.8484,0.0131,1.0838,1.6758,0.9537333333333333,0.7220666666666666,2.281,0.361,1.3611,0.4773,0.4297066666666666,0.047593333333333376,0.5323,0.0238,1.1152
Trae Young,1629027,WAS,PG,16.109,2.524,6.675,0.954,0.172,2.573,0.4332,0.8416,1.868,0.4181,6.675,0.172,0.954,1.868,raw_delquant_flat_file,14.2003,10.083470588235295,4.116829411764705,18.1674,2.0584,1.2794,5.0968,3.858882352941176,1.2379176470588238,3.143,0.619,0.6167,3.2608,2.2964117647058826,0.9643882352941175,7.1572,0.4822,2.1949,0.9439,0.7468823529411764,0.19701764705882352,1.0525,0.0985,1.1151,0.5491,0.4805294117647059,0.0685705882352941,0.2063,0.0343,0.3757,1.6469,1.3768235294117646,0.2700764705882355,2.708,0.135,1.6443,0.4691,0.4529117647058824,0.016188235294117614,0.4413,0.0081,0.9407,0.7828,0.7613705882352941,0.02142941176470592,0.8523,0.0107,1.0888,1.6758,1.0793529411764706,0.5964470588235293,2.1662,0.2982,1.2926,0.4773,0.42597058823529416,0.051329411764705846,0.4438,0.0257,0.9298
Kyshawn George,1642273,WAS,SF,14.616,5.661,3.313,1.029,0.827,2.124,0.4446,0.7752,1.601,0.5145,3.313,0.827,1.029,1.601,raw_delquant_flat_file,14.2003,10.083470588235295,4.116829411764705,16.6744,2.0584,1.1742,5.0968,3.858882352941176,1.2379176470588238,6.28,0.619,1.2321,3.2608,2.2964117647058826,0.9643882352941175,3.7952,0.4822,1.1639,0.9439,0.7468823529411764,0.19701764705882352,1.1275,0.0985,1.1945,0.5491,0.4805294117647059,0.0685705882352941,0.8613,0.0343,1.5686,1.6469,1.3768235294117646,0.2700764705882355,2.259,0.135,1.3717,0.4691,0.4529117647058824,0.016188235294117614,0.4527,0.0081,0.965,0.7828,0.7613705882352941,0.02142941176470592,0.7859,0.0107,1.004,1.6758,1.0793529411764706,0.5964470588235293,1.8992,0.2982,1.1333,0.4773,0.42597058823529416,0.051329411764705846,0.5402,0.0257,1.1318
Jerami Grant,203924,POR,SF,17.233,4.681,2.607,0.898,0.703,1.885,0.4486,0.8104,1.846,0.4612,2.607,0.703,0.898,1.846,raw_delquant_flat_file,14.2003,9.020555555555555,5.179744444444445,19.8229,2.5899,1.3959,5.0968,3.5888333333333335,1.5079666666666665,5.435,0.754,1.0664,3.2608,2.1012222222222223,1.1595777777777778,3.1868,0.5798,0.9773,0.9439,0.7107777777777778,0.23312222222222212,1.0146,0.1166,1.0749,0.5491,0.4397777777777778,0.10932222222222221,0.7577,0.0547,1.3799,1.6469,1.2561666666666667,0.3907333333333334,2.0804,0.1954,1.2632,0.4691,0.4412666666666667,0.02783333333333332,0.4625,0.0139,0.9859,0.7828,0.7468,0.03600000000000003,0.8284,0.018,1.0583,1.6758,1.005111111111111,0.6706888888888889,2.1813,0.3353,1.3016,0.4773,0.43099444444444446,0.046305555555555544,0.4844,0.0232,1.0149
Norman Powell,1626181,MIA,PG,18.603,3.434,3.164,1.065,0.25,1.835,0.4655,0.8263,2.344,0.4746,3.164,0.25,1.065,2.344,raw_delquant_flat_file,14.2003,10.5542,3.6461000000000006,20.4261,1.8231,1.4384,5.0968,3.9381333333333335,1.1586666666666665,4.0133,0.5793,0.7874,3.2608,2.4346,0.8262,3.5771,0.4131,1.097,0.9439,0.7641333333333333,0.17976666666666663,1.1549,0.0899,1.2235,0.5491,0.3908666666666667,0.15823333333333334,0.3291,0.0791,0.5993,1.6469,1.2644666666666666,0.3824333333333334,2.0262,0.1912,1.2303,0.4691,0.4581266666666667,0.010973333333333335,0.471,0.0055,1.0041,0.7828,0.7705466666666667,0.012253333333333338,0.8324,0.0061,1.0634,1.6758,1.1222666666666667,0.5535333333333332,2.6208,0.2768,1.5639,0.4773,0.4400866666666667,0.03721333333333332,0.4932,0.0186,1.0333
Jrue Holiday,201950,POR,PG,14.507,4.33,5.112,1.056,0.33,2.097,0.4518,0.8484,2.023,0.4499,5.112,0.33,1.056,2.023,raw_delquant_flat_file,14.2003,9.020555555555555,5.179744444444445,17.0969,2.5899,1.204,5.0968,3.5888333333333335,1.5079666666666665,5.084,0.754,0.9975,3.2608,2.1012222222222223,1.1595777777777778,5.6918,0.5798,1.7455,0.9439,0.7107777777777778,0.23312222222222212,1.1726,0.1166,1.2423,0.5491,0.4397777777777778,0.10932222222222221,0.3847,0.0547,0.7006,1.6469,1.2561666666666667,0.3907333333333334,2.2924,0.1954,1.3919,0.4691,0.4412666666666667,0.02783333333333332,0.4657,0.0139,0.9928,0.7828,0.7468,0.03600000000000003,0.8664,0.018,1.1068,1.6758,1.005111111111111,0.6706888888888889,2.3583,0.3353,1.4073,0.4773,0.43099444444444446,0.046305555555555544,0.4731,0.0232,0.9912
Andrew Nembhard,1629614,IND,SG,14.915,3.392,5.645,1.101,0.219,2.107,0.451,0.8179,1.51,0.5226,5.645,0.219,1.101,1.51,raw_delquant_flat_file,14.2003,9.299555555555555,4.900744444444445,17.3654,2.4504,1.2229,5.0968,3.769944444444444,1.326855555555556,4.0554,0.6634,0.7957,3.2608,2.2429444444444444,1.0178555555555557,6.1539,0.5089,1.8872,0.9439,0.6926111111111112,0.2512888888888888,1.2266,0.1256,1.2995,0.5491,0.4008333333333333,0.1482666666666667,0.2931,0.0741,0.5338,1.6469,1.1437777777777778,0.5031222222222222,2.3586,0.2516,1.4321,0.4691,0.4635222222222223,0.005577777777777737,0.4538,0.0028,0.9674,0.7828,0.7666499999999999,0.01615000000000011,0.826,0.0081,1.0552,1.6758,0.973388888888889,0.702411111111111,1.8612,0.3512,1.1106,0.4773,0.41789444444444446,0.059405555555555545,0.5523,0.0297,1.1571
Jaden McDaniels,1630183,MIN,SF,14.882,5.417,2.523,1.112,0.839,1.721,0.4846,0.7936,1.295,0.5149,2.523,0.839,1.112,1.295,raw_delquant_flat_file,14.2003,9.3915,4.8088,17.2864,2.4044,1.2173,5.0968,3.598375,1.4984250000000001,6.1662,0.7492,1.2098,3.2608,2.197875,1.0629250000000003,3.0545,0.5315,0.9367,0.9439,0.7104375,0.2334624999999999,1.2287,0.1167,1.3017,0.5491,0.429875,0.11922500000000003,0.8986,0.0596,1.6365,1.6469,1.16025,0.48665,1.9643,0.2433,1.1927,0.4691,0.4592625,0.009837499999999999,0.4895,0.0049,1.0435,0.7828,0.7549875,0.027812500000000018,0.8075,0.0139,1.0316,1.6758,1.0204374999999999,0.6553625000000001,1.6227,0.3277,0.9683,0.4773,0.42216875,0.05513125000000002,0.5425,0.0276,1.1366
Devin Vassell,1630170,SAS,SG,16.167,4.042,3.61,1.1,0.376,1.589,0.4476,0.8114,2.139,0.5178,3.61,0.376,1.1,2.139,raw_delquant_flat_file,14.2003,8.8863125,5.3139875,18.824,2.657,1.3256,5.0968,3.6095625,1.4872375,4.7856,0.7436,0.9389,3.2608,2.0776875,1.1831125,4.2016,0.5916,1.2885,0.9439,0.64025,0.30365,1.2518,0.1518,1.3262,0.5491,0.438375,0.11072500000000002,0.4314,0.0554,0.7856,1.6469,1.095,0.5519000000000001,1.865,0.276,1.1324,0.4691,0.4674875,0.0016125000000000167,0.4484,0.0008,0.9559,0.7828,0.7385375,0.04426250000000009,0.8335,0.0221,1.0648,1.6758,0.9138124999999999,0.7619875,2.52,0.381,1.5038,0.4773,0.421575,0.055725000000000025,0.5457,0.0279,1.1433
Kelly Oubre Jr.,1626162,PHI,SG,15.097,5.789,2.116,1.232,0.556,1.542,0.4636,0.7674,1.395,0.4742,2.116,0.556,1.232,1.395,raw_delquant_flat_file,14.2003,9.916666666666666,4.283633333333334,17.2388,2.1418,1.214,5.0968,3.947611111111111,1.1491888888888888,6.3636,0.5746,1.2485,3.2608,2.145888888888889,1.1149111111111112,2.6735,0.5575,0.8199,0.9439,0.7621666666666667,0.1817333333333333,1.3229,0.0909,1.4015,0.5491,0.4476111111111111,0.1014888888888889,0.6067,0.0507,1.1049,1.6469,1.2115,0.4354,1.7597,0.2177,1.0685,0.4691,0.4532722222222222,0.01582777777777783,0.4715,0.0079,1.0051,0.7828,0.7502888888888889,0.03251111111111116,0.7837,0.0163,1.0011,1.6758,0.9857777777777778,0.6900222222222222,1.74,0.345,1.0383,0.4773,0.41952222222222224,0.05777777777777776,0.5031,0.0289,1.0541
Bennedict Mathurin,1631097,LAC,SG,16.74,4.725,3.269,0.926,0.299,2.105,0.4449,0.8378,1.489,0.5335,3.269,0.299,0.926,1.489,raw_delquant_flat_file,14.2003,9.250625,4.949675000000001,19.2148,2.4748,1.3531,5.0968,3.37875,1.7180499999999999,5.584,0.859,1.0956,3.2608,2.192375,1.068425,3.8032,0.5342,1.1663,0.9439,0.7555000000000001,0.1883999999999999,1.0202,0.0942,1.0808,0.5491,0.41118750000000004,0.1379125,0.368,0.069,0.6702,1.6469,1.1773125,0.46958750000000005,2.3398,0.2348,1.4207,0.4691,0.45813125,0.010968750000000027,0.4504,0.0055,0.9601,0.7828,0.77625,0.006550000000000056,0.8411,0.0033,1.0745,1.6758,1.0209375,0.6548624999999999,1.8164,0.3274,1.0839,0.4773,0.4134875,0.0638125,0.5654,0.0319,1.1846
Dejounte Murray,1627749,NOP,PG,14.02,4.308,4.853,1.322,0.247,2.33,0.4445,0.8306,1.461,0.4089,4.853,0.247,1.322,1.461,raw_delquant_flat_file,14.2003,10.4724,3.7279,15.884,1.864,1.1186,5.0968,4.337199999999999,0.7596000000000007,4.6878,0.3798,0.9198,3.2608,2.329333333333333,0.9314666666666671,5.3187,0.4657,1.6311,0.9439,0.7901333333333334,0.1537666666666666,1.3989,0.0769,1.482,0.5491,0.5034666666666666,0.045633333333333415,0.2698,0.0228,0.4913,1.6469,1.3388,0.30810000000000004,2.484,0.154,1.5083,0.4691,0.4649933333333333,0.004106666666666703,0.4466,0.0021,0.952,0.7828,0.7565666666666666,0.026233333333333442,0.8437,0.0131,1.0778,1.6758,0.9537333333333333,0.7220666666666666,1.822,0.361,1.0872,0.4773,0.4297066666666666,0.047593333333333376,0.4327,0.0238,0.9066
Payton Pritchard,1630202,BOS,PG,15.667,3.876,4.505,0.901,0.194,1.523,0.4591,0.8418,2.333,0.5057,4.505,0.194,0.901,2.333,raw_delquant_flat_file,14.2003,10.554846153846153,3.6454538461538473,17.4897,1.8227,1.2316,5.0968,4.29,0.8068,4.2794,0.4034,0.8396,3.2608,2.3656923076923078,0.8951076923076924,4.9526,0.4476,1.5188,0.9439,0.6874615384615385,0.2564384615384615,1.0292,0.1282,1.0904,0.5491,0.4480769230769231,0.10102307692307694,0.2445,0.0505,0.4453,1.6469,1.1839230769230769,0.4629769230769232,1.7545,0.2315,1.0653,0.4691,0.4659153846153846,0.003184615384615397,0.4607,0.0016,0.9821,0.7828,0.764453846153846,0.018346153846154012,0.851,0.0092,1.0871,1.6758,1.2137692307692307,0.46203076923076924,2.564,0.231,1.53,0.4773,0.4291384615384616,0.04816153846153842,0.5298,0.0241,1.11
Matas Buzelis,1641824,CHI,SF,14.923,5.672,2.168,0.772,1.093,1.824,0.4633,0.7784,1.54,0.5198,2.168,1.093,0.772,1.54,raw_delquant_flat_file,14.2003,8.785941176470587,5.4143588235294136,17.6302,2.7072,1.2415,5.0968,3.5295882352941175,1.5672117647058825,6.4556,0.7836,1.2666,3.2608,2.0900588235294117,1.1707411764705884,2.7534,0.5854,0.8444,0.9439,0.6158823529411765,0.3280176470588234,0.936,0.164,0.9916,0.5491,0.38964705882352946,0.15945294117647058,1.1727,0.0797,2.1357,1.6469,1.1739411764705883,0.47295882352941176,2.0605,0.2365,1.2511,0.4691,0.4611058823529412,0.007994117647058818,0.4673,0.004,0.9962,0.7828,0.7538823529411764,0.028917647058823603,0.7929,0.0145,1.0129,1.6758,0.949,0.7268,1.9034,0.3634,1.1358,0.4773,0.4102058823529412,0.0670941176470588,0.5533,0.0335,1.1592
Brandin Podziemski,1641764,GSW,PG,14.211,4.821,4.108,1.107,0.252,1.749,0.4504,0.7927,1.687,0.5335,4.108,0.252,1.107,1.687,raw_delquant_flat_file,14.2003,9.445555555555556,4.754744444444444,16.5884,2.3774,1.1682,5.0968,3.606555555555556,1.490244444444444,5.5661,0.7451,1.0921,3.2608,2.3485555555555555,0.9122444444444446,4.5641,0.4561,1.3997,0.9439,0.7605555555555555,0.18334444444444442,1.1987,0.0917,1.2699,0.5491,0.41038888888888886,0.13871111111111117,0.3214,0.0694,0.5853,1.6469,1.1836111111111112,0.46328888888888886,1.9806,0.2316,1.2026,0.4691,0.46147777777777776,0.007622222222222252,0.4542,0.0038,0.9682,0.7828,0.7820055555555556,0.000794444444444431,0.7931,0.0004,1.0132,1.6758,1.1357222222222223,0.5400777777777777,1.957,0.27,1.1678,0.4773,0.39902777777777776,0.07827222222222224,0.5726,0.0391,1.1997
Toumani Camara,1641739,POR,SF,13.926,5.904,2.466,1.157,0.606,1.751,0.4567,0.7585,1.722,0.5149,2.466,0.606,1.157,1.722,raw_delquant_flat_file,14.2003,9.020555555555555,5.179744444444445,16.5159,2.5899,1.1631,5.0968,3.5888333333333335,1.5079666666666665,6.658,0.754,1.3063,3.2608,2.1012222222222223,1.1595777777777778,3.0458,0.5798,0.9341,0.9439,0.7107777777777778,0.23312222222222212,1.2736,0.1166,1.3493,0.5491,0.4397777777777778,0.10932222222222221,0.6607,0.0547,1.2032,1.6469,1.2561666666666667,0.3907333333333334,1.9464,0.1954,1.1819,0.4691,0.4412666666666667,0.02783333333333332,0.4706,0.0139,1.0032,0.7828,0.7468,0.03600000000000003,0.7765,0.018,0.992,1.6758,1.005111111111111,0.6706888888888889,2.0573,0.3353,1.2277,0.4773,0.43099444444444446,0.046305555555555544,0.5381,0.0232,1.1274
Nickeil Alexander-Walker,1629638,ATL,PG,15.749,3.42,3.769,1.071,0.432,1.809,0.4511,0.8521,2.194,0.5085,3.769,0.432,1.071,2.194,raw_delquant_flat_file,14.2003,9.143944444444445,5.056355555555555,18.2772,2.5282,1.2871,5.0968,3.657666666666666,1.4391333333333338,4.1396,0.7196,0.8122,3.2608,2.035888888888889,1.224911111111111,4.3815,0.6125,1.3437,0.9439,0.709111111111111,0.23478888888888894,1.1884,0.1174,1.259,0.5491,0.4205,0.12860000000000005,0.4963,0.0643,0.9038,1.6469,1.1113888888888888,0.5355111111111113,2.0768,0.2678,1.261,0.4691,0.4601722222222222,0.008927777777777812,0.4556,0.0045,0.9712,0.7828,0.7444944444444445,0.03830555555555559,0.8713,0.0192,1.1131,1.6758,1.0002222222222223,0.6755777777777776,2.5318,0.3378,1.5108,0.4773,0.4212388888888889,0.05606111111111112,0.5365,0.028,1.124
Jarrett Allen,1628386,CLE,C,12.192,8.038,1.659,0.769,0.941,1.248,0.6213,0.7064,0.072,0.3544,1.659,0.941,0.769,0.072,raw_delquant_flat_file,14.2003,9.614411764705881,4.585888235294119,14.4849,2.2929,1.02,5.0968,3.805411764705883,1.291388235294117,8.6837,0.6457,1.7038,3.2608,2.4610588235294117,0.7997411764705884,2.0589,0.3999,0.6314,0.9439,0.7529411764705882,0.19095882352941174,0.8645,0.0955,0.9159,0.5491,0.4275294117647059,0.12157058823529415,1.0018,0.0608,1.8244,1.6469,1.1886470588235294,0.45825294117647064,1.4771,0.2291,0.8969,0.4691,0.4603,0.00880000000000003,0.6257,0.0044,1.3338,0.7828,0.773,0.009800000000000031,0.7113,0.0049,0.9087,1.6758,1.1414705882352942,0.5343294117647057,0.3392,0.2672,0.2024,0.4773,0.4022529411764706,0.07504705882352941,0.3919,0.0375,0.8211
Donte DiVincenzo,1628978,MIN,PG,14.197,3.92,4.043,1.241,0.352,1.713,0.4331,0.7975,2.541,0.4848,4.043,0.352,1.241,2.541,raw_delquant_flat_file,14.2003,9.3915,4.8088,16.6014,2.4044,1.1691,5.0968,3.598375,1.4984250000000001,4.6692,0.7492,0.9161,3.2608,2.197875,1.0629250000000003,4.5745,0.5315,1.4029,0.9439,0.7104375,0.2334624999999999,1.3577,0.1167,1.4384,0.5491,0.429875,0.11922500000000003,0.4116,0.0596,0.7496,1.6469,1.16025,0.48665,1.9563,0.2433,1.1879,0.4691,0.4592625,0.009837499999999999,0.438,0.0049,0.9337,0.7828,0.7549875,0.027812500000000018,0.8114,0.0139,1.0365,1.6758,1.0204374999999999,0.6553625000000001,2.8687,0.3277,1.7118,0.4773,0.42216875,0.05513125000000002,0.5124,0.0276,1.0735
Cameron Johnson,1629661,DEN,SF,14.961,5.026,2.766,0.904,0.466,1.429,0.4689,0.8182,1.883,0.4742,2.766,0.466,0.904,1.883,raw_delquant_flat_file,14.2003,9.484444444444444,4.715855555555557,17.3189,2.3579,1.2196,5.0968,3.5435,1.5533000000000001,5.8026,0.7766,1.1385,3.2608,2.3794444444444443,0.8813555555555559,3.2067,0.4407,0.9834,0.9439,0.6557777777777778,0.28812222222222217,1.0481,0.1441,1.1104,0.5491,0.35344444444444445,0.19565555555555558,0.5638,0.0978,1.0268,1.6469,1.0929444444444443,0.5539555555555558,1.706,0.277,1.0359,0.4691,0.4566777777777778,0.012422222222222223,0.4751,0.0062,1.0128,0.7828,0.7742055555555556,0.00859444444444446,0.8225,0.0043,1.0507,1.6758,1.0026111111111111,0.6731888888888888,2.2196,0.3366,1.3245,0.4773,0.41878333333333334,0.05851666666666666,0.5035,0.0293,1.0549
Naji Marshall,1630230,DAL,SF,14.529,5.415,2.914,1.026,0.319,1.679,0.4894,0.7772,1.009,0.4964,2.914,0.319,1.026,1.009,raw_delquant_flat_file,14.2003,9.4712,4.729100000000001,16.8936,2.3646,1.1897,5.0968,3.9284,1.1684,5.9992,0.5842,1.1771,3.2608,2.088,1.1728,3.5004,0.5864,1.0735,0.9439,0.6827500000000001,0.2611499999999999,1.1566,0.1306,1.2253,0.5491,0.4574,0.09170000000000006,0.3648,0.0458,0.6644,1.6469,1.1912,0.4557,1.9068,0.2278,1.1578,0.4691,0.463675,0.005425000000000013,0.4921,0.0027,1.049,0.7828,0.755695,0.027105000000000046,0.7908,0.0136,1.0102,1.6758,0.893,0.7827999999999999,1.4004,0.3914,0.8357,0.4773,0.41499499999999995,0.062305000000000055,0.5276,0.0312,1.1054
Grayson Allen,1628960,PHX,PG,15.115,3.481,3.816,1.144,0.319,1.678,0.4376,0.8412,2.402,0.478,3.816,0.319,1.144,2.402,raw_delquant_flat_file,14.2003,8.88535294117647,5.314947058823531,17.7725,2.6575,1.2516,5.0968,3.3191764705882356,1.7776235294117644,4.3698,0.8888,0.8574,3.2608,1.9868235294117649,1.2739764705882353,4.453,0.637,1.3656,0.9439,0.6880588235294117,0.25584117647058824,1.2719,0.1279,1.3475,0.5491,0.34911764705882353,0.1999823529411765,0.419,0.1,0.7631,1.6469,1.0747058823529412,0.5721941176470589,1.9641,0.2861,1.1926,0.4691,0.4498411764705882,0.019258823529411828,0.4472,0.0096,0.9533,0.7828,0.7384588235294117,0.04434117647058833,0.8634,0.0222,1.103,1.6758,1.0250588235294116,0.6507411764705884,2.7274,0.3254,1.6275,0.4773,0.41646470588235296,0.06083529411764704,0.5084,0.0304,1.0652
Alex Sarr,1642259,WAS,C,11.911,6.696,1.917,0.665,1.445,1.456,0.4778,0.6794,0.761,0.3921,1.917,1.445,0.665,0.761,raw_delquant_flat_file,14.2003,10.083470588235295,4.116829411764705,13.9694,2.0584,0.9837,5.0968,3.858882352941176,1.2379176470588238,7.315,0.619,1.4352,3.2608,2.2964117647058826,0.9643882352941175,2.3992,0.4822,0.7358,0.9439,0.7468823529411764,0.19701764705882352,0.7635,0.0985,0.8089,0.5491,0.4805294117647059,0.0685705882352941,1.4793,0.0343,2.694,1.6469,1.3768235294117646,0.2700764705882355,1.591,0.135,0.9661,0.4691,0.4529117647058824,0.016188235294117614,0.4859,0.0081,1.0358,0.7828,0.7613705882352941,0.02142941176470592,0.6901,0.0107,0.8816,1.6758,1.0793529411764706,0.5964470588235293,1.0592,0.2982,0.6321,0.4773,0.42597058823529416,0.051329411764705846,0.4178,0.0257,0.8753
Dillon Brooks,1628415,PHX,SG,16.74,3.707,2.933,1.03,0.219,1.677,0.4381,0.8338,2.065,0.478,2.933,0.219,1.03,2.065,raw_delquant_flat_file,14.2003,8.88535294117647,5.314947058823531,19.3975,2.6575,1.366,5.0968,3.3191764705882356,1.7776235294117644,4.5958,0.8888,0.9017,3.2608,1.9868235294117649,1.2739764705882353,3.57,0.637,1.0948,0.9439,0.6880588235294117,0.25584117647058824,1.1579,0.1279,1.2267,0.5491,0.34911764705882353,0.1999823529411765,0.319,0.1,0.581,1.6469,1.0747058823529412,0.5721941176470589,1.9631,0.2861,1.192,0.4691,0.4498411764705882,0.019258823529411828,0.4477,0.0096,0.9544,0.7828,0.7384588235294117,0.04434117647058833,0.856,0.0222,1.0935,1.6758,1.0250588235294116,0.6507411764705884,2.3904,0.3254,1.4264,0.4773,0.41646470588235296,0.06083529411764704,0.5084,0.0304,1.0652
Jaime Jaquez Jr.,1631170,MIA,PG,14.32,4.4,4.016,0.973,0.286,1.925,0.4721,0.7946,1.106,0.5178,4.016,0.286,0.973,1.106,raw_delquant_flat_file,14.2003,10.5542,3.6461000000000006,16.1431,1.8231,1.1368,5.0968,3.9381333333333335,1.1586666666666665,4.9793,0.5793,0.9769,3.2608,2.4346,0.8262,4.4291,0.4131,1.3583,0.9439,0.7641333333333333,0.17976666666666663,1.0629,0.0899,1.1261,0.5491,0.3908666666666667,0.15823333333333334,0.3651,0.0791,0.6649,1.6469,1.2644666666666666,0.3824333333333334,2.1162,0.1912,1.285,0.4691,0.4581266666666667,0.010973333333333335,0.4776,0.0055,1.0181,0.7828,0.7705466666666667,0.012253333333333338,0.8007,0.0061,1.0229,1.6758,1.1222666666666667,0.5535333333333332,1.3828,0.2768,0.8252,0.4773,0.4400866666666667,0.03721333333333332,0.5364,0.0186,1.1238
Herbert Jones,1630529,NOP,SF,12.632,4.906,2.867,1.389,0.591,1.637,0.4466,0.797,1.297,0.4982,2.867,0.591,1.389,1.297,raw_delquant_flat_file,14.2003,10.4724,3.7279,14.496,1.864,1.0208,5.0968,4.337199999999999,0.7596000000000007,5.2858,0.3798,1.0371,3.2608,2.329333333333333,0.9314666666666671,3.3327,0.4657,1.022,0.9439,0.7901333333333334,0.1537666666666666,1.4659,0.0769,1.553,0.5491,0.5034666666666666,0.045633333333333415,0.6138,0.0228,1.1178,1.6469,1.3388,0.30810000000000004,1.791,0.154,1.0875,0.4691,0.4649933333333333,0.004106666666666703,0.4487,0.0021,0.9565,0.7828,0.7565666666666666,0.026233333333333442,0.8101,0.0131,1.0349,1.6758,0.9537333333333333,0.7220666666666666,1.658,0.361,0.9894,0.4773,0.4297066666666666,0.047593333333333376,0.522,0.0238,1.0937
Kristaps Porziņģis,204001,GSW,PF,14.065,5.311,1.925,0.645,1.008,1.198,0.4703,0.817,1.498,0.3768,1.925,1.008,0.645,1.498,raw_delquant_flat_file,14.2003,9.445555555555556,4.754744444444444,16.4424,2.3774,1.1579,5.0968,3.606555555555556,1.490244444444444,6.0561,0.7451,1.1882,3.2608,2.3485555555555555,0.9122444444444446,2.3811,0.4561,0.7302,0.9439,0.7605555555555555,0.18334444444444442,0.7367,0.0917,0.7805,0.5491,0.41038888888888886,0.13871111111111117,1.0774,0.0694,1.9621,1.6469,1.1836111111111112,0.46328888888888886,1.4296,0.2316,0.8681,0.4691,0.46147777777777776,0.007622222222222252,0.4741,0.0038,1.0107,0.7828,0.7820055555555556,0.000794444444444431,0.8174,0.0004,1.0442,1.6758,1.1357222222222223,0.5400777777777777,1.768,0.27,1.055,0.4773,0.39902777777777776,0.07827222222222224,0.4159,0.0391,0.8714
Leaky Black,1641778,WAS,SF,12.878,5.69,2.479,0.984,0.694,1.571,0.4575,0.7762,1.218,0.4956,2.479,0.694,0.984,1.218,raw_delquant_flat_file,14.2003,10.083470588235295,4.116829411764705,14.9364,2.0584,1.0518,5.0968,3.858882352941176,1.2379176470588238,6.309,0.619,1.2378,3.2608,2.2964117647058826,0.9643882352941175,2.9612,0.4822,0.9081,0.9439,0.7468823529411764,0.19701764705882352,1.0825,0.0985,1.1468,0.5491,0.4805294117647059,0.0685705882352941,0.7283,0.0343,1.3264,1.6469,1.3768235294117646,0.2700764705882355,1.706,0.135,1.0359,0.4691,0.4529117647058824,0.016188235294117614,0.4656,0.0081,0.9925,0.7828,0.7613705882352941,0.02142941176470592,0.7869,0.0107,1.0052,1.6758,1.0793529411764706,0.5964470588235293,1.5162,0.2982,0.9048,0.4773,0.42597058823529416,0.051329411764705846,0.5213,0.0257,1.0922
Christian Braun,1631128,DEN,PG,14.04,4.472,3.342,0.951,0.351,1.452,0.4889,0.7993,1.259,0.5231,3.342,0.351,0.951,1.259,raw_delquant_flat_file,14.2003,9.484444444444444,4.715855555555557,16.3979,2.3579,1.1548,5.0968,3.5435,1.5533000000000001,5.2487,0.7767,1.0298,3.2608,2.3794444444444443,0.8813555555555559,3.7827,0.4407,1.1601,0.9439,0.6557777777777778,0.28812222222222217,1.0951,0.1441,1.1602,0.5491,0.35344444444444445,0.19565555555555558,0.4488,0.0978,0.8173,1.6469,1.0929444444444443,0.5539555555555558,1.729,0.277,1.0499,0.4691,0.4566777777777778,0.012422222222222223,0.4951,0.0062,1.0554,0.7828,0.7742055555555556,0.00859444444444446,0.8036,0.0043,1.0266,1.6758,1.0026111111111111,0.6731888888888888,1.5956,0.3366,0.9521,0.4773,0.41878333333333334,0.05851666666666666,0.5524,0.0293,1.1573
Ryan Rollins,1631157,MIL,PG,13.826,3.586,4.124,1.167,0.346,1.989,0.4617,0.804,1.606,0.5335,4.124,0.346,1.167,1.606,raw_delquant_flat_file,14.2003,9.940999999999999,4.259300000000001,15.9557,2.1297,1.1236,5.0968,3.714555555555555,1.3822444444444448,4.2771,0.6911,0.8392,3.2608,2.2494444444444444,1.0113555555555558,4.6297,0.5057,1.4198,0.9439,0.7022222222222223,0.24167777777777766,1.2878,0.1208,1.3643,0.5491,0.381,0.16810000000000003,0.43,0.084,0.7831,1.6469,1.2697222222222222,0.37717777777777783,2.1776,0.1886,1.3222,0.4691,0.4623055555555556,0.006794444444444436,0.4651,0.0034,0.9915,0.7828,0.7495888888888889,0.03321111111111119,0.8206,0.0166,1.0483,1.6758,1.103,0.5728,1.8924,0.2864,1.1293,0.4773,0.41657777777777777,0.06072222222222223,0.5639,0.0304,1.1814
Anthony Black,1641710,ORL,PG,13.527,3.643,3.822,1.192,0.495,1.983,0.4454,0.7623,1.305,0.5292,3.822,0.495,1.192,1.305,raw_delquant_flat_file,14.2003,9.959933333333334,4.240366666666667,15.6472,2.1202,1.1019,5.0968,3.8836,1.2132,4.2496,0.6066,0.8338,3.2608,2.1512666666666664,1.1095333333333337,4.3768,0.5548,1.3422,0.9439,0.7268000000000001,0.21709999999999985,1.3005,0.1085,1.3778,0.5491,0.4478,0.10130000000000006,0.5456,0.0506,0.9936,1.6469,1.2436666666666667,0.40323333333333333,2.1846,0.2016,1.3265,0.4691,0.45659333333333335,0.012506666666666666,0.4517,0.0063,0.9629,0.7828,0.7623666666666666,0.020433333333333414,0.7725,0.0102,0.9868,1.6758,0.9354666666666667,0.7403333333333333,1.6752,0.3702,0.9996,0.4773,0.43374666666666667,0.04355333333333333,0.551,0.0218,1.1544
Aaron Nesmith,1630174,IND,SG,14.732,4.105,3.03,0.934,0.43,1.599,0.4499,0.8284,1.951,0.5226,3.03,0.43,0.934,1.951,raw_delquant_flat_file,14.2003,9.299555555555555,4.900744444444445,17.1824,2.4504,1.21,5.0968,3.769944444444444,1.326855555555556,4.7684,0.6634,0.9356,3.2608,2.2429444444444444,1.0178555555555557,3.5389,0.5089,1.0853,0.9439,0.6926111111111112,0.2512888888888888,1.0596,0.1256,1.1226,0.5491,0.4008333333333333,0.1482666666666667,0.5041,0.0741,0.918,1.6469,1.1437777777777778,0.5031222222222222,1.8506,0.2516,1.1237,0.4691,0.4635222222222223,0.005577777777777737,0.4527,0.0028,0.965,0.7828,0.7666499999999999,0.01615000000000011,0.8365,0.0081,1.0686,1.6758,0.973388888888889,0.702411111111111,2.3022,0.3512,1.3738,0.4773,0.41789444444444446,0.059405555555555545,0.5523,0.0297,1.1571
Peyton Watson,1631212,DEN,PG,13.527,4.148,2.949,0.962,0.846,1.673,0.4654,0.763,1.308,0.5335,2.949,0.846,0.962,1.308,raw_delquant_flat_file,14.2003,9.484444444444444,4.715855555555557,15.8849,2.3579,1.1186,5.0968,3.5435,1.5533000000000001,4.9246,0.7766,0.9662,3.2608,2.3794444444444443,0.8813555555555559,3.3897,0.4407,1.0395,0.9439,0.6557777777777778,0.28812222222222217,1.1061,0.1441,1.1718,0.5491,0.35344444444444445,0.19565555555555558,0.9438,0.0978,1.7188,1.6469,1.0929444444444443,0.5539555555555558,1.95,0.277,1.184,0.4691,0.4566777777777778,0.012422222222222223,0.4716,0.0062,1.0053,0.7828,0.7742055555555556,0.00859444444444446,0.7673,0.0043,0.9802,1.6758,1.0026111111111111,0.6731888888888888,1.6446,0.3366,0.9814,0.4773,0.41878333333333334,0.05851666666666666,0.5628,0.0293,1.1791
Jusuf Nurkić,203994,UTA,C,9.084,8.322,2.844,0.858,0.784,1.813,0.4983,0.623,0.446,0.371,2.844,0.784,0.858,0.446,raw_delquant_flat_file,14.2003,11.249888888888888,2.950411111111112,10.5592,1.4752,0.7436,5.0968,4.457277777777778,0.6395222222222223,8.6418,0.3198,1.6955,3.2608,2.645388888888889,0.6154111111111114,3.1517,0.3077,0.9665,0.9439,0.8517222222222222,0.0921777777777778,0.9041,0.0461,0.9578,0.5491,0.4432222222222222,0.10587777777777785,0.8369,0.0529,1.5241,1.6469,1.4776666666666667,0.16923333333333335,1.8976,0.0846,1.1522,0.4691,0.45565000000000005,0.013449999999999962,0.505,0.0067,1.0765,0.7828,0.7633666666666667,0.019433333333333302,0.6327,0.0097,0.8083,1.6758,1.2035,0.47229999999999994,0.6822,0.2362,0.4071,0.4773,0.4321166666666667,0.0451833333333333,0.3936,0.0226,0.8246
Donovan Clingan,1642270,POR,C,9.295,8.446,1.499,0.555,1.401,1.199,0.528,0.6637,0.513,0.3882,1.499,1.401,0.555,0.513,raw_delquant_flat_file,14.2003,9.020555555555555,5.179744444444445,11.8849,2.5899,0.8369,5.0968,3.5888333333333335,1.5079666666666665,9.2,0.754,1.8051,3.2608,2.1012222222222223,1.1595777777777778,2.0788,0.5798,0.6375,0.9439,0.7107777777777778,0.23312222222222212,0.6716,0.1166,0.7115,0.5491,0.4397777777777778,0.10932222222222221,1.4557,0.0547,2.6511,1.6469,1.2561666666666667,0.3907333333333334,1.3944,0.1954,0.8467,0.4691,0.4412666666666667,0.02783333333333332,0.5419,0.0139,1.1552,0.7828,0.7468,0.03600000000000003,0.6817,0.018,0.8708,1.6758,1.005111111111111,0.6706888888888889,0.8483,0.3353,0.5062,0.4773,0.43099444444444446,0.046305555555555544,0.4114,0.0232,0.8619
Isaiah Hartenstein,1628392,OKC,PF,8.803,8.192,2.495,0.813,0.965,1.416,0.5837,0.6563,0.076,0.3544,2.495,0.965,0.813,0.076,raw_delquant_flat_file,14.2003,10.152375,4.047925000000001,10.827,2.024,0.7624,5.0968,3.7781875,1.3186125,8.8513,0.6593,1.7366,3.2608,2.4305,0.8303000000000003,2.9102,0.4152,0.8925,0.9439,0.8349375,0.10896249999999996,0.8675,0.0545,0.9191,0.5491,0.4696875,0.07941250000000005,1.0047,0.0397,1.8297,1.6469,1.19125,0.4556500000000001,1.6438,0.2278,0.9981,0.4691,0.4647125,0.004387500000000044,0.5859,0.0022,1.249,0.7828,0.774775,0.00802500000000006,0.6603,0.004,0.8435,1.6758,1.0983749999999999,0.5774250000000001,0.3647,0.2887,0.2176,0.4773,0.421575,0.055725000000000025,0.3823,0.0279,0.801
Deandre Ayton,1629028,LAL,C,11.41,7.97,1.177,0.651,0.962,1.311,0.5901,0.6761,0.107,0.3544,1.177,0.962,0.651,0.107,raw_delquant_flat_file,14.2003,9.564941176470587,4.635358823529414,13.7277,2.3177,0.9667,5.0968,3.6745882352941175,1.4222117647058825,8.6811,0.7111,1.7032,3.2608,2.2321764705882354,1.0286235294117647,1.6913,0.5143,0.5187,0.9439,0.6849411764705883,0.2589588235294117,0.7805,0.1295,0.8269,0.5491,0.36511764705882355,0.18398235294117649,1.054,0.092,1.9195,1.6469,1.2188823529411765,0.4280176470588235,1.525,0.214,0.926,0.4691,0.46496470588235295,0.00413529411764707,0.5922,0.0021,1.2624,0.7828,0.744035294117647,0.038764705882353034,0.6955,0.0194,0.8885,1.6758,0.9627058823529412,0.7130941176470588,0.4635,0.3565,0.2766,0.4773,0.43051764705882356,0.04678235294117644,0.3778,0.0234,0.7915
Quentin Grimes,1629656,PHI,PG,14.253,3.769,3.537,0.997,0.314,1.814,0.4466,0.8117,1.753,0.5178,3.537,0.314,0.997,1.753,raw_delquant_flat_file,14.2003,9.916666666666666,4.283633333333334,16.3948,2.1418,1.1545,5.0968,3.947611111111111,1.1491888888888888,4.3436,0.5746,0.8522,3.2608,2.145888888888889,1.1149111111111112,4.0945,0.5575,1.2557,0.9439,0.7621666666666667,0.1817333333333333,1.0879,0.0909,1.1526,0.5491,0.4476111111111111,0.1014888888888889,0.3647,0.0507,0.6642,1.6469,1.2115,0.4354,2.0317,0.2177,1.2337,0.4691,0.4532722222222222,0.01582777777777783,0.4545,0.0079,0.9689,0.7828,0.7502888888888889,0.03251111111111116,0.828,0.0163,1.0577,1.6758,0.9857777777777778,0.6900222222222222,2.098,0.345,1.2519,0.4773,0.41952222222222224,0.05777777777777776,0.5467,0.0289,1.1454
Nic Claxton,1629651,BKN,C,9.982,7.015,2.196,0.654,1.231,1.259,0.5624,0.608,0.091,0.3734,2.196,1.231,0.654,0.091,raw_delquant_flat_file,14.2003,8.809833333333334,5.390466666666667,12.6772,2.6952,0.8927,5.0968,3.629055555555555,1.467744444444445,7.7489,0.7339,1.5203,3.2608,1.9996111111111112,1.261188888888889,2.8266,0.6306,0.8668,0.9439,0.7076666666666667,0.2362333333333333,0.7721,0.1181,0.818,0.5491,0.4147222222222222,0.13437777777777782,1.2982,0.0672,2.3642,1.6469,1.1893333333333334,0.4575666666666667,1.4878,0.2288,0.9034,0.4691,0.4530777777777778,0.016022222222222215,0.5704,0.008,1.2159,0.7828,0.7681388888888888,0.014661111111111236,0.6153,0.0073,0.786,1.6758,1.0036111111111112,0.6721888888888887,0.4271,0.3361,0.2549,0.4773,0.41187222222222225,0.06542777777777775,0.4061,0.0327,0.8508
Mark Williams,1631109,PHX,C,10.748,7.668,1.325,0.716,1.013,1.169,0.5938,0.7329,0.113,0.3723,1.325,1.013,0.716,0.113,raw_delquant_flat_file,14.2003,8.88535294117647,5.314947058823531,13.4055,2.6575,0.944,5.0968,3.3191764705882356,1.7776235294117644,8.5568,0.8888,1.6789,3.2608,1.9868235294117649,1.2739764705882353,1.962,0.637,0.6017,0.9439,0.6880588235294117,0.25584117647058824,0.8439,0.1279,0.8941,0.5491,0.34911764705882353,0.1999823529411765,1.113,0.1,2.027,1.6469,1.0747058823529412,0.5721941176470589,1.4551,0.2861,0.8835,0.4691,0.4498411764705882,0.019258823529411828,0.6034,0.0096,1.2863,0.7828,0.7384588235294117,0.04434117647058833,0.7551,0.0222,0.9646,1.6758,1.0250588235294116,0.6507411764705884,0.4384,0.3254,0.2616,0.4773,0.41646470588235296,0.06083529411764704,0.4027,0.0304,0.8437
Myles Turner,1626167,MIL,PF,11.61,6.101,1.34,0.635,1.452,1.302,0.4869,0.7359,1.3,0.3631,1.34,1.452,0.635,1.3,raw_delquant_flat_file,14.2003,9.940999999999999,4.259300000000001,13.7396,2.1296,0.9676,5.0968,3.714555555555555,1.3822444444444448,6.7921,0.6911,1.3326,3.2608,2.2494444444444444,1.0113555555555558,1.8457,0.5057,0.566,0.9439,0.7022222222222223,0.24167777777777766,0.7558,0.1208,0.8007,0.5491,0.381,0.16810000000000003,1.536,0.084,2.7973,1.6469,1.2697222222222222,0.37717777777777783,1.4906,0.1886,0.9051,0.4691,0.4623055555555556,0.006794444444444436,0.4903,0.0034,1.0452,0.7828,0.7495888888888889,0.03321111111111119,0.7525,0.0166,0.9613,1.6758,1.103,0.5728,1.5864,0.2864,0.9467,0.4773,0.41657777777777777,0.06072222222222223,0.3935,0.0304,0.8244
Zach Edey,1641744,MEM,C,10.16,8.073,1.162,0.594,1.329,1.541,0.5781,0.7178,0.212,0.3861,1.162,1.329,0.594,0.212,raw_delquant_flat_file,14.2003,9.42378947368421,4.776510526315791,12.5483,2.3883,0.8837,5.0968,3.582263157894737,1.514536842105263,8.8303,0.7573,1.7325,3.2608,2.3693684210526316,0.8914315789473686,1.6077,0.4457,0.493,0.9439,0.7777894736842105,0.1661105263157895,0.6771,0.0831,0.7173,0.5491,0.3871578947368421,0.16194210526315794,1.41,0.081,2.5678,1.6469,1.2790526315789474,0.3678473684210526,1.7249,0.1839,1.0474,0.4691,0.452621052631579,0.016478947368421037,0.5863,0.0082,1.2498,0.7828,0.7797315789473684,0.003068421052631609,0.7193,0.0015,0.9189,1.6758,1.0590526315789475,0.6167473684210525,0.5204,0.3084,0.3105,0.4773,0.410321052631579,0.06697894736842103,0.4196,0.0335,0.8791
Jakob Poeltl,1627751,TOR,C,10.229,7.349,1.874,0.777,0.983,1.369,0.618,0.6378,0.096,0.3631,1.874,0.983,0.777,0.096,raw_delquant_flat_file,14.2003,9.236749999999999,4.9635500000000015,12.7108,2.4818,0.8951,5.0968,3.6478125,1.4489874999999999,8.0735,0.7245,1.584,3.2608,2.18275,1.0780500000000002,2.413,0.539,0.74,0.9439,0.678875,0.26502499999999996,0.9095,0.1325,0.9636,0.5491,0.401625,0.14747500000000002,1.0567,0.0737,1.9244,1.6469,1.1529375,0.4939625000000001,1.616,0.247,0.9812,0.4691,0.4618875,0.007212500000000011,0.6216,0.0036,1.3251,0.7828,0.7451625,0.0376375000000001,0.6566,0.0188,0.8388,1.6758,0.855875,0.8199249999999999,0.506,0.41,0.3019,0.4773,0.43621875,0.041081250000000014,0.3836,0.0205,0.8037
Rui Hachimura,1629060,LAL,SF,14.177,5.134,1.798,0.801,0.464,1.199,0.4957,0.7639,1.502,0.4964,1.798,0.464,0.801,1.502,raw_delquant_flat_file,14.2003,9.564941176470587,4.635358823529414,16.4947,2.3177,1.1616,5.0968,3.6745882352941175,1.4222117647058825,5.8451,0.7111,1.1468,3.2608,2.2321764705882354,1.0286235294117647,2.3123,0.5143,0.7091,0.9439,0.6849411764705883,0.2589588235294117,0.9305,0.1295,0.9858,0.5491,0.36511764705882355,0.18398235294117649,0.556,0.092,1.0126,1.6469,1.2188823529411765,0.4280176470588235,1.413,0.214,0.858,0.4691,0.46496470588235295,0.00413529411764707,0.4978,0.0021,1.0612,0.7828,0.744035294117647,0.038764705882353034,0.7833,0.0194,1.0006,1.6758,0.9627058823529412,0.7130941176470588,1.8585,0.3565,1.109,0.4773,0.43051764705882356,0.04678235294117644,0.5198,0.0234,1.089
Marcus Smart,203935,LAL,PG,12.996,3.102,3.995,1.307,0.31,1.959,0.4272,0.8179,1.752,0.4746,3.995,0.31,1.307,1.752,raw_delquant_flat_file,14.2003,9.564941176470587,4.635358823529414,15.3137,2.3177,1.0784,5.0968,3.6745882352941175,1.4222117647058825,3.8131,0.7111,0.7481,3.2608,2.2321764705882354,1.0286235294117647,4.5093,0.5143,1.3829,0.9439,0.6849411764705883,0.2589588235294117,1.4365,0.1295,1.5219,0.5491,0.36511764705882355,0.18398235294117649,0.402,0.092,0.7321,1.6469,1.2188823529411765,0.4280176470588235,2.173,0.214,1.3194,0.4691,0.46496470588235295,0.00413529411764707,0.4293,0.0021,0.9152,0.7828,0.744035294117647,0.038764705882353034,0.8373,0.0194,1.0696,1.6758,0.9627058823529412,0.7130941176470588,2.1085,0.3565,1.2582,0.4773,0.43051764705882356,0.04678235294117644,0.498,0.0234,1.0434
Derik Queen,1642852,NOP,C,10.268,6.742,2.438,0.803,0.956,1.754,0.5036,0.7457,0.27,0.4131,2.438,0.956,0.803,0.27,raw_delquant_flat_file,14.2003,10.4724,3.7279,12.132,1.864,0.8543,5.0968,4.337199999999999,0.7596000000000007,7.1218,0.3798,1.3973,3.2608,2.329333333333333,0.9314666666666671,2.9037,0.4657,0.8905,0.9439,0.7901333333333334,0.1537666666666666,0.8799,0.0769,0.9322,0.5491,0.5034666666666666,0.045633333333333415,0.9788,0.0228,1.7826,1.6469,1.3388,0.30810000000000004,1.908,0.154,1.1585,0.4691,0.4649933333333333,0.004106666666666703,0.5057,0.0021,1.078,0.7828,0.7565666666666666,0.026233333333333442,0.7588,0.0131,0.9693,1.6758,0.9537333333333333,0.7220666666666666,0.631,0.361,0.3765,0.4773,0.4297066666666666,0.047593333333333376,0.4369,0.0238,0.9154
Royce O'Neale,1626220,PHX,SF,11.786,5.374,2.717,0.983,0.529,1.392,0.4458,0.7754,1.967,0.4612,2.717,0.529,0.983,1.967,raw_delquant_flat_file,14.2003,8.88535294117647,5.314947058823531,14.4435,2.6575,1.0171,5.0968,3.3191764705882356,1.7776235294117644,6.2628,0.8888,1.2288,3.2608,1.9868235294117649,1.2739764705882353,3.354,0.637,1.0286,0.9439,0.6880588235294117,0.25584117647058824,1.1109,0.1279,1.1769,0.5491,0.34911764705882353,0.1999823529411765,0.629,0.1,1.1455,1.6469,1.0747058823529412,0.5721941176470589,1.6781,0.2861,1.0189,0.4691,0.4498411764705882,0.019258823529411828,0.4554,0.0096,0.9708,0.7828,0.7384588235294117,0.04434117647058833,0.7976,0.0222,1.0189,1.6758,1.0250588235294116,0.6507411764705884,2.2924,0.3254,1.3679,0.4773,0.41646470588235296,0.06083529411764704,0.4916,0.0304,1.03
Collin Gillespie,1631221,PHX,PG,12.57,3.524,4.001,1.064,0.231,1.581,0.4387,0.8248,1.851,0.5226,4.001,0.231,1.064,1.851,raw_delquant_flat_file,14.2003,8.88535294117647,5.314947058823531,15.2275,2.6575,1.0723,5.0968,3.3191764705882356,1.7776235294117644,4.4128,0.8888,0.8658,3.2608,1.9868235294117649,1.2739764705882353,4.638,0.637,1.4224,0.9439,0.6880588235294117,0.25584117647058824,1.1919,0.1279,1.2627,0.5491,0.34911764705882353,0.1999823529411765,0.331,0.1,0.6028,1.6469,1.0747058823529412,0.5721941176470589,1.8671,0.2861,1.1337,0.4691,0.4498411764705882,0.019258823529411828,0.4483,0.0096,0.9557,0.7828,0.7384588235294117,0.04434117647058833,0.847,0.0222,1.082,1.6758,1.0250588235294116,0.6507411764705884,2.1764,0.3254,1.2987,0.4773,0.41646470588235296,0.06083529411764704,0.553,0.0304,1.1586
Jalen Green,1630224,PHX,PG,14.749,3.581,2.888,0.889,0.271,1.882,0.4247,0.7836,1.866,0.4149,2.888,0.271,0.889,1.866,raw_delquant_flat_file,14.2003,8.88535294117647,5.314947058823531,17.4065,2.6575,1.2258,5.0968,3.3191764705882356,1.7776235294117644,4.4698,0.8888,0.877,3.2608,1.9868235294117649,1.2739764705882353,3.525,0.637,1.081,0.9439,0.6880588235294117,0.25584117647058824,1.0169,0.1279,1.0773,0.5491,0.34911764705882353,0.1999823529411765,0.371,0.1,0.6757,1.6469,1.0747058823529412,0.5721941176470589,2.1681,0.2861,1.3165,0.4691,0.4498411764705882,0.019258823529411828,0.4343,0.0096,0.9258,0.7828,0.7384588235294117,0.04434117647058833,0.8058,0.0222,1.0294,1.6758,1.0250588235294116,0.6507411764705884,2.1914,0.3254,1.3077,0.4773,0.41646470588235296,0.06083529411764704,0.4453,0.0304,0.933
Naz Reid,1629675,MIN,PF,11.458,5.983,1.679,0.742,0.968,1.361,0.4783,0.7091,1.344,0.3734,1.679,0.968,0.742,1.344,raw_delquant_flat_file,14.2003,9.3915,4.8088,13.8624,2.4044,0.9762,5.0968,3.598375,1.4984250000000001,6.7322,0.7492,1.3209,3.2608,2.197875,1.0629250000000003,2.2105,0.5315,0.6779,0.9439,0.7104375,0.2334624999999999,0.8587,0.1167,0.9097,0.5491,0.429875,0.11922500000000003,1.0276,0.0596,1.8714,1.6469,1.16025,0.48665,1.6043,0.2433,0.9741,0.4691,0.4592625,0.009837499999999999,0.4832,0.0049,1.0301,0.7828,0.7549875,0.027812500000000018,0.723,0.0139,0.9236,1.6758,1.0204374999999999,0.6553625000000001,1.6717,0.3277,0.9976,0.4773,0.42216875,0.05513125000000002,0.401,0.0276,0.8401
Coby White,1629632,CHA,PG,14.636,3.254,3.643,0.718,0.189,1.939,0.4442,0.8349,1.955,0.4127,3.643,0.189,0.718,1.955,raw_delquant_flat_file,14.2003,8.990764705882352,5.209535294117648,17.2408,2.6048,1.2141,5.0968,3.619529411764706,1.4772705882352941,3.9926,0.7386,0.7834,3.2608,1.9743529411764706,1.2864470588235295,4.2862,0.6432,1.3145,0.9439,0.615,0.32889999999999997,0.8824,0.1644,0.9348,0.5491,0.37982352941176467,0.16927647058823536,0.2736,0.0846,0.4983,1.6469,1.1689411764705882,0.4779588235294119,2.178,0.239,1.3225,0.4691,0.45489999999999997,0.014200000000000046,0.4513,0.0071,0.9621,0.7828,0.7540470588235294,0.028752941176470648,0.8493,0.0144,1.085,1.6758,1.0884705882352943,0.5873294117647057,2.2487,0.2937,1.3419,0.4773,0.4224823529411765,0.054817647058823527,0.4401,0.0274,0.9221
Jalen Suggs,1630591,ORL,PG,11.828,3.288,3.582,1.281,0.538,1.995,0.4319,0.8254,1.661,0.4149,3.582,0.538,1.281,1.661,raw_delquant_flat_file,14.2003,9.959933333333334,4.240366666666667,13.9482,2.1202,0.9822,5.0968,3.8836,1.2132,3.8946,0.6066,0.7641,3.2608,2.1512666666666664,1.1095333333333337,4.1368,0.5548,1.2686,0.9439,0.7268000000000001,0.21709999999999985,1.3895,0.1085,1.4721,0.5491,0.4478,0.10130000000000006,0.5887,0.0507,1.0721,1.6469,1.2436666666666667,0.40323333333333333,2.1966,0.2016,1.3338,0.4691,0.45659333333333335,0.012506666666666666,0.4382,0.0063,0.9341,0.7828,0.7623666666666666,0.020433333333333414,0.8356,0.0102,1.0675,1.6758,0.9354666666666667,0.7403333333333333,2.0312,0.3702,1.2121,0.4773,0.43374666666666667,0.04355333333333333,0.4367,0.0218,0.9149
John Collins,1628381,LAC,PF,12.688,5.812,1.337,0.754,0.69,1.442,0.5194,0.7877,1.151,0.3784,1.337,0.69,0.754,1.151,raw_delquant_flat_file,14.2003,9.250625,4.949675000000001,15.1628,2.4748,1.0678,5.0968,3.37875,1.7180499999999999,6.671,0.859,1.3089,3.2608,2.192375,1.068425,1.8712,0.5342,0.5738,0.9439,0.7555000000000001,0.1883999999999999,0.8482,0.0942,0.8986,0.5491,0.41118750000000004,0.1379125,0.759,0.069,1.3823,1.6469,1.1773125,0.46958750000000005,1.6768,0.2348,1.0182,0.4691,0.45813125,0.010968750000000027,0.5249,0.0055,1.119,0.7828,0.77625,0.006550000000000056,0.791,0.0033,1.0105,1.6758,1.0209375,0.6548624999999999,1.4784,0.3274,0.8822,0.4773,0.4134875,0.0638125,0.4103,0.0319,0.8596
Davion Mitchell,1630558,MIA,PG,11.68,2.928,4.983,0.971,0.22,1.709,0.4624,0.7834,1.395,0.5085,4.983,0.22,0.971,1.395,raw_delquant_flat_file,14.2003,10.5542,3.6461000000000006,13.503,1.823,0.9509,5.0968,3.9381333333333335,1.1586666666666665,3.5073,0.5793,0.6881,3.2608,2.4346,0.8262,5.3961,0.4131,1.6548,0.9439,0.7641333333333333,0.17976666666666663,1.0609,0.0899,1.124,0.5491,0.3908666666666667,0.15823333333333334,0.2991,0.0791,0.5447,1.6469,1.2644666666666666,0.3824333333333334,1.9002,0.1912,1.1538,0.4691,0.4581266666666667,0.010973333333333335,0.4679,0.0055,0.9974,0.7828,0.7705466666666667,0.012253333333333338,0.7895,0.0061,1.0086,1.6758,1.1222666666666667,0.5535333333333332,1.6718,0.2768,0.9976,0.4773,0.4400866666666667,0.03721333333333332,0.5271,0.0186,1.1043
Kel'el Ware,1642276,MIA,C,9.673,7.469,0.999,0.645,1.049,1.006,0.5389,0.6933,0.619,0.4131,0.999,1.049,0.645,0.619,raw_delquant_flat_file,14.2003,10.5542,3.6461000000000006,11.496,1.823,0.8096,5.0968,3.9381333333333335,1.1586666666666665,8.0483,0.5793,1.5791,3.2608,2.4346,0.8262,1.4121,0.4131,0.4331,0.9439,0.7641333333333333,0.17976666666666663,0.7349,0.0899,0.7786,0.5491,0.3908666666666667,0.15823333333333334,1.1281,0.0791,2.0545,1.6469,1.2644666666666666,0.3824333333333334,1.1972,0.1912,0.7269,0.4691,0.4581266666666667,0.010973333333333335,0.5444,0.0055,1.1605,0.7828,0.7705466666666667,0.012253333333333338,0.6994,0.0061,0.8935,1.6758,1.1222666666666667,0.5535333333333332,0.8958,0.2768,0.5346,0.4773,0.4400866666666667,0.03721333333333332,0.4317,0.0186,0.9045
Aaron Gordon,203932,DEN,SF,12.485,5.091,2.358,0.604,0.385,1.153,0.5013,0.7558,1.175,0.3768,2.358,0.385,0.604,1.175,raw_delquant_flat_file,14.2003,9.484444444444444,4.715855555555557,14.8429,2.3579,1.0453,5.0968,3.5435,1.5533000000000001,5.8676,0.7766,1.1512,3.2608,2.3794444444444443,0.8813555555555559,2.7987,0.4407,0.8583,0.9439,0.6557777777777778,0.28812222222222217,0.7481,0.1441,0.7926,0.5491,0.35344444444444445,0.19565555555555558,0.4828,0.0978,0.8793,1.6469,1.0929444444444443,0.5539555555555558,1.43,0.277,0.8683,0.4691,0.4566777777777778,0.012422222222222223,0.5075,0.0062,1.0819,0.7828,0.7742055555555556,0.00859444444444446,0.7601,0.0043,0.971,1.6758,1.0026111111111111,0.6731888888888888,1.5116,0.3366,0.902,0.4773,0.41878333333333334,0.05851666666666666,0.4061,0.0293,0.8508
Ty Jerome,1629660,MEM,SG,13.032,2.656,3.709,0.964,0.192,1.405,0.4677,0.8537,1.781,0.4089,3.709,0.192,0.964,1.781,raw_delquant_flat_file,14.2003,9.42378947368421,4.776510526315791,15.4203,2.3883,1.0859,5.0968,3.582263157894737,1.514536842105263,3.4133,0.7573,0.6697,3.2608,2.3693684210526316,0.8914315789473686,4.1547,0.4457,1.2741,0.9439,0.7777894736842105,0.1661105263157895,1.0471,0.0831,1.1093,0.5491,0.3871578947368421,0.16194210526315794,0.273,0.081,0.4972,1.6469,1.2790526315789474,0.3678473684210526,1.5889,0.1839,0.9648,0.4691,0.452621052631579,0.016478947368421037,0.4759,0.0082,1.0145,0.7828,0.7797315789473684,0.003068421052631609,0.8552,0.0015,1.0925,1.6758,1.0590526315789475,0.6167473684210525,2.0894,0.3084,1.2468,0.4773,0.410321052631579,0.06697894736842103,0.4424,0.0335,0.9269
Tobias Harris,202699,DET,SF,11.615,5.001,2.176,0.831,0.493,1.079,0.4687,0.8383,1.092,0.3723,2.176,0.493,0.831,1.092,raw_delquant_flat_file,14.2003,8.7513125,5.448987500000001,14.3395,2.7245,1.0098,5.0968,3.5715,1.5253,5.7636,0.7626,1.1308,3.2608,2.12,1.1408,2.7464,0.5704,0.8422,0.9439,0.7265625,0.21733749999999996,0.9397,0.1087,0.9956,0.5491,0.4360625,0.11303750000000001,0.5495,0.0565,1.0007,1.6469,1.1275,0.5194000000000001,1.3387,0.2597,0.8129,0.4691,0.45863750000000003,0.010462499999999986,0.4739,0.0052,1.0102,0.7828,0.7500125,0.03278750000000008,0.8547,0.0164,1.0918,1.6758,0.86675,0.8090499999999999,1.4965,0.4045,0.893,0.4773,0.41046875,0.06683125000000001,0.4057,0.0334,0.85
Santi Aldama,1630583,MEM,PF,10.902,5.523,2.135,0.746,0.604,1.106,0.4716,0.6857,1.277,0.392,2.135,0.604,0.746,1.277,raw_delquant_flat_file,14.2003,9.42378947368421,4.776510526315791,13.2903,2.3883,0.9359,5.0968,3.582263157894737,1.514536842105263,6.2803,0.7573,1.2322,3.2608,2.3693684210526316,0.8914315789473686,2.5807,0.4457,0.7914,0.9439,0.7777894736842105,0.1661105263157895,0.8291,0.0831,0.8784,0.5491,0.3871578947368421,0.16194210526315794,0.685,0.081,1.2475,1.6469,1.2790526315789474,0.3678473684210526,1.2899,0.1839,0.7832,0.4691,0.452621052631579,0.016478947368421037,0.4798,0.0082,1.0228,0.7828,0.7797315789473684,0.003068421052631609,0.6872,0.0015,0.8779,1.6758,1.0590526315789475,0.6167473684210525,1.5854,0.3084,0.9461,0.4773,0.410321052631579,0.06697894736842103,0.4255,0.0335,0.8915
Maxime Raynaud,1642875,SAC,C,10.416,6.911,1.307,0.554,0.799,1.22,0.5558,0.7278,0.289,0.3861,1.307,0.799,0.554,0.289,raw_delquant_flat_file,14.2003,11.1313125,3.0689875000000004,11.9505,1.5345,0.8416,5.0968,4.452625,0.6441749999999997,7.2331,0.3221,1.4191,3.2608,2.650875,0.609925,1.612,0.305,0.4944,0.9439,0.7828125,0.16108749999999994,0.6345,0.0805,0.6722,0.5491,0.4605,0.08860000000000001,0.8433,0.0443,1.5358,1.6469,1.4098125,0.23708750000000012,1.3385,0.1185,0.8127,0.4691,0.4689375,0.00016250000000000986,0.5559,0.0001,1.185,0.7828,0.76156875,0.021231250000000035,0.7384,0.0106,0.9433,1.6758,1.0809374999999999,0.5948625000000001,0.5864,0.2974,0.3499,0.4773,0.41033125,0.06696875000000002,0.4196,0.0335,0.8791
Kyle Kuzma,1628398,MIL,SF,12.652,4.905,2.305,0.618,0.435,1.671,0.4654,0.7185,1.223,0.3768,2.305,0.435,0.618,1.223,raw_delquant_flat_file,14.2003,9.940999999999999,4.259300000000001,14.7816,2.1296,1.0409,5.0968,3.714555555555555,1.3822444444444448,5.5961,0.6911,1.098,3.2608,2.2494444444444444,1.0113555555555558,2.8107,0.5057,0.862,0.9439,0.7022222222222223,0.24167777777777766,0.7388,0.1208,0.7827,0.5491,0.381,0.16810000000000003,0.519,0.084,0.9452,1.6469,1.2697222222222222,0.37717777777777783,1.8596,0.1886,1.1292,0.4691,0.4623055555555556,0.006794444444444436,0.4688,0.0034,0.9994,0.7828,0.7495888888888889,0.03321111111111119,0.7351,0.0166,0.9391,1.6758,1.103,0.5728,1.5094,0.2864,0.9007,0.4773,0.41657777777777777,0.06072222222222223,0.4072,0.0304,0.8531
Max Christie,1631108,DAL,PG,12.771,3.5,2.964,0.858,0.344,1.555,0.4429,0.8347,1.699,0.5335,2.964,0.344,0.858,1.699,raw_delquant_flat_file,14.2003,9.4712,4.729100000000001,15.1356,2.3646,1.0659,5.0968,3.9284,1.1684,4.0842,0.5842,0.8013,3.2608,2.088,1.1728,3.5504,0.5864,1.0888,0.9439,0.6827500000000001,0.2611499999999999,0.9886,0.1306,1.0474,0.5491,0.4574,0.09170000000000006,0.3899,0.0459,0.7101,1.6469,1.1912,0.4557,1.7828,0.2278,1.0825,0.4691,0.463675,0.005425000000000013,0.4456,0.0027,0.9499,0.7828,0.755695,0.027105000000000046,0.8483,0.0136,1.0837,1.6758,0.893,0.7827999999999999,2.0904,0.3914,1.2474,0.4773,0.41499499999999995,0.062305000000000055,0.5647,0.0312,1.1831
Daniel Gafford,1629655,DAL,PF,9.938,5.968,1.318,0.657,1.132,1.082,0.5957,0.7021,0.333,0.385,1.318,1.132,0.657,0.333,raw_delquant_flat_file,14.2003,9.4712,4.729100000000001,12.3026,2.3646,0.8664,5.0968,3.9284,1.1684,6.5522,0.5842,1.2856,3.2608,2.088,1.1728,1.9044,0.5864,0.584,0.9439,0.6827500000000001,0.2611499999999999,0.7876,0.1306,0.8344,0.5491,0.4574,0.09170000000000006,1.1778,0.0458,2.145,1.6469,1.1912,0.4557,1.3098,0.2278,0.7953,0.4691,0.463675,0.005425000000000013,0.5984,0.0027,1.2756,0.7828,0.755695,0.027105000000000046,0.7157,0.0136,0.9143,1.6758,0.893,0.7827999999999999,0.7244,0.3914,0.4323,0.4773,0.41499499999999995,0.062305000000000055,0.4162,0.0312,0.872
Kyle Filipowski,1642271,UTA,C,9.744,6.584,1.834,0.717,0.708,1.406,0.5093,0.6987,0.663,0.3882,1.834,0.708,0.717,0.663,raw_delquant_flat_file,14.2003,11.249888888888888,2.950411111111112,11.2192,1.4752,0.7901,5.0968,4.457277777777778,0.6395222222222223,6.9038,0.3198,1.3545,3.2608,2.645388888888889,0.6154111111111114,2.1417,0.3077,0.6568,0.9439,0.8517222222222222,0.0921777777777778,0.7631,0.0461,0.8085,0.5491,0.4432222222222222,0.10587777777777785,0.7609,0.0529,1.3857,1.6469,1.4776666666666667,0.16923333333333335,1.4906,0.0846,0.9051,0.4691,0.45565000000000005,0.013449999999999962,0.516,0.0067,1.1,0.7828,0.7633666666666667,0.019433333333333302,0.7084,0.0097,0.905,1.6758,1.2035,0.47229999999999994,0.8992,0.2362,0.5366,0.4773,0.4321166666666667,0.0451833333333333,0.4108,0.0226,0.8607
Collin Sexton,1629012,CHI,PG,13.797,2.509,3.376,0.887,0.166,1.823,0.4688,0.848,1.45,0.4181,3.376,0.166,0.887,1.45,raw_delquant_flat_file,14.2003,8.785941176470587,5.4143588235294136,16.5042,2.7072,1.1622,5.0968,3.5295882352941175,1.5672117647058825,3.2926,0.7836,0.646,3.2608,2.0900588235294117,1.1707411764705884,3.9614,0.5854,1.2149,0.9439,0.6158823529411765,0.3280176470588234,1.051,0.164,1.1135,0.5491,0.38964705882352946,0.15945294117647058,0.2457,0.0797,0.4475,1.6469,1.1739411764705883,0.47295882352941176,2.0595,0.2365,1.2505,0.4691,0.4611058823529412,0.007994117647058818,0.4728,0.004,1.0079,0.7828,0.7538823529411764,0.028917647058823603,0.8625,0.0145,1.1018,1.6758,0.949,0.7268,1.8134,0.3634,1.0821,0.4773,0.4102058823529412,0.0670941176470588,0.4516,0.0335,0.9462
Anfernee Simons,1629014,CHI,PG,13.798,2.694,3.275,0.686,0.166,1.554,0.4326,0.8671,2.147,0.4127,3.275,0.166,0.686,2.147,raw_delquant_flat_file,14.2003,8.785941176470587,5.4143588235294136,16.5052,2.7072,1.1623,5.0968,3.5295882352941175,1.5672117647058825,3.4776,0.7836,0.6823,3.2608,2.0900588235294117,1.1707411764705884,3.8604,0.5854,1.1839,0.9439,0.6158823529411765,0.3280176470588234,0.85,0.164,0.9005,0.5491,0.38964705882352946,0.15945294117647058,0.2457,0.0797,0.4475,1.6469,1.1739411764705883,0.47295882352941176,1.7905,0.2365,1.0872,0.4691,0.4611058823529412,0.007994117647058818,0.4366,0.004,0.9307,0.7828,0.7538823529411764,0.028917647058823603,0.8816,0.0145,1.1262,1.6758,0.949,0.7268,2.5104,0.3634,1.498,0.4773,0.4102058823529412,0.0670941176470588,0.4462,0.0335,0.9348
Bobby Portis,1626171,MIL,SF,11.368,5.96,1.61,0.663,0.353,1.043,0.4773,0.7626,1.329,0.3718,1.61,0.353,0.663,1.329,raw_delquant_flat_file,14.2003,9.940999999999999,4.259300000000001,13.4976,2.1296,0.9505,5.0968,3.714555555555555,1.3822444444444448,6.6511,0.6911,1.305,3.2608,2.2494444444444444,1.0113555555555558,2.1157,0.5057,0.6488,0.9439,0.7022222222222223,0.24167777777777766,0.7838,0.1208,0.8304,0.5491,0.381,0.16810000000000003,0.437,0.084,0.7958,1.6469,1.2697222222222222,0.37717777777777783,1.2316,0.1886,0.7478,0.4691,0.4623055555555556,0.006794444444444436,0.4807,0.0034,1.0247,0.7828,0.7495888888888889,0.03321111111111119,0.7792,0.0166,0.9954,1.6758,1.103,0.5728,1.6154,0.2864,0.964,0.4773,0.41657777777777777,0.06072222222222223,0.4022,0.0304,0.8427
Ausar Thompson,1641709,DET,SG,9.326,4.438,2.532,1.333,0.604,1.354,0.486,0.6574,0.52,0.4266,2.532,0.604,1.333,0.52,raw_delquant_flat_file,14.2003,8.7513125,5.448987500000001,12.0505,2.7245,0.8486,5.0968,3.5715,1.5253,5.2006,0.7626,1.0204,3.2608,2.12,1.1408,3.1024,0.5704,0.9514,0.9439,0.7265625,0.21733749999999996,1.4417,0.1087,1.5274,0.5491,0.4360625,0.11303750000000001,0.6605,0.0565,1.2029,1.6469,1.1275,0.5194000000000001,1.6137,0.2597,0.9798,0.4691,0.45863750000000003,0.010462499999999986,0.4912,0.0052,1.0471,0.7828,0.7500125,0.03278750000000008,0.6738,0.0164,0.8608,1.6758,0.86675,0.8090499999999999,0.9245,0.4045,0.5517,0.4773,0.41046875,0.06683125000000001,0.46,0.0334,0.9638
Draymond Green,203110,GSW,SF,8.003,5.185,4.021,0.88,0.623,1.942,0.4404,0.7213,1.058,0.3501,4.021,0.623,0.88,1.058,raw_delquant_flat_file,14.2003,9.445555555555556,4.754744444444444,10.3804,2.3774,0.731,5.0968,3.606555555555556,1.490244444444444,5.9301,0.7451,1.1635,3.2608,2.3485555555555555,0.9122444444444446,4.4771,0.4561,1.373,0.9439,0.7605555555555555,0.18334444444444442,0.9717,0.0917,1.0295,0.5491,0.41038888888888886,0.13871111111111117,0.6924,0.0694,1.261,1.6469,1.1836111111111112,0.46328888888888886,2.1736,0.2316,1.3198,0.4691,0.46147777777777776,0.007622222222222252,0.4442,0.0038,0.9469,0.7828,0.7820055555555556,0.000794444444444431,0.7217,0.0004,0.9219,1.6758,1.1357222222222223,0.5400777777777777,1.328,0.27,0.7925,0.4773,0.39902777777777776,0.07827222222222224,0.3892,0.0391,0.8154
Jordan Poole,1629673,NOP,PG,13.223,2.498,3.266,0.846,0.316,1.842,0.4108,0.8512,2.051,0.4127,3.266,0.316,0.846,2.051,raw_delquant_flat_file,14.2003,10.4724,3.7279,15.087,1.864,1.0624,5.0968,4.337199999999999,0.7596000000000007,2.8778,0.3798,0.5646,3.2608,2.329333333333333,0.9314666666666671,3.7317,0.4657,1.1444,0.9439,0.7901333333333334,0.1537666666666666,0.9229,0.0769,0.9778,0.5491,0.5034666666666666,0.045633333333333415,0.3388,0.0228,0.617,1.6469,1.3388,0.30810000000000004,1.996,0.154,1.212,0.4691,0.4649933333333333,0.004106666666666703,0.4129,0.0021,0.8802,0.7828,0.7565666666666666,0.026233333333333442,0.8643,0.0131,1.1041,1.6758,0.9537333333333333,0.7220666666666666,2.412,0.361,1.4393,0.4773,0.4297066666666666,0.047593333333333376,0.4365,0.0238,0.9145
Malik Monk,1628370,SAC,PG,12.244,2.632,3.549,0.748,0.37,1.61,0.437,0.8447,1.698,0.4089,3.549,0.37,0.748,1.698,raw_delquant_flat_file,14.2003,11.1313125,3.0689875000000004,13.7785,1.5345,0.9703,5.0968,4.452625,0.6441749999999997,2.9541,0.3221,0.5796,3.2608,2.650875,0.609925,3.854,0.305,1.1819,0.9439,0.7828125,0.16108749999999994,0.8285,0.0805,0.8777,0.5491,0.4605,0.08860000000000001,0.4143,0.0443,0.7545,1.6469,1.4098125,0.23708750000000012,1.7285,0.1185,1.0495,0.4691,0.4689375,0.00016250000000000986,0.4371,0.0001,0.9318,0.7828,0.76156875,0.021231250000000035,0.8553,0.0106,1.0926,1.6758,1.0809374999999999,0.5948625000000001,1.9954,0.2974,1.1907,0.4773,0.41033125,0.06696875000000002,0.4424,0.0335,0.9269
Ayo Dosunmu,1630245,MIN,PG,11.605,3.028,3.302,0.845,0.297,1.347,0.4813,0.8234,1.394,0.4127,3.302,0.297,0.845,1.394,raw_delquant_flat_file,14.2003,9.3915,4.8088,14.0094,2.4044,0.9866,5.0968,3.598375,1.4984250000000001,3.7772,0.7492,0.7411,3.2608,2.197875,1.0629250000000003,3.8335,0.5315,1.1756,0.9439,0.7104375,0.2334624999999999,0.9617,0.1167,1.0189,0.5491,0.429875,0.11922500000000003,0.3566,0.0596,0.6494,1.6469,1.16025,0.48665,1.5903,0.2433,0.9656,0.4691,0.4592625,0.009837499999999999,0.4862,0.0049,1.0365,0.7828,0.7549875,0.027812500000000018,0.8373,0.0139,1.0696,1.6758,1.0204374999999999,0.6553625000000001,1.7217,0.3277,1.0274,0.4773,0.42216875,0.05513125000000002,0.4403,0.0276,0.9225
Brook Lopez,201572,LAC,C,9.373,4.908,1.409,0.604,1.328,0.976,0.4659,0.7498,1.176,0.3712,1.409,1.328,0.604,1.176,raw_delquant_flat_file,14.2003,9.250625,4.949675000000001,11.8478,2.4748,0.8343,5.0968,3.37875,1.7180499999999999,5.767,0.859,1.1315,3.2608,2.192375,1.068425,1.9432,0.5342,0.5959,0.9439,0.7555000000000001,0.1883999999999999,0.6982,0.0942,0.7397,0.5491,0.41118750000000004,0.1379125,1.397,0.069,2.5442,1.6469,1.1773125,0.46958750000000005,1.2108,0.2348,0.7352,0.4691,0.45813125,0.010968750000000027,0.4714,0.0055,1.0049,0.7828,0.77625,0.006550000000000056,0.7531,0.0033,0.9621,1.6758,1.0209375,0.6548624999999999,1.5034,0.3274,0.8971,0.4773,0.4134875,0.0638125,0.4031,0.0319,0.8445
Tari Eason,1631106,HOU,SF,9.68,5.484,1.363,1.064,0.594,1.113,0.4549,0.7303,1.025,0.3971,1.363,0.594,1.064,1.025,raw_delquant_flat_file,14.2003,8.824733333333334,5.375566666666666,12.3678,2.6878,0.871,5.0968,4.1628,0.9340000000000002,5.951,0.467,1.1676,3.2608,1.8478666666666668,1.4129333333333334,2.0695,0.7065,0.6347,0.9439,0.6666000000000001,0.2772999999999999,1.2026,0.1386,1.2741,0.5491,0.48633333333333334,0.06276666666666669,0.6254,0.0314,1.139,1.6469,1.1314666666666668,0.5154333333333332,1.3707,0.2577,0.8323,0.4691,0.45740666666666663,0.011693333333333389,0.4607,0.0058,0.9821,0.7828,0.7326733333333333,0.050126666666666764,0.7554,0.0251,0.965,1.6758,0.7818666666666666,0.8939333333333334,1.472,0.447,0.8784,0.4773,0.4135466666666667,0.06375333333333333,0.429,0.0319,0.8988
Dylan Cardwell,1642928,SAC,C,7.37,6.819,1.348,0.629,1.196,1.049,0.5557,0.6308,0.195,0.3723,1.348,1.196,0.629,0.195,raw_delquant_flat_file,14.2003,11.1313125,3.0689875000000004,8.9045,1.5345,0.6271,5.0968,4.452625,0.6441749999999997,7.1411,0.3221,1.4011,3.2608,2.650875,0.609925,1.653,0.305,0.5069,0.9439,0.7828125,0.16108749999999994,0.7095,0.0805,0.7517,0.5491,0.4605,0.08860000000000001,1.2403,0.0443,2.2588,1.6469,1.4098125,0.23708750000000012,1.1675,0.1185,0.7089,0.4691,0.4689375,0.00016250000000000986,0.5558,0.0001,1.1848,0.7828,0.76156875,0.021231250000000035,0.6414,0.0106,0.8194,1.6758,1.0809374999999999,0.5948625000000001,0.4924,0.2974,0.2938,0.4773,0.41033125,0.06696875000000002,0.4058,0.0335,0.8502
Tre Jones,1630200,CHI,PG,10.231,2.876,4.111,0.932,0.198,1.242,0.4966,0.8258,0.808,0.4127,4.111,0.198,0.932,0.808,raw_delquant_flat_file,14.2003,8.785941176470587,5.4143588235294136,12.9382,2.7072,0.9111,5.0968,3.5295882352941175,1.5672117647058825,3.6596,0.7836,0.718,3.2608,2.0900588235294117,1.1707411764705884,4.6964,0.5854,1.4403,0.9439,0.6158823529411765,0.3280176470588234,1.096,0.164,1.1611,0.5491,0.38964705882352946,0.15945294117647058,0.2777,0.0797,0.5057,1.6469,1.1739411764705883,0.47295882352941176,1.4785,0.2365,0.8977,0.4691,0.4611058823529412,0.007994117647058818,0.5006,0.004,1.0671,0.7828,0.7538823529411764,0.028917647058823603,0.8403,0.0145,1.0735,1.6758,0.949,0.7268,1.1714,0.3634,0.699,0.4773,0.4102058823529412,0.0670941176470588,0.4462,0.0335,0.9348
Cam Thomas,1630560,MIL,PG,13.972,2.577,2.778,0.596,0.178,1.657,0.4299,0.8324,1.499,0.4149,2.778,0.178,0.596,1.499,raw_delquant_flat_file,14.2003,9.940999999999999,4.259300000000001,16.1016,2.1296,1.1339,5.0968,3.714555555555555,1.3822444444444448,3.2681,0.6911,0.6412,3.2608,2.2494444444444444,1.0113555555555558,3.2837,0.5057,1.007,0.9439,0.7022222222222223,0.24167777777777766,0.7168,0.1208,0.7594,0.5491,0.381,0.16810000000000003,0.262,0.084,0.4771,1.6469,1.2697222222222222,0.37717777777777783,1.8456,0.1886,1.1207,0.4691,0.4623055555555556,0.006794444444444436,0.4333,0.0034,0.9237,0.7828,0.7495888888888889,0.03321111111111119,0.849,0.0166,1.0846,1.6758,1.103,0.5728,1.7854,0.2864,1.0654,0.4773,0.41657777777777777,0.06072222222222223,0.4453,0.0304,0.933
Bilal Coulibaly,1641731,WAS,PG,10.158,3.734,2.52,1.047,0.6,1.478,0.4263,0.7531,1.072,0.4369,2.52,0.6,1.047,1.072,raw_delquant_flat_file,14.2003,10.083470588235295,4.116829411764705,12.2164,2.0584,0.8603,5.0968,3.858882352941176,1.2379176470588238,4.353,0.619,0.8541,3.2608,2.2964117647058826,0.9643882352941175,3.0022,0.4822,0.9207,0.9439,0.7468823529411764,0.19701764705882352,1.1455,0.0985,1.2136,0.5491,0.4805294117647059,0.0685705882352941,0.6343,0.0343,1.1552,1.6469,1.3768235294117646,0.2700764705882355,1.613,0.135,0.9794,0.4691,0.4529117647058824,0.016188235294117614,0.4344,0.0081,0.926,0.7828,0.7613705882352941,0.02142941176470592,0.7638,0.0107,0.9757,1.6758,1.0793529411764706,0.5964470588235293,1.3702,0.2982,0.8176,0.4773,0.42597058823529416,0.051329411764705846,0.4626,0.0257,0.9692
Yves Missi,1642274,NOP,C,7.865,6.6,1.273,0.469,1.246,1.062,0.5424,0.6325,0.102,0.4131,1.273,1.246,0.469,0.102,raw_delquant_flat_file,14.2003,10.4724,3.7279,9.729,1.864,0.6851,5.0968,4.337199999999999,0.7596000000000007,6.9798,0.3798,1.3694,3.2608,2.329333333333333,0.9314666666666671,1.7387,0.4657,0.5332,0.9439,0.7901333333333334,0.1537666666666666,0.5459,0.0769,0.5783,0.5491,0.5034666666666666,0.045633333333333415,1.2688,0.0228,2.3107,1.6469,1.3388,0.30810000000000004,1.216,0.154,0.7384,0.4691,0.4649933333333333,0.004106666666666703,0.5445,0.0021,1.1607,0.7828,0.7565666666666666,0.026233333333333442,0.6456,0.0131,0.8247,1.6758,0.9537333333333333,0.7220666666666666,0.463,0.361,0.2763,0.4773,0.4297066666666666,0.047593333333333376,0.4369,0.0238,0.9154
Isaiah Collier,1642268,UTA,PG,9.66,2.792,4.782,0.921,0.282,2.032,0.4513,0.7352,0.757,0.4369,4.782,0.282,0.921,0.757,raw_delquant_flat_file,14.2003,11.249888888888888,2.950411111111112,11.1352,1.4752,0.7842,5.0968,4.457277777777778,0.6395222222222223,3.1118,0.3198,0.6105,3.2608,2.645388888888889,0.6154111111111114,5.0897,0.3077,1.5609,0.9439,0.8517222222222222,0.0921777777777778,0.9671,0.0461,1.0246,0.5491,0.4432222222222222,0.10587777777777785,0.3349,0.0529,0.6099,1.6469,1.4776666666666667,0.16923333333333335,2.1166,0.0846,1.2852,0.4691,0.45565000000000005,0.013449999999999962,0.458,0.0067,0.9763,0.7828,0.7633666666666667,0.019433333333333302,0.7449,0.0097,0.9516,1.6758,1.2035,0.47229999999999994,0.9932,0.2362,0.5927,0.4773,0.4321166666666667,0.0451833333333333,0.4595,0.0226,0.9627
Jonathan Kuminga,1630228,ATL,SF,11.352,4.766,1.82,0.682,0.439,1.404,0.4713,0.7089,0.828,0.3889,1.82,0.439,0.682,0.828,raw_delquant_flat_file,14.2003,9.143944444444445,5.056355555555555,13.8802,2.5282,0.9775,5.0968,3.657666666666666,1.4391333333333338,5.4856,0.7196,1.0763,3.2608,2.035888888888889,1.224911111111111,2.4325,0.6125,0.746,0.9439,0.709111111111111,0.23478888888888894,0.7994,0.1174,0.8469,0.5491,0.4205,0.12860000000000005,0.5033,0.0643,0.9166,1.6469,1.1113888888888888,0.5355111111111113,1.6718,0.2678,1.0151,0.4691,0.4601722222222222,0.008927777777777812,0.4758,0.0045,1.0143,0.7828,0.7444944444444445,0.03830555555555559,0.7281,0.0192,0.9301,1.6758,1.0002222222222223,0.6755777777777776,1.1658,0.3378,0.6957,0.4773,0.4212388888888889,0.05606111111111112,0.4169,0.028,0.8735
Scotty Pippen Jr.,1630590,MEM,PG,10.075,2.673,3.624,1.267,0.327,1.833,0.4516,0.7718,1.126,0.4158,3.624,0.327,1.267,1.126,raw_delquant_flat_file,14.2003,9.42378947368421,4.776510526315791,12.4633,2.3883,0.8777,5.0968,3.582263157894737,1.514536842105263,3.4303,0.7573,0.673,3.2608,2.3693684210526316,0.8914315789473686,4.0697,0.4457,1.2481,0.9439,0.7777894736842105,0.1661105263157895,1.3501,0.0831,1.4303,0.5491,0.3871578947368421,0.16194210526315794,0.408,0.081,0.743,1.6469,1.2790526315789474,0.3678473684210526,2.0169,0.1839,1.2247,0.4691,0.452621052631579,0.016478947368421037,0.4598,0.0082,0.9802,0.7828,0.7797315789473684,0.003068421052631609,0.7733,0.0015,0.9879,1.6758,1.0590526315789475,0.6167473684210525,1.4344,0.3084,0.8559,0.4773,0.410321052631579,0.06697894736842103,0.4493,0.0335,0.9413
Keldon Johnson,1629640,SAS,SG,11.506,4.901,1.565,0.645,0.322,1.017,0.4866,0.7671,1.071,0.3915,1.565,0.322,0.645,1.071,raw_delquant_flat_file,14.2003,8.8863125,5.3139875,14.163,2.657,0.9974,5.0968,3.6095625,1.4872375,5.6446,0.7436,1.1075,3.2608,2.0776875,1.1831125,2.1566,0.5916,0.6614,0.9439,0.64025,0.30365,0.7968,0.1518,0.8442,0.5491,0.438375,0.11072500000000002,0.3774,0.0554,0.6873,1.6469,1.095,0.5519000000000001,1.2929,0.2759,0.7851,0.4691,0.4674875,0.0016125000000000167,0.4874,0.0008,1.039,0.7828,0.7385375,0.04426250000000009,0.7892,0.0221,1.0082,1.6758,0.9138124999999999,0.7619875,1.452,0.381,0.8665,0.4773,0.421575,0.055725000000000025,0.4194,0.0279,0.8787
AJ Green,1631260,MIL,PG,11.923,3.08,2.908,0.766,0.191,1.319,0.4384,0.825,2.112,0.5226,2.908,0.191,0.766,2.112,raw_delquant_flat_file,14.2003,9.940999999999999,4.259300000000001,14.0526,2.1296,0.9896,5.0968,3.714555555555555,1.3822444444444448,3.7711,0.6911,0.7399,3.2608,2.2494444444444444,1.0113555555555558,3.4137,0.5057,1.0469,0.9439,0.7022222222222223,0.24167777777777766,0.8868,0.1208,0.9395,0.5491,0.381,0.16810000000000003,0.275,0.084,0.5008,1.6469,1.2697222222222222,0.37717777777777783,1.5076,0.1886,0.9154,0.4691,0.4623055555555556,0.006794444444444436,0.4418,0.0034,0.9418,0.7828,0.7495888888888889,0.03321111111111119,0.8416,0.0166,1.0751,1.6758,1.103,0.5728,2.3984,0.2864,1.4312,0.4773,0.41657777777777777,0.06072222222222223,0.553,0.0304,1.1586
Jeremiah Fears,1642847,NOP,PG,11.215,3.166,2.965,0.955,0.323,1.782,0.4293,0.7832,1.137,0.4233,2.965,0.323,0.955,1.137,raw_delquant_flat_file,14.2003,10.4724,3.7279,13.0789,1.8639,0.921,5.0968,4.337199999999999,0.7596000000000007,3.5458,0.3798,0.6957,3.2608,2.329333333333333,0.9314666666666671,3.4307,0.4657,1.0521,0.9439,0.7901333333333334,0.1537666666666666,1.0319,0.0769,1.0932,0.5491,0.5034666666666666,0.045633333333333415,0.3458,0.0228,0.6298,1.6469,1.3388,0.30810000000000004,1.936,0.154,1.1755,0.4691,0.4649933333333333,0.004106666666666703,0.4314,0.0021,0.9196,0.7828,0.7565666666666666,0.026233333333333442,0.7963,0.0131,1.0172,1.6758,0.9537333333333333,0.7220666666666666,1.498,0.361,0.8939,0.4773,0.4297066666666666,0.047593333333333376,0.4471,0.0238,0.9367
Mitchell Robinson,1629011,NYK,PF,6.595,7.245,0.966,0.789,1.071,0.87,0.6008,0.5692,0.109,0.3433,0.966,1.071,0.789,0.109,raw_delquant_flat_file,14.2003,9.263352941176471,4.936947058823529,9.0635,2.4685,0.6383,5.0968,3.6023529411764708,1.4944470588235292,7.9922,0.7472,1.5681,3.2608,2.2386470588235294,1.0221529411764707,1.4771,0.5111,0.453,0.9439,0.686235294117647,0.2576647058823529,0.9178,0.1288,0.9723,0.5491,0.3651764705882353,0.1839235294117647,1.163,0.092,2.118,1.6469,1.1476470588235292,0.4992529411764708,1.1196,0.2496,0.6798,0.4691,0.46367058823529417,0.005429411764705849,0.6035,0.0027,1.2865,0.7828,0.7486411764705883,0.0341588235294118,0.5863,0.0171,0.749,1.6758,1.0059411764705881,0.6698588235294118,0.4439,0.3349,0.2649,0.4773,0.4239882352941176,0.05331176470588239,0.37,0.0267,0.7752
De'Andre Hunter,1629631,SAC,SG,12.411,4.163,1.579,0.672,0.293,1.295,0.4498,0.8268,1.53,0.3784,1.579,0.293,0.672,1.53,raw_delquant_flat_file,14.2003,11.1313125,3.0689875000000004,13.9455,1.5345,0.9821,5.0968,4.452625,0.6441749999999997,4.4851,0.3221,0.88,3.2608,2.650875,0.609925,1.884,0.305,0.5778,0.9439,0.7828125,0.16108749999999994,0.7525,0.0805,0.7972,0.5491,0.4605,0.08860000000000001,0.3373,0.0443,0.6143,1.6469,1.4098125,0.23708750000000012,1.4135,0.1185,0.8583,0.4691,0.4689375,0.00016250000000000986,0.4499,0.0001,0.9591,0.7828,0.76156875,0.021231250000000035,0.8374,0.0106,1.0697,1.6758,1.0809374999999999,0.5948625000000001,1.8274,0.2974,1.0905,0.4773,0.41033125,0.06696875000000002,0.4119,0.0335,0.863
Day'Ron Sharpe,1630549,BKN,C,8.082,6.38,1.623,0.734,0.766,1.318,0.554,0.6732,0.179,0.3723,1.623,0.766,0.734,0.179,raw_delquant_flat_file,14.2003,8.809833333333334,5.390466666666667,10.7772,2.6952,0.7589,5.0968,3.629055555555555,1.467744444444445,7.1139,0.7339,1.3958,3.2608,1.9996111111111112,1.261188888888889,2.2536,0.6306,0.6911,0.9439,0.7076666666666667,0.2362333333333333,0.8521,0.1181,0.9027,0.5491,0.4147222222222222,0.13437777777777782,0.8332,0.0672,1.5174,1.6469,1.1893333333333334,0.4575666666666667,1.5468,0.2288,0.9392,0.4691,0.4530777777777778,0.016022222222222215,0.562,0.008,1.198,0.7828,0.7681388888888888,0.014661111111111236,0.6805,0.0073,0.8693,1.6758,1.0036111111111112,0.6721888888888887,0.5151,0.3361,0.3074,0.4773,0.41187222222222225,0.06542777777777775,0.405,0.0327,0.8485
Robert Williams III,1629057,POR,PF,7.167,6.551,1.122,0.587,1.282,0.963,0.6082,0.6824,0.183,0.3433,1.122,1.282,0.587,0.183,raw_delquant_flat_file,14.2003,9.020555555555555,5.179744444444445,9.7569,2.5899,0.6871,5.0968,3.5888333333333335,1.5079666666666665,7.305,0.754,1.4333,3.2608,2.1012222222222223,1.1595777777777778,1.7018,0.5798,0.5219,0.9439,0.7107777777777778,0.23312222222222212,0.7036,0.1166,0.7454,0.5491,0.4397777777777778,0.10932222222222221,1.3367,0.0547,2.4343,1.6469,1.2561666666666667,0.3907333333333334,1.1584,0.1954,0.7034,0.4691,0.4412666666666667,0.02783333333333332,0.6221,0.0139,1.3262,0.7828,0.7468,0.03600000000000003,0.7004,0.018,0.8947,1.6758,1.005111111111111,0.6706888888888889,0.5183,0.3353,0.3093,0.4773,0.43099444444444446,0.046305555555555544,0.3665,0.0232,0.7679
Scoot Henderson,1630703,POR,PG,11.458,2.752,3.585,0.846,0.248,2.067,0.4174,0.8041,1.414,0.4259,3.585,0.248,0.846,1.414,raw_delquant_flat_file,14.2003,9.020555555555555,5.179744444444445,14.0479,2.5899,0.9893,5.0968,3.5888333333333335,1.5079666666666665,3.506,0.754,0.6879,3.2608,2.1012222222222223,1.1595777777777778,4.1648,0.5798,1.2772,0.9439,0.7107777777777778,0.23312222222222212,0.9626,0.1166,1.0198,0.5491,0.4397777777777778,0.10932222222222221,0.3027,0.0547,0.5513,1.6469,1.2561666666666667,0.3907333333333334,2.2624,0.1954,1.3737,0.4691,0.4412666666666667,0.02783333333333332,0.4313,0.0139,0.9194,0.7828,0.7468,0.03600000000000003,0.8221,0.018,1.0502,1.6758,1.005111111111111,0.6706888888888889,1.7493,0.3353,1.0439,0.4773,0.43099444444444446,0.046305555555555544,0.4491,0.0232,0.9409
Cedric Coward,1642907,MEM,PG,10.83,4.063,2.61,0.718,0.335,1.444,0.453,0.8167,1.27,0.4259,2.61,0.335,0.718,1.27,raw_delquant_flat_file,14.2003,9.42378947368421,4.776510526315791,13.2183,2.3883,0.9308,5.0968,3.582263157894737,1.514536842105263,4.8203,0.7573,0.9458,3.2608,2.3693684210526316,0.8914315789473686,3.0557,0.4457,0.9371,0.9439,0.7777894736842105,0.1661105263157895,0.8011,0.0831,0.8487,0.5491,0.3871578947368421,0.16194210526315794,0.416,0.081,0.7576,1.6469,1.2790526315789474,0.3678473684210526,1.6279,0.1839,0.9885,0.4691,0.452621052631579,0.016478947368421037,0.4612,0.0082,0.9832,0.7828,0.7797315789473684,0.003068421052631609,0.8182,0.0015,1.0452,1.6758,1.0590526315789475,0.6167473684210525,1.5784,0.3084,0.9419,0.4773,0.410321052631579,0.06697894736842103,0.4594,0.0335,0.9625
De'Anthony Melton,1629001,GSW,PG,10.438,3.04,2.668,1.219,0.313,1.369,0.4126,0.8216,1.441,0.4181,2.668,0.313,1.219,1.441,raw_delquant_flat_file,14.2003,9.445555555555556,4.754744444444444,12.8154,2.3774,0.9025,5.0968,3.606555555555556,1.490244444444444,3.7851,0.7451,0.7426,3.2608,2.3485555555555555,0.9122444444444446,3.1241,0.4561,0.9581,0.9439,0.7605555555555555,0.18334444444444442,1.3107,0.0917,1.3886,0.5491,0.41038888888888886,0.13871111111111117,0.3824,0.0694,0.6964,1.6469,1.1836111111111112,0.46328888888888886,1.6006,0.2316,0.9719,0.4691,0.46147777777777776,0.007622222222222252,0.4164,0.0038,0.8877,0.7828,0.7820055555555556,0.000794444444444431,0.822,0.0004,1.0501,1.6758,1.1357222222222223,0.5400777777777777,1.711,0.27,1.021,0.4773,0.39902777777777776,0.07827222222222224,0.4572,0.0391,0.9579
Ace Bailey,1642846,UTA,SF,11.11,4.21,1.55,0.751,0.616,1.293,0.4486,0.7285,1.324,0.4313,1.55,0.616,0.751,1.324,raw_delquant_flat_file,14.2003,11.249888888888888,2.950411111111112,12.5852,1.4752,0.8863,5.0968,4.457277777777778,0.6395222222222223,4.5298,0.3198,0.8888,3.2608,2.645388888888889,0.6154111111111114,1.8577,0.3077,0.5697,0.9439,0.8517222222222222,0.0921777777777778,0.7971,0.0461,0.8445,0.5491,0.4432222222222222,0.10587777777777785,0.6689,0.0529,1.2182,1.6469,1.4776666666666667,0.16923333333333335,1.3776,0.0846,0.8365,0.4691,0.45565000000000005,0.013449999999999962,0.4553,0.0067,0.9706,0.7828,0.7633666666666667,0.019433333333333302,0.7382,0.0097,0.943,1.6758,1.2035,0.47229999999999994,1.5602,0.2362,0.931,0.4773,0.4321166666666667,0.0451833333333333,0.4539,0.0226,0.951
Dennis Schröder,203471,CLE,PG,10.449,2.596,4.221,0.79,0.174,1.553,0.4151,0.8281,1.242,0.3891,4.221,0.174,0.79,1.242,raw_delquant_flat_file,14.2003,9.614411764705881,4.585888235294119,12.7419,2.2929,0.8973,5.0968,3.805411764705883,1.291388235294117,3.2417,0.6457,0.636,3.2608,2.4610588235294117,0.7997411764705884,4.6209,0.3999,1.4171,0.9439,0.7529411764705882,0.19095882352941174,0.8855,0.0955,0.9381,0.5491,0.4275294117647059,0.12157058823529415,0.2348,0.0608,0.4276,1.6469,1.1886470588235294,0.45825294117647064,1.7821,0.2291,1.0821,0.4691,0.4603,0.00880000000000003,0.4195,0.0044,0.8943,0.7828,0.773,0.009800000000000031,0.833,0.0049,1.0641,1.6758,1.1414705882352942,0.5343294117647057,1.5092,0.2672,0.9006,0.4773,0.4022529411764706,0.07504705882352941,0.4266,0.0375,0.8938
Al Horford,201143,GSW,PF,7.702,5.568,2.02,0.645,0.914,0.906,0.447,0.7579,1.155,0.3178,2.02,0.914,0.645,1.155,raw_delquant_flat_file,14.2003,9.445555555555556,4.754744444444444,10.0794,2.3774,0.7098,5.0968,3.606555555555556,1.490244444444444,6.3131,0.7451,1.2386,3.2608,2.3485555555555555,0.9122444444444446,2.4761,0.4561,0.7594,0.9439,0.7605555555555555,0.18334444444444442,0.7367,0.0917,0.7805,0.5491,0.41038888888888886,0.13871111111111117,0.9834,0.0694,1.7909,1.6469,1.1836111111111112,0.46328888888888886,1.1376,0.2316,0.6908,0.4691,0.46147777777777776,0.007622222222222252,0.4508,0.0038,0.961,0.7828,0.7820055555555556,0.000794444444444431,0.7583,0.0004,0.9687,1.6758,1.1357222222222223,0.5400777777777777,1.425,0.27,0.8503,0.4773,0.39902777777777776,0.07827222222222224,0.3569,0.0391,0.7477
D'Angelo Russell,1626156,DAL,PG,10.93,2.585,3.859,0.746,0.229,1.613,0.42,0.7878,1.536,0.4089,3.859,0.229,0.746,1.536,raw_delquant_flat_file,14.2003,9.4712,4.729100000000001,13.2946,2.3646,0.9362,5.0968,3.9284,1.1684,3.1692,0.5842,0.6218,3.2608,2.088,1.1728,4.4454,0.5864,1.3633,0.9439,0.6827500000000001,0.2611499999999999,0.8766,0.1306,0.9287,0.5491,0.4574,0.09170000000000006,0.2749,0.0459,0.5006,1.6469,1.1912,0.4557,1.8408,0.2278,1.1177,0.4691,0.463675,0.005425000000000013,0.4227,0.0027,0.9011,0.7828,0.755695,0.027105000000000046,0.8014,0.0136,1.0238,1.6758,0.893,0.7827999999999999,1.9274,0.3914,1.1501,0.4773,0.41499499999999995,0.062305000000000055,0.4401,0.0312,0.9221
Neemias Queta,1629674,BOS,C,7.898,6.187,1.185,0.571,1.006,0.946,0.5927,0.6897,0.078,0.3734,1.185,1.006,0.571,0.078,raw_delquant_flat_file,14.2003,10.554846153846153,3.6454538461538473,9.7207,1.8227,0.6845,5.0968,4.29,0.8068,6.5904,0.4034,1.293,3.2608,2.3656923076923078,0.8951076923076924,1.6326,0.4476,0.5007,0.9439,0.6874615384615385,0.2564384615384615,0.6992,0.1282,0.7408,0.5491,0.4480769230769231,0.10102307692307694,1.0565,0.0505,1.9241,1.6469,1.1839230769230769,0.4629769230769232,1.1775,0.2315,0.715,0.4691,0.4659153846153846,0.003184615384615397,0.5943,0.0016,1.2669,0.7828,0.764453846153846,0.018346153846154012,0.6989,0.0092,0.8928,1.6758,1.2137692307692307,0.46203076923076924,0.309,0.231,0.1844,0.4773,0.4291384615384616,0.04816153846153842,0.3975,0.0241,0.8328
Ryan Kalkbrenner,1641750,CHA,C,8.022,5.918,1.04,0.53,1.206,1.031,0.6171,0.687,0.145,0.3723,1.04,1.206,0.53,0.145,raw_delquant_flat_file,14.2003,8.990764705882352,5.209535294117648,10.6268,2.6048,0.7484,5.0968,3.619529411764706,1.4772705882352941,6.6566,0.7386,1.306,3.2608,1.9743529411764706,1.2864470588235295,1.6832,0.6432,0.5162,0.9439,0.615,0.32889999999999997,0.6944,0.1644,0.7357,0.5491,0.37982352941176467,0.16927647058823536,1.2906,0.0846,2.3504,1.6469,1.1689411764705882,0.4779588235294119,1.27,0.239,0.7711,0.4691,0.45489999999999997,0.014200000000000046,0.6242,0.0071,1.3306,0.7828,0.7540470588235294,0.028752941176470648,0.7014,0.0144,0.896,1.6758,1.0884705882352943,0.5873294117647057,0.4387,0.2937,0.2618,0.4773,0.4224823529411765,0.054817647058823527,0.3997,0.0274,0.8374
Andre Drummond,203083,PHI,C,6.986,7.421,1.087,0.678,0.698,1.097,0.5029,0.631,0.276,0.3433,1.087,0.698,0.678,0.276,raw_delquant_flat_file,14.2003,9.916666666666666,4.283633333333334,9.1278,2.1418,0.6428,5.0968,3.947611111111111,1.1491888888888888,7.9956,0.5746,1.5687,3.2608,2.145888888888889,1.1149111111111112,1.6445,0.5575,0.5043,0.9439,0.7621666666666667,0.1817333333333333,0.7689,0.0909,0.8146,0.5491,0.4476111111111111,0.1014888888888889,0.7487,0.0507,1.3635,1.6469,1.2115,0.4354,1.3147,0.2177,0.7983,0.4691,0.4532722222222222,0.01582777777777783,0.5108,0.0079,1.0889,0.7828,0.7502888888888889,0.03251111111111116,0.6473,0.0163,0.8269,1.6758,0.9857777777777778,0.6900222222222222,0.621,0.345,0.3706,0.4773,0.41952222222222224,0.05777777777777776,0.3722,0.0289,0.7798
Dylan Harper,1642844,SAS,PG,10.105,3.057,3.145,0.792,0.305,1.384,0.467,0.765,0.97,0.4367,3.145,0.305,0.792,0.97,raw_delquant_flat_file,14.2003,8.8863125,5.3139875,12.762,2.657,0.8987,5.0968,3.6095625,1.4872375,3.8006,0.7436,0.7457,3.2608,2.0776875,1.1831125,3.7366,0.5916,1.1459,0.9439,0.64025,0.30365,0.9438,0.1518,0.9999,0.5491,0.438375,0.11072500000000002,0.3604,0.0554,0.6563,1.6469,1.095,0.5519000000000001,1.6599,0.2759,1.0079,0.4691,0.4674875,0.0016125000000000167,0.4678,0.0008,0.9972,0.7828,0.7385375,0.04426250000000009,0.7871,0.0221,1.0055,1.6758,0.9138124999999999,0.7619875,1.351,0.381,0.8062,0.4773,0.421575,0.055725000000000025,0.4646,0.0279,0.9734
Precious Achiuwa,1630173,SAC,SF,8.511,5.56,1.275,0.763,0.641,0.952,0.4994,0.6402,0.475,0.3915,1.275,0.641,0.763,0.475,raw_delquant_flat_file,14.2003,11.1313125,3.0689875000000004,10.0455,1.5345,0.7074,5.0968,4.452625,0.6441749999999997,5.8821,0.3221,1.1541,3.2608,2.650875,0.609925,1.58,0.305,0.4845,0.9439,0.7828125,0.16108749999999994,0.8435,0.0805,0.8936,0.5491,0.4605,0.08860000000000001,0.6853,0.0443,1.248,1.6469,1.4098125,0.23708750000000012,1.0705,0.1185,0.65,0.4691,0.4689375,0.00016250000000000986,0.4995,0.0001,1.0648,0.7828,0.76156875,0.021231250000000035,0.6508,0.0106,0.8314,1.6758,1.0809374999999999,0.5948625000000001,0.7724,0.2974,0.4609,0.4773,0.41033125,0.06696875000000002,0.425,0.0335,0.8904
Khris Middleton,203114,DAL,SF,9.851,3.874,2.818,0.722,0.271,1.445,0.4522,0.8301,1.071,0.3526,2.818,0.271,0.722,1.071,raw_delquant_flat_file,14.2003,9.4712,4.729100000000001,12.2156,2.3646,0.8602,5.0968,3.9284,1.1684,4.4582,0.5842,0.8747,3.2608,2.088,1.1728,3.4044,0.5864,1.044,0.9439,0.6827500000000001,0.2611499999999999,0.8526,0.1306,0.9033,0.5491,0.4574,0.09170000000000006,0.3169,0.0459,0.5771,1.6469,1.1912,0.4557,1.6728,0.2278,1.0157,0.4691,0.463675,0.005425000000000013,0.4549,0.0027,0.9697,0.7828,0.755695,0.027105000000000046,0.8437,0.0136,1.0778,1.6758,0.893,0.7827999999999999,1.4624,0.3914,0.8727,0.4773,0.41499499999999995,0.062305000000000055,0.3838,0.0312,0.8041
Bub Carrington,1642267,WAS,PG,9.585,3.288,3.68,0.708,0.242,1.77,0.4178,0.7608,1.507,0.4367,3.68,0.242,0.708,1.507,raw_delquant_flat_file,14.2003,10.083470588235295,4.116829411764705,11.6434,2.0584,0.8199,5.0968,3.858882352941176,1.2379176470588238,3.907,0.619,0.7666,3.2608,2.2964117647058826,0.9643882352941175,4.1622,0.4822,1.2764,0.9439,0.7468823529411764,0.19701764705882352,0.8065,0.0985,0.8544,0.5491,0.4805294117647059,0.0685705882352941,0.2763,0.0343,0.5032,1.6469,1.3768235294117646,0.2700764705882355,1.905,0.135,1.1567,0.4691,0.4529117647058824,0.016188235294117614,0.4259,0.0081,0.9079,0.7828,0.7613705882352941,0.02142941176470592,0.7715,0.0107,0.9856,1.6758,1.0793529411764706,0.5964470588235293,1.8052,0.2982,1.0772,0.4773,0.42597058823529416,0.051329411764705846,0.4624,0.0257,0.9688
Jaden Ivey,1631093,CHI,PG,10.835,2.944,2.715,0.767,0.335,1.629,0.442,0.7652,1.369,0.4149,2.715,0.335,0.767,1.369,raw_delquant_flat_file,14.2003,8.785941176470587,5.4143588235294136,13.5422,2.7072,0.9537,5.0968,3.5295882352941175,1.5672117647058825,3.7276,0.7836,0.7314,3.2608,2.0900588235294117,1.1707411764705884,3.3004,0.5854,1.0121,0.9439,0.6158823529411765,0.3280176470588234,0.931,0.164,0.9863,0.5491,0.38964705882352946,0.15945294117647058,0.4147,0.0797,0.7552,1.6469,1.1739411764705883,0.47295882352941176,1.8655,0.2365,1.1327,0.4691,0.4611058823529412,0.007994117647058818,0.446,0.004,0.9508,0.7828,0.7538823529411764,0.028917647058823603,0.7797,0.0145,0.996,1.6758,0.949,0.7268,1.7324,0.3634,1.0338,0.4773,0.4102058823529412,0.0670941176470588,0.4484,0.0335,0.9395
Isaiah Stewart,1630191,DET,PF,8.704,4.999,1.342,0.467,1.014,1.089,0.5068,0.741,0.705,0.3971,1.342,1.014,0.467,0.705,raw_delquant_flat_file,14.2003,8.7513125,5.448987500000001,11.4285,2.7245,0.8048,5.0968,3.5715,1.5253,5.7616,0.7626,1.1304,3.2608,2.12,1.1408,1.9124,0.5704,0.5865,0.9439,0.7265625,0.21733749999999996,0.5757,0.1087,0.6099,0.5491,0.4360625,0.11303750000000001,1.0705,0.0565,1.9496,1.6469,1.1275,0.5194000000000001,1.3487,0.2597,0.8189,0.4691,0.45863750000000003,0.010462499999999986,0.512,0.0052,1.0915,0.7828,0.7500125,0.03278750000000008,0.7574,0.0164,0.9676,1.6758,0.86675,0.8090499999999999,1.1095,0.4045,0.6621,0.4773,0.41046875,0.06683125000000001,0.4305,0.0334,0.9019
Max Strus,1629622,CLE,SG,9.895,3.982,2.696,0.609,0.175,1.084,0.435,0.8044,1.955,0.3937,2.696,0.175,0.609,1.955,raw_delquant_flat_file,14.2003,9.614411764705881,4.585888235294119,12.1879,2.2929,0.8583,5.0968,3.805411764705883,1.291388235294117,4.6277,0.6457,0.908,3.2608,2.4610588235294117,0.7997411764705884,3.0959,0.3999,0.9494,0.9439,0.7529411764705882,0.19095882352941174,0.7045,0.0955,0.7464,0.5491,0.4275294117647059,0.12157058823529415,0.2358,0.0608,0.4294,1.6469,1.1886470588235294,0.45825294117647064,1.3131,0.2291,0.7973,0.4691,0.4603,0.00880000000000003,0.4394,0.0044,0.9367,0.7828,0.773,0.009800000000000031,0.8093,0.0049,1.0339,1.6758,1.1414705882352942,0.5343294117647057,2.2222,0.2672,1.3261,0.4773,0.4022529411764706,0.07504705882352941,0.4312,0.0375,0.9034
Jalen Smith,1630188,CHI,PF,9.073,5.4,1.209,0.499,0.626,0.902,0.4877,0.7378,1.065,0.3915,1.209,0.626,0.499,1.065,raw_delquant_flat_file,14.2003,8.785941176470587,5.4143588235294136,11.7802,2.7072,0.8296,5.0968,3.5295882352941175,1.5672117647058825,6.1836,0.7836,1.2132,3.2608,2.0900588235294117,1.1707411764705884,1.7944,0.5854,0.5503,0.9439,0.6158823529411765,0.3280176470588234,0.663,0.164,0.7024,0.5491,0.38964705882352946,0.15945294117647058,0.7057,0.0797,1.2852,1.6469,1.1739411764705883,0.47295882352941176,1.1385,0.2365,0.6913,0.4691,0.4611058823529412,0.007994117647058818,0.4917,0.004,1.0482,0.7828,0.7538823529411764,0.028917647058823603,0.7523,0.0145,0.961,1.6758,0.949,0.7268,1.4284,0.3634,0.8524,0.4773,0.4102058823529412,0.0670941176470588,0.425,0.0335,0.8904
Goga Bitadze,1629048,ORL,PF,6.894,5.696,1.355,0.584,1.073,0.94,0.5803,0.6702,0.087,0.3734,1.355,1.073,0.584,0.087,raw_delquant_flat_file,14.2003,9.959933333333334,4.240366666666667,9.0142,2.1202,0.6348,5.0968,3.8836,1.2132,6.3026,0.6066,1.2366,3.2608,2.1512666666666664,1.1095333333333337,1.9098,0.5548,0.5857,0.9439,0.7268000000000001,0.21709999999999985,0.6925,0.1085,0.7337,0.5491,0.4478,0.10130000000000006,1.1236,0.0506,2.0463,1.6469,1.2436666666666667,0.40323333333333333,1.1416,0.2016,0.6932,0.4691,0.45659333333333335,0.012506666666666666,0.5866,0.0063,1.2505,0.7828,0.7623666666666666,0.020433333333333414,0.6804,0.0102,0.8692,1.6758,0.9354666666666667,0.7403333333333333,0.4572,0.3702,0.2728,0.4773,0.43374666666666667,0.04355333333333333,0.3952,0.0218,0.828
T.J. McConnell,204456,IND,PG,8.691,2.36,4.073,0.919,0.192,1.23,0.4978,0.7945,0.523,0.3811,4.073,0.192,0.919,0.523,raw_delquant_flat_file,14.2003,9.299555555555555,4.900744444444445,11.1414,2.4504,0.7846,5.0968,3.769944444444444,1.326855555555556,3.0234,0.6634,0.5932,3.2608,2.2429444444444444,1.0178555555555557,4.5819,0.5089,1.4051,0.9439,0.6926111111111112,0.2512888888888888,1.0446,0.1256,1.1067,0.5491,0.4008333333333333,0.1482666666666667,0.2661,0.0741,0.4846,1.6469,1.1437777777777778,0.5031222222222222,1.4816,0.2516,0.8996,0.4691,0.4635222222222223,0.005577777777777737,0.5006,0.0028,1.0671,0.7828,0.7666499999999999,0.01615000000000011,0.8026,0.0081,1.0253,1.6758,0.973388888888889,0.702411111111111,0.8742,0.3512,0.5217,0.4773,0.41789444444444446,0.059405555555555545,0.4108,0.0297,0.8607
Luke Kornet,1628436,SAS,PF,6.781,5.788,1.451,0.501,0.949,0.703,0.5944,0.7401,0.081,0.3631,1.451,0.949,0.501,0.081,raw_delquant_flat_file,14.2003,8.8863125,5.3139875,9.438,2.657,0.6646,5.0968,3.6095625,1.4872375,6.5316,0.7436,1.2815,3.2608,2.0776875,1.1831125,2.0426,0.5916,0.6264,0.9439,0.64025,0.30365,0.6528,0.1518,0.6916,0.5491,0.438375,0.11072500000000002,1.0044,0.0554,1.8292,1.6469,1.095,0.5519000000000001,0.979,0.276,0.5945,0.4691,0.4674875,0.0016125000000000167,0.5952,0.0008,1.2688,0.7828,0.7385375,0.04426250000000009,0.7622,0.0221,0.9737,1.6758,0.9138124999999999,0.7619875,0.462,0.381,0.2757,0.4773,0.421575,0.055725000000000025,0.391,0.0279,0.8192
Caris LeVert,1627747,DET,PG,9.271,2.622,3.003,0.856,0.442,1.27,0.4319,0.7415,1.209,0.3878,3.003,0.442,0.856,1.209,raw_delquant_flat_file,14.2003,8.7513125,5.448987500000001,11.9955,2.7245,0.8447,5.0968,3.5715,1.5253,3.3846,0.7626,0.6641,3.2608,2.12,1.1408,3.5734,0.5704,1.0959,0.9439,0.7265625,0.21733749999999996,0.9647,0.1087,1.022,0.5491,0.4360625,0.11303750000000001,0.4985,0.0565,0.9078,1.6469,1.1275,0.5194000000000001,1.5297,0.2597,0.9288,0.4691,0.45863750000000003,0.010462499999999986,0.4371,0.0052,0.9318,0.7828,0.7500125,0.03278750000000008,0.7579,0.0164,0.9682,1.6758,0.86675,0.8090499999999999,1.6135,0.4045,0.9628,0.4773,0.41046875,0.06683125000000001,0.4212,0.0334,0.8825
Kevin Huerter,1628989,DET,SG,9.542,3.028,2.525,0.852,0.326,1.062,0.4376,0.7841,1.454,0.4181,2.525,0.326,0.852,1.454,raw_delquant_flat_file,14.2003,8.7513125,5.448987500000001,12.2665,2.7245,0.8638,5.0968,3.5715,1.5253,3.7906,0.7626,0.7437,3.2608,2.12,1.1408,3.0954,0.5704,0.9493,0.9439,0.7265625,0.21733749999999996,0.9607,0.1087,1.0178,0.5491,0.4360625,0.11303750000000001,0.3825,0.0565,0.6966,1.6469,1.1275,0.5194000000000001,1.3217,0.2597,0.8025,0.4691,0.45863750000000003,0.010462499999999986,0.4428,0.0052,0.9439,0.7828,0.7500125,0.03278750000000008,0.8005,0.0164,1.0226,1.6758,0.86675,0.8090499999999999,1.8585,0.4045,1.109,0.4773,0.41046875,0.06683125000000001,0.4515,0.0334,0.9459
Klay Thompson,202691,DAL,PG,11.378,2.6,2.092,0.64,0.316,1.14,0.4146,0.8341,2.255,0.3797,2.092,0.316,0.64,2.255,raw_delquant_flat_file,14.2003,9.4712,4.729100000000001,13.7426,2.3646,0.9678,5.0968,3.9284,1.1684,3.1842,0.5842,0.6247,3.2608,2.088,1.1728,2.6784,0.5864,0.8214,0.9439,0.6827500000000001,0.2611499999999999,0.7706,0.1306,0.8164,0.5491,0.4574,0.09170000000000006,0.3618,0.0458,0.6589,1.6469,1.1912,0.4557,1.3678,0.2278,0.8305,0.4691,0.463675,0.005425000000000013,0.4173,0.0027,0.8896,0.7828,0.755695,0.027105000000000046,0.8477,0.0136,1.0829,1.6758,0.893,0.7827999999999999,2.6464,0.3914,1.5792,0.4773,0.41499499999999995,0.062305000000000055,0.4109,0.0312,0.8609
Julian Champagnie,1630577,SAS,SF,9.25,4.502,1.377,0.699,0.486,0.911,0.4414,0.7921,1.546,0.3971,1.377,0.486,0.699,1.546,raw_delquant_flat_file,14.2003,8.8863125,5.3139875,11.907,2.657,0.8385,5.0968,3.6095625,1.4872375,5.2456,0.7436,1.0292,3.2608,2.0776875,1.1831125,1.9686,0.5916,0.6037,0.9439,0.64025,0.30365,0.8508,0.1518,0.9014,0.5491,0.438375,0.11072500000000002,0.5414,0.0554,0.986,1.6469,1.095,0.5519000000000001,1.187,0.276,0.7207,0.4691,0.4674875,0.0016125000000000167,0.4422,0.0008,0.9427,0.7828,0.7385375,0.04426250000000009,0.8142,0.0221,1.0401,1.6758,0.9138124999999999,0.7619875,1.927,0.381,1.1499,0.4773,0.421575,0.055725000000000025,0.425,0.0279,0.8904
Obi Toppin,1630167,IND,SF,10.026,4.25,1.703,0.571,0.32,0.999,0.5043,0.809,1.209,0.3784,1.703,0.32,0.571,1.209,raw_delquant_flat_file,14.2003,9.299555555555555,4.900744444444445,12.4764,2.4504,0.8786,5.0968,3.769944444444444,1.326855555555556,4.9134,0.6634,0.964,3.2608,2.2429444444444444,1.0178555555555557,2.2119,0.5089,0.6783,0.9439,0.6926111111111112,0.2512888888888888,0.6966,0.1256,0.738,0.5491,0.4008333333333333,0.1482666666666667,0.3941,0.0741,0.7177,1.6469,1.1437777777777778,0.5031222222222222,1.2506,0.2516,0.7594,0.4691,0.4635222222222223,0.005577777777777737,0.5071,0.0028,1.081,0.7828,0.7666499999999999,0.01615000000000011,0.8171,0.0081,1.0438,1.6758,0.973388888888889,0.702411111111111,1.5602,0.3512,0.931,0.4773,0.41789444444444446,0.059405555555555545,0.4081,0.0297,0.855
Collin Murray-Boyles,1642867,TOR,SF,8.285,4.526,1.511,0.766,0.691,1.032,0.5067,0.6915,0.603,0.4025,1.511,0.691,0.766,0.603,raw_delquant_flat_file,14.2003,9.236749999999999,4.9635500000000015,10.7668,2.4818,0.7582,5.0968,3.6478125,1.4489874999999999,5.2505,0.7245,1.0302,3.2608,2.18275,1.0780500000000002,2.05,0.539,0.6287,0.9439,0.678875,0.26502499999999996,0.8985,0.1325,0.9519,0.5491,0.401625,0.14747500000000002,0.7647,0.0737,1.3926,1.6469,1.1529375,0.4939625000000001,1.279,0.247,0.7766,0.4691,0.4618875,0.007212500000000011,0.5103,0.0036,1.0878,0.7828,0.7451625,0.0376375000000001,0.7103,0.0188,0.9074,1.6758,0.855875,0.8199249999999999,1.013,0.41,0.6045,0.4773,0.43621875,0.041081250000000014,0.423,0.0205,0.8862
Ajay Mitchell,1642349,OKC,PG,9.798,2.729,2.669,0.911,0.24,1.217,0.463,0.8281,0.986,0.4266,2.669,0.24,0.911,0.986,raw_delquant_flat_file,14.2003,10.152375,4.047925000000001,11.822,2.024,0.8325,5.0968,3.7781875,1.3186125,3.3883,0.6593,0.6648,3.2608,2.4305,0.8303000000000003,3.0842,0.4152,0.9458,0.9439,0.8349375,0.10896249999999996,0.9655,0.0545,1.0229,0.5491,0.4696875,0.07941250000000005,0.2797,0.0397,0.5094,1.6469,1.19125,0.4556500000000001,1.4448,0.2278,0.8773,0.4691,0.4647125,0.004387500000000044,0.4652,0.0022,0.9917,0.7828,0.774775,0.00802500000000006,0.8321,0.004,1.063,1.6758,1.0983749999999999,0.5774250000000001,1.2747,0.2887,0.7607,0.4773,0.421575,0.055725000000000025,0.4545,0.0279,0.9522
Cason Wallace,1641717,OKC,PG,8.272,2.845,2.373,1.314,0.352,0.998,0.444,0.7865,1.136,0.4259,2.373,0.352,1.314,1.136,raw_delquant_flat_file,14.2003,10.152375,4.047925000000001,10.296,2.024,0.7251,5.0968,3.7781875,1.3186125,3.5043,0.6593,0.6875,3.2608,2.4305,0.8303000000000003,2.7882,0.4152,0.8551,0.9439,0.8349375,0.10896249999999996,1.3685,0.0545,1.4498,0.5491,0.4696875,0.07941250000000005,0.3917,0.0397,0.7133,1.6469,1.19125,0.4556500000000001,1.2258,0.2278,0.7443,0.4691,0.4647125,0.004387500000000044,0.4462,0.0022,0.9512,0.7828,0.774775,0.00802500000000006,0.7905,0.004,1.0098,1.6758,1.0983749999999999,0.5774250000000001,1.4247,0.2887,0.8502,0.4773,0.421575,0.055725000000000025,0.4538,0.0279,0.9508
Javon Small,1642914,MEM,PG,9.292,2.901,2.971,0.821,0.246,1.316,0.4473,0.8058,1.258,0.4266,2.971,0.246,0.821,1.258,raw_delquant_flat_file,14.2003,9.42378947368421,4.776510526315791,11.6803,2.3883,0.8225,5.0968,3.582263157894737,1.514536842105263,3.6583,0.7573,0.7178,3.2608,2.3693684210526316,0.8914315789473686,3.4167,0.4457,1.0478,0.9439,0.7777894736842105,0.1661105263157895,0.9041,0.0831,0.9578,0.5491,0.3871578947368421,0.16194210526315794,0.327,0.081,0.5955,1.6469,1.2790526315789474,0.3678473684210526,1.4999,0.1839,0.9107,0.4691,0.452621052631579,0.016478947368421037,0.4555,0.0082,0.971,0.7828,0.7797315789473684,0.003068421052631609,0.8073,0.0015,1.0313,1.6758,1.0590526315789475,0.6167473684210525,1.5664,0.3084,0.9347,0.4773,0.410321052631579,0.06697894736842103,0.4601,0.0335,0.964
Derrick Jones Jr.,1627884,LAC,SF,9.385,3.791,1.214,0.784,0.637,0.912,0.4911,0.7432,0.979,0.3855,1.214,0.637,0.784,0.979,raw_delquant_flat_file,14.2003,9.250625,4.949675000000001,11.8598,2.4748,0.8352,5.0968,3.37875,1.7180499999999999,4.65,0.859,0.9123,3.2608,2.192375,1.068425,1.7482,0.5342,0.5361,0.9439,0.7555000000000001,0.1883999999999999,0.8782,0.0942,0.9304,0.5491,0.41118750000000004,0.1379125,0.706,0.069,1.2857,1.6469,1.1773125,0.46958750000000005,1.1468,0.2348,0.6963,0.4691,0.45813125,0.010968750000000027,0.4966,0.0055,1.0586,0.7828,0.77625,0.006550000000000056,0.7465,0.0033,0.9536,1.6758,1.0209375,0.6548624999999999,1.3064,0.3274,0.7796,0.4773,0.4134875,0.0638125,0.4174,0.0319,0.8745
Cormac Ryan,1642504,MIL,PG,10.114,2.697,2.46,0.884,0.224,1.262,0.4574,0.8422,1.503,0.4181,2.46,0.224,0.884,1.503,raw_delquant_flat_file,14.2003,9.940999999999999,4.259300000000001,12.2437,2.1297,0.8622,5.0968,3.714555555555555,1.3822444444444448,3.3881,0.6911,0.6648,3.2608,2.2494444444444444,1.0113555555555558,2.9657,0.5057,0.9095,0.9439,0.7022222222222223,0.24167777777777766,1.0048,0.1208,1.0645,0.5491,0.381,0.16810000000000003,0.3081,0.0841,0.5611,1.6469,1.2697222222222222,0.37717777777777783,1.4506,0.1886,0.8808,0.4691,0.4623055555555556,0.006794444444444436,0.4608,0.0034,0.9823,0.7828,0.7495888888888889,0.03321111111111119,0.8588,0.0166,1.0971,1.6758,1.103,0.5728,1.7894,0.2864,1.0678,0.4773,0.41657777777777777,0.06072222222222223,0.4485,0.0304,0.9397
Grant Williams,1629684,CHA,SF,8.821,4.375,1.718,0.661,0.536,1.147,0.4547,0.7839,1.266,0.385,1.718,0.536,0.661,1.266,raw_delquant_flat_file,14.2003,8.990764705882352,5.209535294117648,11.4258,2.6048,0.8046,5.0968,3.619529411764706,1.4772705882352941,5.1136,0.7386,1.0033,3.2608,1.9743529411764706,1.2864470588235295,2.3612,0.6432,0.7241,0.9439,0.615,0.32889999999999997,0.8254,0.1644,0.8745,0.5491,0.37982352941176467,0.16927647058823536,0.6206,0.0846,1.1302,1.6469,1.1689411764705882,0.4779588235294119,1.386,0.239,0.8416,0.4691,0.45489999999999997,0.014200000000000046,0.4618,0.0071,0.9844,0.7828,0.7540470588235294,0.028752941176470648,0.7983,0.0144,1.0198,1.6758,1.0884705882352943,0.5873294117647057,1.5597,0.2937,0.9307,0.4773,0.4224823529411765,0.054817647058823527,0.4124,0.0274,0.864
DeJon Jarreau,1630610,MEM,PG,8.803,3.261,2.793,0.872,0.358,1.519,0.4272,0.804,1.028,0.4089,2.793,0.358,0.872,1.028,raw_delquant_flat_file,14.2003,9.42378947368421,4.776510526315791,11.1913,2.3883,0.7881,5.0968,3.582263157894737,1.514536842105263,4.0183,0.7573,0.7884,3.2608,2.3693684210526316,0.8914315789473686,3.2387,0.4457,0.9932,0.9439,0.7777894736842105,0.1661105263157895,0.9551,0.0831,1.0119,0.5491,0.3871578947368421,0.16194210526315794,0.439,0.081,0.7995,1.6469,1.2790526315789474,0.3678473684210526,1.7029,0.1839,1.034,0.4691,0.452621052631579,0.016478947368421037,0.4354,0.0082,0.9282,0.7828,0.7797315789473684,0.003068421052631609,0.8055,0.0015,1.029,1.6758,1.0590526315789475,0.6167473684210525,1.3364,0.3084,0.7975,0.4773,0.410321052631579,0.06697894736842103,0.4424,0.0335,0.9269
Reed Sheppard,1642263,HOU,PG,9.348,2.514,2.494,0.987,0.409,1.221,0.42,0.7921,1.585,0.4369,2.494,0.409,0.987,1.585,raw_delquant_flat_file,14.2003,8.824733333333334,5.375566666666666,12.0358,2.6878,0.8476,5.0968,4.1628,0.9340000000000002,2.981,0.467,0.5849,3.2608,1.8478666666666668,1.4129333333333334,3.2005,0.7065,0.9815,0.9439,0.6666000000000001,0.2772999999999999,1.1256,0.1386,1.1925,0.5491,0.48633333333333334,0.06276666666666669,0.4404,0.0314,0.802,1.6469,1.1314666666666668,0.5154333333333332,1.4787,0.2577,0.8979,0.4691,0.45740666666666663,0.011693333333333389,0.4258,0.0058,0.9077,0.7828,0.7326733333333333,0.050126666666666764,0.8172,0.0251,1.0439,1.6758,0.7818666666666666,0.8939333333333334,2.032,0.447,1.2126,0.4773,0.4135466666666667,0.06375333333333333,0.4688,0.0319,0.9822
Egor Dëmin,1642856,BKN,PG,9.389,2.943,2.877,0.804,0.294,1.467,0.4152,0.7934,1.6,0.4367,2.877,0.294,0.804,1.6,raw_delquant_flat_file,14.2003,8.809833333333334,5.390466666666667,12.0842,2.6952,0.851,5.0968,3.629055555555555,1.467744444444445,3.6769,0.7339,0.7214,3.2608,1.9996111111111112,1.261188888888889,3.5076,0.6306,1.0757,0.9439,0.7076666666666667,0.2362333333333333,0.9221,0.1181,0.9769,0.5491,0.4147222222222222,0.13437777777777782,0.3612,0.0672,0.6578,1.6469,1.1893333333333334,0.4575666666666667,1.6958,0.2288,1.0297,0.4691,0.4530777777777778,0.016022222222222215,0.4232,0.008,0.9022,0.7828,0.7681388888888888,0.014661111111111236,0.8007,0.0073,1.0229,1.6758,1.0036111111111112,0.6721888888888887,1.9361,0.3361,1.1553,0.4773,0.41187222222222225,0.06542777777777775,0.4694,0.0327,0.9834
Zaccharie Risacher,1642258,ATL,SF,9.645,3.983,1.203,0.745,0.537,1.03,0.4589,0.697,1.155,0.4089,1.203,0.537,0.745,1.155,raw_delquant_flat_file,14.2003,9.143944444444445,5.056355555555555,12.1732,2.5282,0.8572,5.0968,3.657666666666666,1.4391333333333338,4.7026,0.7196,0.9227,3.2608,2.035888888888889,1.224911111111111,1.8155,0.6125,0.5568,0.9439,0.709111111111111,0.23478888888888894,0.8624,0.1174,0.9137,0.5491,0.4205,0.12860000000000005,0.6013,0.0643,1.0951,1.6469,1.1113888888888888,0.5355111111111113,1.2978,0.2678,0.788,0.4691,0.4601722222222222,0.008927777777777812,0.4634,0.0045,0.9878,0.7828,0.7444944444444445,0.03830555555555559,0.7162,0.0192,0.9149,1.6758,1.0002222222222223,0.6755777777777776,1.4928,0.3378,0.8908,0.4773,0.4212388888888889,0.05606111111111112,0.4369,0.028,0.9154
Jaylen Wells,1642377,MEM,SF,10.237,3.777,1.466,0.721,0.303,1.01,0.4421,0.7654,1.326,0.408,1.466,0.303,0.721,1.326,raw_delquant_flat_file,14.2003,9.42378947368421,4.776510526315791,12.6253,2.3883,0.8891,5.0968,3.582263157894737,1.514536842105263,4.5343,0.7573,0.8896,3.2608,2.3693684210526316,0.8914315789473686,1.9117,0.4457,0.5863,0.9439,0.7777894736842105,0.1661105263157895,0.8041,0.0831,0.8519,0.5491,0.3871578947368421,0.16194210526315794,0.384,0.081,0.6993,1.6469,1.2790526315789474,0.3678473684210526,1.1939,0.1839,0.7249,0.4691,0.452621052631579,0.016478947368421037,0.4503,0.0082,0.9599,0.7828,0.7797315789473684,0.003068421052631609,0.7669,0.0015,0.9797,1.6758,1.0590526315789475,0.6167473684210525,1.6344,0.3084,0.9753,0.4773,0.410321052631579,0.06697894736842103,0.4415,0.0335,0.925
GG Jackson,1641713,MEM,SF,9.986,4.103,1.274,0.588,0.558,1.23,0.4553,0.7327,1.068,0.4089,1.274,0.558,0.588,1.068,raw_delquant_flat_file,14.2003,9.42378947368421,4.776510526315791,12.3743,2.3883,0.8714,5.0968,3.582263157894737,1.514536842105263,4.8603,0.7573,0.9536,3.2608,2.3693684210526316,0.8914315789473686,1.7197,0.4457,0.5274,0.9439,0.7777894736842105,0.1661105263157895,0.6711,0.0831,0.711,0.5491,0.3871578947368421,0.16194210526315794,0.639,0.081,1.1637,1.6469,1.2790526315789474,0.3678473684210526,1.4139,0.1839,0.8585,0.4691,0.452621052631579,0.016478947368421037,0.4635,0.0082,0.9881,0.7828,0.7797315789473684,0.003068421052631609,0.7342,0.0015,0.9379,1.6758,1.0590526315789475,0.6167473684210525,1.3764,0.3084,0.8213,0.4773,0.410321052631579,0.06697894736842103,0.4424,0.0335,0.9269
Oscar Tshiebwe,1631131,UTA,PF,8.221,5.571,1.21,0.709,0.345,0.906,0.5224,0.6882,0.5,0.3915,1.21,0.345,0.709,0.5,raw_delquant_flat_file,14.2003,11.249888888888888,2.950411111111112,9.6962,1.4752,0.6828,5.0968,4.457277777777778,0.6395222222222223,5.8908,0.3198,1.1558,3.2608,2.645388888888889,0.6154111111111114,1.5177,0.3077,0.4654,0.9439,0.8517222222222222,0.0921777777777778,0.7551,0.0461,0.8,0.5491,0.4432222222222222,0.10587777777777785,0.3979,0.0529,0.7246,1.6469,1.4776666666666667,0.16923333333333335,0.9906,0.0846,0.6015,0.4691,0.45565000000000005,0.013449999999999962,0.5291,0.0067,1.1279,0.7828,0.7633666666666667,0.019433333333333302,0.6979,0.0097,0.8915,1.6758,1.2035,0.47229999999999994,0.7362,0.2362,0.4393,0.4773,0.4321166666666667,0.0451833333333333,0.4141,0.0226,0.8676
Steven Adams,203500,HOU,C,5.986,6.886,1.374,0.562,0.676,1.071,0.5094,0.5878,0.166,0.3433,1.374,0.676,0.562,0.166,raw_delquant_flat_file,14.2003,8.824733333333334,5.375566666666666,8.6738,2.6878,0.6108,5.0968,4.1628,0.9340000000000002,7.353,0.467,1.4427,3.2608,1.8478666666666668,1.4129333333333334,2.0805,0.7065,0.638,0.9439,0.6666000000000001,0.2772999999999999,0.7006,0.1386,0.7422,0.5491,0.48633333333333334,0.06276666666666669,0.7074,0.0314,1.2883,1.6469,1.1314666666666668,0.5154333333333332,1.3287,0.2577,0.8068,0.4691,0.45740666666666663,0.011693333333333389,0.5152,0.0058,1.0983,0.7828,0.7326733333333333,0.050126666666666764,0.6129,0.0251,0.783,1.6758,0.7818666666666666,0.8939333333333334,0.613,0.447,0.3658,0.4773,0.4135466666666667,0.06375333333333333,0.3752,0.0319,0.7861
Justin Champagnie,1630551,WAS,SG,8.405,4.111,1.765,0.849,0.458,0.958,0.4632,0.771,0.979,0.4149,1.765,0.458,0.849,0.979,raw_delquant_flat_file,14.2003,10.083470588235295,4.116829411764705,10.4634,2.0584,0.7368,5.0968,3.858882352941176,1.2379176470588238,4.73,0.619,0.928,3.2608,2.2964117647058826,0.9643882352941175,2.2472,0.4822,0.6892,0.9439,0.7468823529411764,0.19701764705882352,0.9475,0.0985,1.0038,0.5491,0.4805294117647059,0.0685705882352941,0.4923,0.0343,0.8966,1.6469,1.3768235294117646,0.2700764705882355,1.093,0.135,0.6637,0.4691,0.4529117647058824,0.016188235294117614,0.4713,0.0081,1.0047,0.7828,0.7613705882352941,0.02142941176470592,0.7817,0.0107,0.9986,1.6758,1.0793529411764706,0.5964470588235293,1.2772,0.2982,0.7621,0.4773,0.42597058823529416,0.051329411764705846,0.4406,0.0257,0.9231
Danny Wolf,1642874,BKN,SF,8.596,4.545,1.689,0.616,0.548,1.141,0.4373,0.7427,0.967,0.4089,1.689,0.548,0.616,0.967,raw_delquant_flat_file,14.2003,8.809833333333334,5.390466666666667,11.2912,2.6952,0.7951,5.0968,3.629055555555555,1.467744444444445,5.2789,0.7339,1.0357,3.2608,1.9996111111111112,1.261188888888889,2.3196,0.6306,0.7114,0.9439,0.7076666666666667,0.2362333333333333,0.7341,0.1181,0.7777,0.5491,0.4147222222222222,0.13437777777777782,0.6152,0.0672,1.1204,1.6469,1.1893333333333334,0.4575666666666667,1.3698,0.2288,0.8317,0.4691,0.4530777777777778,0.016022222222222215,0.4453,0.008,0.9493,0.7828,0.7681388888888888,0.014661111111111236,0.75,0.0073,0.9581,1.6758,1.0036111111111112,0.6721888888888887,1.3031,0.3361,0.7776,0.4773,0.41187222222222225,0.06542777777777775,0.4416,0.0327,0.9252
Brice Sensabaugh,1641729,UTA,SF,10.651,3.653,1.543,0.656,0.316,1.351,0.455,0.794,1.428,0.408,1.543,0.316,0.656,1.428,raw_delquant_flat_file,14.2003,11.249888888888888,2.950411111111112,12.1262,1.4752,0.8539,5.0968,4.457277777777778,0.6395222222222223,3.9728,0.3198,0.7795,3.2608,2.645388888888889,0.6154111111111114,1.8507,0.3077,0.5676,0.9439,0.8517222222222222,0.0921777777777778,0.7021,0.0461,0.7438,0.5491,0.4432222222222222,0.10587777777777785,0.3689,0.0529,0.6718,1.6469,1.4776666666666667,0.16923333333333335,1.4356,0.0846,0.8717,0.4691,0.45565000000000005,0.013449999999999962,0.4617,0.0067,0.9842,0.7828,0.7633666666666667,0.019433333333333302,0.8037,0.0097,1.0267,1.6758,1.2035,0.47229999999999994,1.6641,0.2361,0.993,0.4773,0.4321166666666667,0.0451833333333333,0.4306,0.0226,0.9022
Zach Collins,1628380,CHI,PF,8.848,4.851,1.635,0.455,0.472,1.088,0.5083,0.7481,0.82,0.3784,1.635,0.472,0.455,0.82,raw_delquant_flat_file,14.2003,8.785941176470587,5.4143588235294136,11.5552,2.7072,0.8137,5.0968,3.5295882352941175,1.5672117647058825,5.6346,0.7836,1.1055,3.2608,2.0900588235294117,1.1707411764705884,2.2204,0.5854,0.6809,0.9439,0.6158823529411765,0.3280176470588234,0.619,0.164,0.6558,0.5491,0.38964705882352946,0.15945294117647058,0.5517,0.0797,1.0047,1.6469,1.1739411764705883,0.47295882352941176,1.3245,0.2365,0.8042,0.4691,0.4611058823529412,0.007994117647058818,0.5123,0.004,1.0921,0.7828,0.7538823529411764,0.028917647058823603,0.7626,0.0145,0.9742,1.6758,0.949,0.7268,1.1834,0.3634,0.7062,0.4773,0.4102058823529412,0.0670941176470588,0.4119,0.0335,0.863
Miles McBride,1630540,NYK,PG,9.756,2.406,2.518,0.855,0.218,0.9,0.426,0.8008,1.754,0.4158,2.518,0.218,0.855,1.754,raw_delquant_flat_file,14.2003,9.263352941176471,4.936947058823529,12.2245,2.4685,0.8609,5.0968,3.6023529411764708,1.4944470588235292,3.1532,0.7472,0.6187,3.2608,2.2386470588235294,1.0221529411764707,3.0291,0.5111,0.9289,0.9439,0.686235294117647,0.2576647058823529,0.9838,0.1288,1.0423,0.5491,0.3651764705882353,0.1839235294117647,0.31,0.092,0.5646,1.6469,1.1476470588235292,0.4992529411764708,1.1496,0.2496,0.698,0.4691,0.46367058823529417,0.005429411764705849,0.4287,0.0027,0.9139,0.7828,0.7486411764705883,0.0341588235294118,0.8179,0.0171,1.0448,1.6758,1.0059411764705881,0.6698588235294118,2.0889,0.3349,1.2465,0.4773,0.4239882352941176,0.05331176470588239,0.4425,0.0267,0.9271
Luguentz Dort,1629652,OKC,PG,9.151,3.279,1.847,0.901,0.37,0.947,0.4185,0.7912,1.676,0.4181,1.847,0.37,0.901,1.676,raw_delquant_flat_file,14.2003,10.152375,4.047925000000001,11.175,2.024,0.787,5.0968,3.7781875,1.3186125,3.9383,0.6593,0.7727,3.2608,2.4305,0.8303000000000003,2.2622,0.4152,0.6938,0.9439,0.8349375,0.10896249999999996,0.9555,0.0545,1.0123,0.5491,0.4696875,0.07941250000000005,0.4097,0.0397,0.7461,1.6469,1.19125,0.4556500000000001,1.1748,0.2278,0.7133,0.4691,0.4647125,0.004387500000000044,0.4207,0.0022,0.8968,0.7828,0.774775,0.00802500000000006,0.7952,0.004,1.0158,1.6758,1.0983749999999999,0.5774250000000001,1.9647,0.2887,1.1724,0.4773,0.421575,0.055725000000000025,0.446,0.0279,0.9344
Moussa Diabaté,1631217,CHA,SF,7.116,5.641,1.276,0.666,0.604,0.89,0.5316,0.6746,0.316,0.3971,1.276,0.604,0.666,0.316,raw_delquant_flat_file,14.2003,8.990764705882352,5.209535294117648,9.7208,2.6048,0.6845,5.0968,3.619529411764706,1.4772705882352941,6.3796,0.7386,1.2517,3.2608,1.9743529411764706,1.2864470588235295,1.9192,0.6432,0.5886,0.9439,0.615,0.32889999999999997,0.8304,0.1644,0.8798,0.5491,0.37982352941176467,0.16927647058823536,0.6886,0.0846,1.2541,1.6469,1.1689411764705882,0.4779588235294119,1.129,0.239,0.6855,0.4691,0.45489999999999997,0.014200000000000046,0.5387,0.0071,1.1484,0.7828,0.7540470588235294,0.028752941176470648,0.689,0.0144,0.8802,1.6758,1.0884705882352943,0.5873294117647057,0.6097,0.2937,0.3638,0.4773,0.4224823529411765,0.054817647058823527,0.4245,0.0274,0.8894
Duncan Robinson,1629130,DET,SF,10.324,3.111,1.998,0.6,0.281,0.991,0.4513,0.7822,2.008,0.3718,1.998,0.281,0.6,2.008,raw_delquant_flat_file,14.2003,8.7513125,5.448987500000001,13.0485,2.7245,0.9189,5.0968,3.5715,1.5253,3.8737,0.7627,0.76,3.2608,2.12,1.1408,2.5684,0.5704,0.7877,0.9439,0.7265625,0.21733749999999996,0.7087,0.1087,0.7508,0.5491,0.4360625,0.11303750000000001,0.3375,0.0565,0.6146,1.6469,1.1275,0.5194000000000001,1.2507,0.2597,0.7594,0.4691,0.45863750000000003,0.010462499999999986,0.4565,0.0052,0.9731,0.7828,0.7500125,0.03278750000000008,0.7986,0.0164,1.0202,1.6758,0.86675,0.8090499999999999,2.4125,0.4045,1.4396,0.4773,0.41046875,0.06683125000000001,0.4052,0.0334,0.8489
Jordan Goodwin,1630692,PHX,PG,7.943,3.703,2.282,1.06,0.244,1.053,0.4187,0.776,1.177,0.4181,2.282,0.244,1.06,1.177,raw_delquant_flat_file,14.2003,8.88535294117647,5.314947058823531,10.6005,2.6575,0.7465,5.0968,3.3191764705882356,1.7776235294117644,4.5918,0.8888,0.9009,3.2608,1.9868235294117649,1.2739764705882353,2.919,0.637,0.8952,0.9439,0.6880588235294117,0.25584117647058824,1.1879,0.1279,1.2585,0.5491,0.34911764705882353,0.1999823529411765,0.344,0.1,0.6265,1.6469,1.0747058823529412,0.5721941176470589,1.3391,0.2861,0.8131,0.4691,0.4498411764705882,0.019258823529411828,0.4283,0.0096,0.913,0.7828,0.7384588235294117,0.04434117647058833,0.7982,0.0222,1.0197,1.6758,1.0250588235294116,0.6507411764705884,1.5024,0.3254,0.8965,0.4773,0.41646470588235296,0.06083529411764704,0.4485,0.0304,0.9397
Lonzo Ball,1628366,CLE,PG,7.408,3.192,3.102,1.068,0.277,1.272,0.3909,0.7897,1.332,0.4089,3.102,0.277,1.068,1.332,raw_delquant_flat_file,14.2003,9.614411764705881,4.585888235294119,9.7009,2.2929,0.6831,5.0968,3.805411764705883,1.291388235294117,3.8377,0.6457,0.753,3.2608,2.4610588235294117,0.7997411764705884,3.5019,0.3999,1.0739,0.9439,0.7529411764705882,0.19095882352941174,1.1635,0.0955,1.2327,0.5491,0.4275294117647059,0.12157058823529415,0.3378,0.0608,0.6152,1.6469,1.1886470588235294,0.45825294117647064,1.5011,0.2291,0.9115,0.4691,0.4603,0.00880000000000003,0.3953,0.0044,0.8427,0.7828,0.773,0.009800000000000031,0.7946,0.0049,1.0151,1.6758,1.1414705882352942,0.5343294117647057,1.5992,0.2672,0.9543,0.4773,0.4022529411764706,0.07504705882352941,0.4464,0.0375,0.9353
Tyler Burton,1631174,MEM,SF,8.955,4.259,1.329,0.741,0.451,0.987,0.451,0.753,1.052,0.3915,1.329,0.451,0.741,1.052,raw_delquant_flat_file,14.2003,9.42378947368421,4.776510526315791,11.3433,2.3883,0.7988,5.0968,3.582263157894737,1.514536842105263,5.0163,0.7573,0.9842,3.2608,2.3693684210526316,0.8914315789473686,1.7747,0.4457,0.5443,0.9439,0.7777894736842105,0.1661105263157895,0.8241,0.0831,0.8731,0.5491,0.3871578947368421,0.16194210526315794,0.532,0.081,0.9689,1.6469,1.2790526315789474,0.3678473684210526,1.1709,0.1839,0.711,0.4691,0.452621052631579,0.016478947368421037,0.4592,0.0082,0.9789,0.7828,0.7797315789473684,0.003068421052631609,0.7545,0.0015,0.9638,1.6758,1.0590526315789475,0.6167473684210525,1.3604,0.3084,0.8118,0.4773,0.410321052631579,0.06697894736842103,0.425,0.0335,0.8904
Jake LaRavia,1631222,LAL,SF,8.327,4.08,1.653,0.903,0.446,1.107,0.4548,0.7449,0.904,0.3971,1.653,0.446,0.903,0.904,raw_delquant_flat_file,14.2003,9.564941176470587,4.635358823529414,10.6447,2.3177,0.7496,5.0968,3.6745882352941175,1.4222117647058825,4.7911,0.7111,0.94,3.2608,2.2321764705882354,1.0286235294117647,2.1673,0.5143,0.6647,0.9439,0.6849411764705883,0.2589588235294117,1.0325,0.1295,1.0939,0.5491,0.36511764705882355,0.18398235294117649,0.538,0.092,0.9798,1.6469,1.2188823529411765,0.4280176470588235,1.321,0.214,0.8021,0.4691,0.46496470588235295,0.00413529411764707,0.4569,0.0021,0.974,0.7828,0.744035294117647,0.038764705882353034,0.7643,0.0194,0.9764,1.6758,0.9627058823529412,0.7130941176470588,1.2605,0.3565,0.7522,0.4773,0.43051764705882356,0.04678235294117644,0.4205,0.0234,0.881
Moses Moody,1630541,GSW,PG,9.853,2.881,1.798,0.825,0.38,1.0,0.4389,0.7809,1.592,0.4266,1.798,0.38,0.825,1.592,raw_delquant_flat_file,14.2003,9.445555555555556,4.754744444444444,12.2304,2.3774,0.8613,5.0968,3.606555555555556,1.490244444444444,3.6261,0.7451,0.7114,3.2608,2.3485555555555555,0.9122444444444446,2.2541,0.4561,0.6913,0.9439,0.7605555555555555,0.18334444444444442,0.9167,0.0917,0.9712,0.5491,0.41038888888888886,0.13871111111111117,0.4494,0.0694,0.8184,1.6469,1.1836111111111112,0.46328888888888886,1.2316,0.2316,0.7478,0.4691,0.46147777777777776,0.007622222222222252,0.4427,0.0038,0.9437,0.7828,0.7820055555555556,0.000794444444444431,0.7813,0.0004,0.9981,1.6758,1.1357222222222223,0.5400777777777777,1.862,0.27,1.1111,0.4773,0.39902777777777776,0.07827222222222224,0.4657,0.0391,0.9757
Marvin Bagley III,1628963,DAL,SF,8.914,4.815,1.203,0.495,0.521,0.929,0.5382,0.7105,0.521,0.385,1.203,0.521,0.495,0.521,raw_delquant_flat_file,14.2003,9.4712,4.729100000000001,11.2785,2.3645,0.7942,5.0968,3.9284,1.1684,5.3992,0.5842,1.0593,3.2608,2.088,1.1728,1.7894,0.5864,0.5488,0.9439,0.6827500000000001,0.2611499999999999,0.6256,0.1306,0.6628,0.5491,0.4574,0.09170000000000006,0.5669,0.0459,1.0324,1.6469,1.1912,0.4557,1.1568,0.2278,0.7024,0.4691,0.463675,0.005425000000000013,0.5409,0.0027,1.1531,0.7828,0.755695,0.027105000000000046,0.7241,0.0136,0.925,1.6758,0.893,0.7827999999999999,0.9124,0.3914,0.5445,0.4773,0.41499499999999995,0.062305000000000055,0.4162,0.0312,0.872
Vince Williams Jr.,1631246,UTA,PG,8.234,3.428,2.982,0.74,0.328,1.412,0.408,0.7937,1.211,0.4158,2.982,0.328,0.74,1.211,raw_delquant_flat_file,14.2003,11.249888888888888,2.950411111111112,9.7092,1.4752,0.6837,5.0968,4.457277777777778,0.6395222222222223,3.7478,0.3198,0.7353,3.2608,2.645388888888889,0.6154111111111114,3.2897,0.3077,1.0089,0.9439,0.8517222222222222,0.0921777777777778,0.7861,0.0461,0.8328,0.5491,0.4432222222222222,0.10587777777777785,0.3809,0.0529,0.6937,1.6469,1.4776666666666667,0.16923333333333335,1.4966,0.0846,0.9087,0.4691,0.45565000000000005,0.013449999999999962,0.4147,0.0067,0.884,0.7828,0.7633666666666667,0.019433333333333302,0.8034,0.0097,1.0263,1.6758,1.2035,0.47229999999999994,1.4472,0.2362,0.8636,0.4773,0.4321166666666667,0.0451833333333333,0.4384,0.0226,0.9185
Tre Johnson,1642848,WAS,PG,10.236,2.804,2.334,0.693,0.283,1.431,0.4231,0.8124,1.424,0.4367,2.334,0.283,0.693,1.424,raw_delquant_flat_file,14.2003,10.083470588235295,4.116829411764705,12.2944,2.0584,0.8658,5.0968,3.858882352941176,1.2379176470588238,3.423,0.619,0.6716,3.2608,2.2964117647058826,0.9643882352941175,2.8162,0.4822,0.8637,0.9439,0.7468823529411764,0.19701764705882352,0.7915,0.0985,0.8385,0.5491,0.4805294117647059,0.0685705882352941,0.3173,0.0343,0.5779,1.6469,1.3768235294117646,0.2700764705882355,1.566,0.135,0.9509,0.4691,0.4529117647058824,0.016188235294117614,0.4312,0.0081,0.9192,0.7828,0.7613705882352941,0.02142941176470592,0.8231,0.0107,1.0515,1.6758,1.0793529411764706,0.5964470588235293,1.7222,0.2982,1.0277,0.4773,0.42597058823529416,0.051329411764705846,0.4624,0.0257,0.9688
Daniss Jenkins,1642450,DET,PG,8.996,2.516,3.168,0.845,0.233,1.416,0.4217,0.8113,1.051,0.4149,3.168,0.233,0.845,1.051,raw_delquant_flat_file,14.2003,8.7513125,5.448987500000001,11.7205,2.7245,0.8254,5.0968,3.5715,1.5253,3.2786,0.7626,0.6433,3.2608,2.12,1.1408,3.7384,0.5704,1.1465,0.9439,0.7265625,0.21733749999999996,0.9537,0.1087,1.0104,0.5491,0.4360625,0.11303750000000001,0.2895,0.0565,0.5272,1.6469,1.1275,0.5194000000000001,1.6757,0.2597,1.0175,0.4691,0.45863750000000003,0.010462499999999986,0.4269,0.0052,0.91,0.7828,0.7500125,0.03278750000000008,0.8277,0.0164,1.0574,1.6758,0.86675,0.8090499999999999,1.4555,0.4045,0.8685,0.4773,0.41046875,0.06683125000000001,0.4483,0.0334,0.9392
Quinten Post,1642366,GSW,C,8.03,4.964,1.303,0.476,0.729,0.981,0.485,0.6966,0.891,0.3734,1.303,0.729,0.476,0.891,raw_delquant_flat_file,14.2003,9.445555555555556,4.754744444444444,10.4074,2.3774,0.7329,5.0968,3.606555555555556,1.490244444444444,5.7091,0.7451,1.1201,3.2608,2.3485555555555555,0.9122444444444446,1.7591,0.4561,0.5395,0.9439,0.7605555555555555,0.18334444444444442,0.5677,0.0917,0.6014,0.5491,0.41038888888888886,0.13871111111111117,0.7984,0.0694,1.454,1.6469,1.1836111111111112,0.46328888888888886,1.2126,0.2316,0.7363,0.4691,0.46147777777777776,0.007622222222222252,0.4888,0.0038,1.042,0.7828,0.7820055555555556,0.000794444444444431,0.697,0.0004,0.8904,1.6758,1.1357222222222223,0.5400777777777777,1.161,0.27,0.6928,0.4773,0.39902777777777776,0.07827222222222224,0.4125,0.0391,0.8642
Jordan Clarkson,203903,NYK,PG,10.522,2.451,2.726,0.647,0.17,1.445,0.4242,0.8208,1.281,0.3816,2.726,0.17,0.647,1.281,raw_delquant_flat_file,14.2003,9.263352941176471,4.936947058823529,12.9905,2.4685,0.9148,5.0968,3.6023529411764708,1.4944470588235292,3.1982,0.7472,0.6275,3.2608,2.2386470588235294,1.0221529411764707,3.2371,0.5111,0.9927,0.9439,0.686235294117647,0.2576647058823529,0.7758,0.1288,0.8219,0.5491,0.3651764705882353,0.1839235294117647,0.262,0.092,0.4771,1.6469,1.1476470588235292,0.4992529411764708,1.6946,0.2496,1.029,0.4691,0.46367058823529417,0.005429411764705849,0.4269,0.0027,0.91,0.7828,0.7486411764705883,0.0341588235294118,0.8379,0.0171,1.0704,1.6758,1.0059411764705881,0.6698588235294118,1.6159,0.3349,0.9643,0.4773,0.4239882352941176,0.05331176470588239,0.4083,0.0267,0.8554
Noah Clowney,1641730,BKN,PF,9.228,4.107,1.24,0.635,0.59,1.136,0.425,0.7693,1.233,0.4089,1.24,0.59,0.635,1.233,raw_delquant_flat_file,14.2003,8.809833333333334,5.390466666666667,11.9232,2.6952,0.8396,5.0968,3.629055555555555,1.467744444444445,4.8409,0.7339,0.9498,3.2608,1.9996111111111112,1.261188888888889,1.8706,0.6306,0.5737,0.9439,0.7076666666666667,0.2362333333333333,0.7531,0.1181,0.7979,0.5491,0.4147222222222222,0.13437777777777782,0.6572,0.0672,1.1969,1.6469,1.1893333333333334,0.4575666666666667,1.3648,0.2288,0.8287,0.4691,0.4530777777777778,0.016022222222222215,0.433,0.008,0.923,0.7828,0.7681388888888888,0.014661111111111236,0.7766,0.0073,0.9921,1.6758,1.0036111111111112,0.6721888888888887,1.5691,0.3361,0.9363,0.4773,0.41187222222222225,0.06542777777777775,0.4416,0.0327,0.9252
Malachi Smith,1641869,BKN,PG,8.921,2.85,2.784,0.81,0.265,1.207,0.4456,0.8154,1.218,0.4127,2.784,0.265,0.81,1.218,raw_delquant_flat_file,14.2003,8.809833333333334,5.390466666666667,11.6162,2.6952,0.818,5.0968,3.629055555555555,1.467744444444445,3.5839,0.7339,0.7032,3.2608,1.9996111111111112,1.261188888888889,3.4146,0.6306,1.0472,0.9439,0.7076666666666667,0.2362333333333333,0.9281,0.1181,0.9833,0.5491,0.4147222222222222,0.13437777777777782,0.3322,0.0672,0.605,1.6469,1.1893333333333334,0.4575666666666667,1.4358,0.2288,0.8718,0.4691,0.4530777777777778,0.016022222222222215,0.4536,0.008,0.967,0.7828,0.7681388888888888,0.014661111111111236,0.8227,0.0073,1.051,1.6758,1.0036111111111112,0.6721888888888887,1.5541,0.3361,0.9274,0.4773,0.41187222222222225,0.06542777777777775,0.4454,0.0327,0.9332
Chaney Johnson,1643052,BKN,SG,8.829,3.165,2.459,0.825,0.323,1.254,0.4562,0.7943,1.017,0.4266,2.459,0.323,0.825,1.017,raw_delquant_flat_file,14.2003,8.809833333333334,5.390466666666667,11.5242,2.6952,0.8115,5.0968,3.629055555555555,1.467744444444445,3.8989,0.7339,0.765,3.2608,1.9996111111111112,1.261188888888889,3.0896,0.6306,0.9475,0.9439,0.7076666666666667,0.2362333333333333,0.9431,0.1181,0.9992,0.5491,0.4147222222222222,0.13437777777777782,0.3902,0.0672,0.7106,1.6469,1.1893333333333334,0.4575666666666667,1.4828,0.2288,0.9004,0.4691,0.4530777777777778,0.016022222222222215,0.4642,0.008,0.9896,0.7828,0.7681388888888888,0.014661111111111236,0.8016,0.0073,1.024,1.6758,1.0036111111111112,0.6721888888888887,1.3531,0.3361,0.8074,0.4773,0.41187222222222225,0.06542777777777775,0.4593,0.0327,0.9623
Ziaire Williams,1630533,BKN,SF,9.179,3.739,1.253,0.922,0.42,1.069,0.4361,0.7926,1.158,0.3971,1.253,0.42,0.922,1.158,raw_delquant_flat_file,14.2003,8.809833333333334,5.390466666666667,11.8742,2.6952,0.8362,5.0968,3.629055555555555,1.467744444444445,4.4729,0.7339,0.8776,3.2608,1.9996111111111112,1.261188888888889,1.8836,0.6306,0.5776,0.9439,0.7076666666666667,0.2362333333333333,1.0401,0.1181,1.1019,0.5491,0.4147222222222222,0.13437777777777782,0.4872,0.0672,0.8873,1.6469,1.1893333333333334,0.4575666666666667,1.2978,0.2288,0.788,0.4691,0.4530777777777778,0.016022222222222215,0.4441,0.008,0.9467,0.7828,0.7681388888888888,0.014661111111111236,0.7999,0.0073,1.0218,1.6758,1.0036111111111112,0.6721888888888887,1.4941,0.3361,0.8916,0.4773,0.41187222222222225,0.06542777777777775,0.4298,0.0327,0.9005
Jose Alvarado,1630631,NYK,PG,8.453,2.491,3.123,0.978,0.193,1.17,0.4162,0.7883,1.424,0.4089,3.123,0.193,0.978,1.424,raw_delquant_flat_file,14.2003,9.263352941176471,4.936947058823529,10.9215,2.4685,0.7691,5.0968,3.6023529411764708,1.4944470588235292,3.2382,0.7472,0.6353,3.2608,2.2386470588235294,1.0221529411764707,3.6341,0.5111,1.1145,0.9439,0.686235294117647,0.2576647058823529,1.1068,0.1288,1.1726,0.5491,0.3651764705882353,0.1839235294117647,0.285,0.092,0.519,1.6469,1.1476470588235292,0.4992529411764708,1.4196,0.2496,0.862,0.4691,0.46367058823529417,0.005429411764705849,0.4189,0.0027,0.893,0.7828,0.7486411764705883,0.0341588235294118,0.8054,0.0171,1.0289,1.6758,1.0059411764705881,0.6698588235294118,1.7589,0.3349,1.0496,0.4773,0.4239882352941176,0.05331176470588239,0.4356,0.0267,0.9126
Bruce Brown,1628971,DEN,SG,8.645,3.4,2.346,0.889,0.226,1.131,0.448,0.7999,0.871,0.4089,2.346,0.226,0.889,0.871,raw_delquant_flat_file,14.2003,9.484444444444444,4.715855555555557,11.0029,2.3579,0.7748,5.0968,3.5435,1.5533000000000001,4.1767,0.7767,0.8195,3.2608,2.3794444444444443,0.8813555555555559,2.7867,0.4407,0.8546,0.9439,0.6557777777777778,0.28812222222222217,1.0331,0.1441,1.0945,0.5491,0.35344444444444445,0.19565555555555558,0.3238,0.0978,0.5897,1.6469,1.0929444444444443,0.5539555555555558,1.408,0.277,0.8549,0.4691,0.4566777777777778,0.012422222222222223,0.4542,0.0062,0.9682,0.7828,0.7742055555555556,0.00859444444444446,0.8042,0.0043,1.0273,1.6758,1.0026111111111111,0.6731888888888888,1.2076,0.3366,0.7206,0.4773,0.41878333333333334,0.05851666666666666,0.4382,0.0293,0.9181
Kris Dunn,1627739,LAC,PG,7.072,2.902,3.083,1.229,0.243,1.172,0.4457,0.777,0.952,0.3891,3.083,0.243,1.229,0.952,raw_delquant_flat_file,14.2003,9.250625,4.949675000000001,9.5468,2.4748,0.6723,5.0968,3.37875,1.7180499999999999,3.761,0.859,0.7379,3.2608,2.192375,1.068425,3.6172,0.5342,1.1093,0.9439,0.7555000000000001,0.1883999999999999,1.3232,0.0942,1.4018,0.5491,0.41118750000000004,0.1379125,0.312,0.069,0.5682,1.6469,1.1773125,0.46958750000000005,1.4068,0.2348,0.8542,0.4691,0.45813125,0.010968750000000027,0.4512,0.0055,0.9618,0.7828,0.77625,0.006550000000000056,0.7803,0.0033,0.9968,1.6758,1.0209375,0.6548624999999999,1.2794,0.3274,0.7635,0.4773,0.4134875,0.0638125,0.421,0.0319,0.882
Jock Landale,1629111,ATL,C,7.74,5.186,1.282,0.483,0.644,0.892,0.5235,0.6714,0.479,0.3631,1.282,0.644,0.483,0.479,raw_delquant_flat_file,14.2003,9.143944444444445,5.056355555555555,10.2682,2.5282,0.7231,5.0968,3.657666666666666,1.4391333333333338,5.9056,0.7196,1.1587,3.2608,2.035888888888889,1.224911111111111,1.8945,0.6125,0.581,0.9439,0.709111111111111,0.23478888888888894,0.6004,0.1174,0.6361,0.5491,0.4205,0.12860000000000005,0.7083,0.0643,1.2899,1.6469,1.1113888888888888,0.5355111111111113,1.1598,0.2678,0.7042,0.4691,0.4601722222222222,0.008927777777777812,0.528,0.0045,1.1256,0.7828,0.7444944444444445,0.03830555555555559,0.6906,0.0192,0.8822,1.6758,1.0002222222222223,0.6755777777777776,0.8168,0.3378,0.4874,0.4773,0.4212388888888889,0.05606111111111112,0.3911,0.028,0.8194
Jamir Watkins,1642364,WAS,SF,8.127,4.184,1.354,0.853,0.503,0.935,0.461,0.7125,0.878,0.3971,1.354,0.503,0.853,0.878,raw_delquant_flat_file,14.2003,10.083470588235295,4.116829411764705,10.1854,2.0584,0.7173,5.0968,3.858882352941176,1.2379176470588238,4.803,0.619,0.9424,3.2608,2.2964117647058826,0.9643882352941175,1.8362,0.4822,0.5631,0.9439,0.7468823529411764,0.19701764705882352,0.9515,0.0985,1.0081,0.5491,0.4805294117647059,0.0685705882352941,0.5373,0.0343,0.9785,1.6469,1.3768235294117646,0.2700764705882355,1.07,0.135,0.6497,0.4691,0.4529117647058824,0.016188235294117614,0.4691,0.0081,1.0,0.7828,0.7613705882352941,0.02142941176470592,0.7232,0.0107,0.9239,1.6758,1.0793529411764706,0.5964470588235293,1.1762,0.2982,0.7019,0.4773,0.42597058823529416,0.051329411764705846,0.4228,0.0257,0.8858
Nique Clifford,1642363,SAC,PG,8.66,3.198,2.473,0.853,0.285,1.39,0.4264,0.76,1.059,0.4149,2.473,0.285,0.853,1.059,raw_delquant_flat_file,14.2003,11.1313125,3.0689875000000004,10.1945,1.5345,0.7179,5.0968,4.452625,0.6441749999999997,3.5201,0.3221,0.6906,3.2608,2.650875,0.609925,2.778,0.305,0.8519,0.9439,0.7828125,0.16108749999999994,0.9335,0.0805,0.989,0.5491,0.4605,0.08860000000000001,0.3293,0.0443,0.5997,1.6469,1.4098125,0.23708750000000012,1.5085,0.1185,0.916,0.4691,0.4689375,0.00016250000000000986,0.4265,0.0001,0.9092,0.7828,0.76156875,0.021231250000000035,0.7706,0.0106,0.9844,1.6758,1.0809374999999999,0.5948625000000001,1.3564,0.2974,0.8094,0.4773,0.41033125,0.06696875000000002,0.4484,0.0335,0.9395
Alex Caruso,1627936,OKC,PG,7.471,2.769,2.476,1.185,0.385,0.991,0.4331,0.8005,1.124,0.3891,2.476,0.385,1.185,1.124,raw_delquant_flat_file,14.2003,10.152375,4.047925000000001,9.495,2.024,0.6686,5.0968,3.7781875,1.3186125,3.4283,0.6593,0.6726,3.2608,2.4305,0.8303000000000003,2.8912,0.4152,0.8867,0.9439,0.8349375,0.10896249999999996,1.2395,0.0545,1.3132,0.5491,0.4696875,0.07941250000000005,0.4247,0.0397,0.7734,1.6469,1.19125,0.4556500000000001,1.2188,0.2278,0.7401,0.4691,0.4647125,0.004387500000000044,0.4353,0.0022,0.9279,0.7828,0.774775,0.00802500000000006,0.8045,0.004,1.0277,1.6758,1.0983749999999999,0.5774250000000001,1.4127,0.2887,0.843,0.4773,0.421575,0.055725000000000025,0.417,0.0279,0.8737
Blake Hinson,1642396,UTA,SF,9.221,3.915,1.347,0.639,0.412,0.879,0.4813,0.7299,1.222,0.3915,1.347,0.412,0.639,1.222,raw_delquant_flat_file,14.2003,11.249888888888888,2.950411111111112,10.6962,1.4752,0.7532,5.0968,4.457277777777778,0.6395222222222223,4.2348,0.3198,0.8309,3.2608,2.645388888888889,0.6154111111111114,1.6547,0.3077,0.5075,0.9439,0.8517222222222222,0.0921777777777778,0.6851,0.0461,0.7258,0.5491,0.4432222222222222,0.10587777777777785,0.4649,0.0529,0.8467,1.6469,1.4776666666666667,0.16923333333333335,0.9636,0.0846,0.5851,0.4691,0.45565000000000005,0.013449999999999962,0.488,0.0067,1.0403,0.7828,0.7633666666666667,0.019433333333333302,0.7396,0.0097,0.9448,1.6758,1.2035,0.47229999999999994,1.4581,0.2361,0.8701,0.4773,0.4321166666666667,0.0451833333333333,0.4141,0.0226,0.8676
Daeqwon Plowden,1631342,SAC,SG,9.708,2.816,2.093,0.792,0.211,1.045,0.4338,0.829,1.504,0.4181,2.093,0.211,0.792,1.504,raw_delquant_flat_file,14.2003,11.1313125,3.0689875000000004,11.2425,1.5345,0.7917,5.0968,4.452625,0.6441749999999997,3.1381,0.3221,0.6157,3.2608,2.650875,0.609925,2.398,0.305,0.7354,0.9439,0.7828125,0.16108749999999994,0.8725,0.0805,0.9244,0.5491,0.4605,0.08860000000000001,0.2553,0.0443,0.4649,1.6469,1.4098125,0.23708750000000012,1.1635,0.1185,0.7065,0.4691,0.4689375,0.00016250000000000986,0.4339,0.0001,0.925,0.7828,0.76156875,0.021231250000000035,0.8396,0.0106,1.0726,1.6758,1.0809374999999999,0.5948625000000001,1.8014,0.2974,1.0749,0.4773,0.41033125,0.06696875000000002,0.4516,0.0335,0.9462
Tim Hardaway Jr.,203501,DEN,SG,10.826,2.518,1.925,0.607,0.137,0.821,0.424,0.8206,1.964,0.3811,1.925,0.137,0.607,1.964,raw_delquant_flat_file,14.2003,9.484444444444444,4.715855555555557,13.1839,2.3579,0.9284,5.0968,3.5435,1.5533000000000001,3.2946,0.7766,0.6464,3.2608,2.3794444444444443,0.8813555555555559,2.3657,0.4407,0.7255,0.9439,0.6557777777777778,0.28812222222222217,0.7511,0.1441,0.7957,0.5491,0.35344444444444445,0.19565555555555558,0.2348,0.0978,0.4276,1.6469,1.0929444444444443,0.5539555555555558,1.098,0.277,0.6667,0.4691,0.4566777777777778,0.012422222222222223,0.4302,0.0062,0.9171,0.7828,0.7742055555555556,0.00859444444444446,0.8249,0.0043,1.0538,1.6758,1.0026111111111111,0.6731888888888888,2.3006,0.3366,1.3728,0.4773,0.41878333333333334,0.05851666666666666,0.4104,0.0293,0.8598
Jaxson Hayes,1629637,LAL,PF,7.289,4.971,0.969,0.521,0.893,0.83,0.6284,0.6451,0.096,0.3622,0.969,0.893,0.521,0.096,raw_delquant_flat_file,14.2003,9.564941176470587,4.635358823529414,9.6067,2.3177,0.6765,5.0968,3.6745882352941175,1.4222117647058825,5.6821,0.7111,1.1148,3.2608,2.2321764705882354,1.0286235294117647,1.4833,0.5143,0.4549,0.9439,0.6849411764705883,0.2589588235294117,0.6505,0.1295,0.6892,0.5491,0.36511764705882355,0.18398235294117649,0.985,0.092,1.7938,1.6469,1.2188823529411765,0.4280176470588235,1.044,0.214,0.6339,0.4691,0.46496470588235295,0.00413529411764707,0.6305,0.0021,1.3441,0.7828,0.744035294117647,0.038764705882353034,0.6645,0.0194,0.8489,1.6758,0.9627058823529412,0.7130941176470588,0.4525,0.3565,0.27,0.4773,0.43051764705882356,0.04678235294117644,0.3856,0.0234,0.8079
Harrison Barnes,203084,SAS,SF,9.761,3.464,1.662,0.608,0.238,0.834,0.4674,0.7975,1.434,0.3723,1.662,0.238,0.608,1.434,raw_delquant_flat_file,14.2003,8.8863125,5.3139875,12.418,2.657,0.8745,5.0968,3.6095625,1.4872375,4.2076,0.7436,0.8255,3.2608,2.0776875,1.1831125,2.2536,0.5916,0.6911,0.9439,0.64025,0.30365,0.7598,0.1518,0.805,0.5491,0.438375,0.11072500000000002,0.2934,0.0554,0.5343,1.6469,1.095,0.5519000000000001,1.11,0.276,0.674,0.4691,0.4674875,0.0016125000000000167,0.4682,0.0008,0.9981,0.7828,0.7385375,0.04426250000000009,0.8196,0.0221,1.047,1.6758,0.9138124999999999,0.7619875,1.815,0.381,1.0831,0.4773,0.421575,0.055725000000000025,0.4002,0.0279,0.8385
Nikola Jović,1631107,MIA,SF,8.453,4.005,1.853,0.658,0.422,1.168,0.4357,0.7254,1.023,0.408,1.853,0.422,0.658,1.023,raw_delquant_flat_file,14.2003,10.5542,3.6461000000000006,10.276,1.823,0.7236,5.0968,3.9381333333333335,1.1586666666666665,4.5843,0.5793,0.8994,3.2608,2.4346,0.8262,2.2661,0.4131,0.695,0.9439,0.7641333333333333,0.17976666666666663,0.7479,0.0899,0.7924,0.5491,0.3908666666666667,0.15823333333333334,0.5011,0.0791,0.9126,1.6469,1.2644666666666666,0.3824333333333334,1.3592,0.1912,0.8253,0.4691,0.4581266666666667,0.010973333333333335,0.4412,0.0055,0.9405,0.7828,0.7705466666666667,0.012253333333333338,0.7315,0.0061,0.9345,1.6758,1.1222666666666667,0.5535333333333332,1.2998,0.2768,0.7756,0.4773,0.4400866666666667,0.03721333333333332,0.4266,0.0186,0.8938
Kyle Anderson,203937,MIN,SG,6.875,3.756,2.494,0.802,0.5,0.942,0.4764,0.7334,0.446,0.3744,2.494,0.5,0.802,0.446,raw_delquant_flat_file,14.2003,9.3915,4.8088,9.2794,2.4044,0.6535,5.0968,3.598375,1.4984250000000001,4.5052,0.7492,0.8839,3.2608,2.197875,1.0629250000000003,3.0255,0.5315,0.9278,0.9439,0.7104375,0.2334624999999999,0.9187,0.1167,0.9733,0.5491,0.429875,0.11922500000000003,0.5596,0.0596,1.0191,1.6469,1.16025,0.48665,1.1853,0.2433,0.7197,0.4691,0.4592625,0.009837499999999999,0.4813,0.0049,1.026,0.7828,0.7549875,0.027812500000000018,0.7473,0.0139,0.9546,1.6758,1.0204374999999999,0.6553625000000001,0.7737,0.3277,0.4617,0.4773,0.42216875,0.05513125000000002,0.402,0.0276,0.8422
Aaron Wiggins,1630598,OKC,PG,9.341,2.934,1.97,0.825,0.281,1.098,0.4534,0.79,1.288,0.4181,1.97,0.281,0.825,1.288,raw_delquant_flat_file,14.2003,10.152375,4.047925000000001,11.365,2.024,0.8003,5.0968,3.7781875,1.3186125,3.5933,0.6593,0.705,3.2608,2.4305,0.8303000000000003,2.3852,0.4152,0.7315,0.9439,0.8349375,0.10896249999999996,0.8795,0.0545,0.9318,0.5491,0.4696875,0.07941250000000005,0.3207,0.0397,0.584,1.6469,1.19125,0.4556500000000001,1.3258,0.2278,0.805,0.4691,0.4647125,0.004387500000000044,0.4556,0.0022,0.9712,0.7828,0.774775,0.00802500000000006,0.794,0.004,1.0143,1.6758,1.0983749999999999,0.5774250000000001,1.5767,0.2887,0.9409,0.4773,0.421575,0.055725000000000025,0.446,0.0279,0.9344
Jarace Walker,1641716,IND,SF,8.398,4.113,1.647,0.705,0.424,1.207,0.444,0.7303,1.048,0.408,1.647,0.424,0.705,1.048,raw_delquant_flat_file,14.2003,9.299555555555555,4.900744444444445,10.8484,2.4504,0.764,5.0968,3.769944444444444,1.326855555555556,4.7764,0.6634,0.9371,3.2608,2.2429444444444444,1.0178555555555557,2.1559,0.5089,0.6612,0.9439,0.6926111111111112,0.2512888888888888,0.8306,0.1256,0.88,0.5491,0.4008333333333333,0.1482666666666667,0.4981,0.0741,0.9071,1.6469,1.1437777777777778,0.5031222222222222,1.4586,0.2516,0.8857,0.4691,0.4635222222222223,0.005577777777777737,0.4468,0.0028,0.9525,0.7828,0.7666499999999999,0.01615000000000011,0.7384,0.0081,0.9433,1.6758,0.973388888888889,0.702411111111111,1.3992,0.3512,0.8349,0.4773,0.41789444444444446,0.059405555555555545,0.4377,0.0297,0.917
Cole Anthony,1630175,MIL,PG,8.585,2.784,2.901,0.714,0.323,1.488,0.4287,0.7821,0.983,0.4158,2.901,0.323,0.714,0.983,raw_delquant_flat_file,14.2003,9.940999999999999,4.259300000000001,10.7147,2.1297,0.7545,5.0968,3.714555555555555,1.3822444444444448,3.4751,0.6911,0.6818,3.2608,2.2494444444444444,1.0113555555555558,3.4067,0.5057,1.0447,0.9439,0.7022222222222223,0.24167777777777766,0.8348,0.1208,0.8844,0.5491,0.381,0.16810000000000003,0.4071,0.0841,0.7414,1.6469,1.2697222222222222,0.37717777777777783,1.6766,0.1886,1.018,0.4691,0.4623055555555556,0.006794444444444436,0.4321,0.0034,0.9211,0.7828,0.7495888888888889,0.03321111111111119,0.7987,0.0166,1.0203,1.6758,1.103,0.5728,1.2694,0.2864,0.7575,0.4773,0.41657777777777777,0.06072222222222223,0.4462,0.0304,0.9348
Brandon Williams,1630314,DAL,PG,9.332,2.367,2.737,0.748,0.224,1.326,0.4542,0.793,0.806,0.4127,2.737,0.224,0.748,0.806,raw_delquant_flat_file,14.2003,9.4712,4.729100000000001,11.6966,2.3646,0.8237,5.0968,3.9284,1.1684,2.9512,0.5842,0.579,3.2608,2.088,1.1728,3.3234,0.5864,1.0192,0.9439,0.6827500000000001,0.2611499999999999,0.8786,0.1306,0.9308,0.5491,0.4574,0.09170000000000006,0.2699,0.0459,0.4915,1.6469,1.1912,0.4557,1.5539,0.2279,0.9435,0.4691,0.463675,0.005425000000000013,0.4569,0.0027,0.974,0.7828,0.755695,0.027105000000000046,0.8066,0.0136,1.0304,1.6758,0.893,0.7827999999999999,1.1974,0.3914,0.7145,0.4773,0.41499499999999995,0.062305000000000055,0.4439,0.0312,0.93
Jaylon Tyson,1642281,CLE,SG,9.102,3.323,2.058,0.694,0.263,1.185,0.4599,0.7685,1.228,0.4266,2.058,0.263,0.694,1.228,raw_delquant_flat_file,14.2003,9.614411764705881,4.585888235294119,11.3949,2.2929,0.8024,5.0968,3.805411764705883,1.291388235294117,3.9687,0.6457,0.7787,3.2608,2.4610588235294117,0.7997411764705884,2.4579,0.3999,0.7538,0.9439,0.7529411764705882,0.19095882352941174,0.7895,0.0955,0.8364,0.5491,0.4275294117647059,0.12157058823529415,0.3238,0.0608,0.5897,1.6469,1.1886470588235294,0.45825294117647064,1.4141,0.2291,0.8586,0.4691,0.4603,0.00880000000000003,0.4643,0.0044,0.9898,0.7828,0.773,0.009800000000000031,0.7734,0.0049,0.988,1.6758,1.1414705882352942,0.5343294117647057,1.4952,0.2672,0.8922,0.4773,0.4022529411764706,0.07504705882352941,0.4641,0.0375,0.9723
Jaylin Williams,1631119,OKC,SF,6.963,4.755,1.857,0.544,0.555,0.907,0.4457,0.7475,1.043,0.3889,1.857,0.555,0.544,1.043,raw_delquant_flat_file,14.2003,10.152375,4.047925000000001,8.987,2.024,0.6329,5.0968,3.7781875,1.3186125,5.4143,0.6593,1.0623,3.2608,2.4305,0.8303000000000003,2.2722,0.4152,0.6968,0.9439,0.8349375,0.10896249999999996,0.5985,0.0545,0.6341,0.5491,0.4696875,0.07941250000000005,0.5947,0.0397,1.083,1.6469,1.19125,0.4556500000000001,1.1348,0.2278,0.6891,0.4691,0.4647125,0.004387500000000044,0.4479,0.0022,0.9548,0.7828,0.774775,0.00802500000000006,0.7515,0.004,0.96,1.6758,1.0983749999999999,0.5774250000000001,1.3317,0.2887,0.7947,0.4773,0.421575,0.055725000000000025,0.4168,0.0279,0.8732
Jay Huff,1630643,IND,C,7.36,4.242,1.022,0.423,1.138,0.827,0.5129,0.73,0.759,0.3433,1.022,1.138,0.423,0.759,raw_delquant_flat_file,14.2003,9.299555555555555,4.900744444444445,9.8104,2.4504,0.6909,5.0968,3.769944444444444,1.326855555555556,4.9054,0.6634,0.9624,3.2608,2.2429444444444444,1.0178555555555557,1.5309,0.5089,0.4695,0.9439,0.6926111111111112,0.2512888888888888,0.5486,0.1256,0.5812,0.5491,0.4008333333333333,0.1482666666666667,1.2121,0.0741,2.2074,1.6469,1.1437777777777778,0.5031222222222222,1.0786,0.2516,0.6549,0.4691,0.4635222222222223,0.005577777777777737,0.5157,0.0028,1.0993,0.7828,0.7666499999999999,0.01615000000000011,0.7381,0.0081,0.9429,1.6758,0.973388888888889,0.702411111111111,1.1102,0.3512,0.6625,0.4773,0.41789444444444446,0.059405555555555545,0.373,0.0297,0.7815
Cam Spencer,1642285,MEM,PG,8.648,2.317,3.256,0.689,0.175,1.063,0.4456,0.87,1.324,0.4127,3.256,0.175,0.689,1.324,raw_delquant_flat_file,14.2003,9.42378947368421,4.776510526315791,11.0363,2.3883,0.7772,5.0968,3.582263157894737,1.514536842105263,3.0743,0.7573,0.6032,3.2608,2.3693684210526316,0.8914315789473686,3.7017,0.4457,1.1352,0.9439,0.7777894736842105,0.1661105263157895,0.7721,0.0831,0.818,0.5491,0.3871578947368421,0.16194210526315794,0.256,0.081,0.4662,1.6469,1.2790526315789474,0.3678473684210526,1.2469,0.1839,0.7571,0.4691,0.452621052631579,0.016478947368421037,0.4538,0.0082,0.9674,0.7828,0.7797315789473684,0.003068421052631609,0.8715,0.0015,1.1133,1.6758,1.0590526315789475,0.6167473684210525,1.6324,0.3084,0.9741,0.4773,0.410321052631579,0.06697894736842103,0.4462,0.0335,0.9348
Micah Potter,1630695,IND,C,7.345,5.324,1.122,0.466,0.648,0.942,0.5207,0.7444,0.714,0.3433,1.122,0.648,0.466,0.714,raw_delquant_flat_file,14.2003,9.299555555555555,4.900744444444445,9.7954,2.4504,0.6898,5.0968,3.769944444444444,1.326855555555556,5.9874,0.6634,1.1747,3.2608,2.2429444444444444,1.0178555555555557,1.6309,0.5089,0.5002,0.9439,0.6926111111111112,0.2512888888888888,0.5916,0.1256,0.6268,0.5491,0.4008333333333333,0.1482666666666667,0.7221,0.0741,1.3151,1.6469,1.1437777777777778,0.5031222222222222,1.1936,0.2516,0.7248,0.4691,0.4635222222222223,0.005577777777777737,0.5235,0.0028,1.116,0.7828,0.7666499999999999,0.01615000000000011,0.7525,0.0081,0.9613,1.6758,0.973388888888889,0.702411111111111,1.0652,0.3512,0.6356,0.4773,0.41789444444444446,0.059405555555555545,0.373,0.0297,0.7815
Matisse Thybulle,1629680,POR,SG,7.383,2.491,1.84,1.473,0.418,1.001,0.4375,0.767,1.23,0.4089,1.84,0.418,1.473,1.23,raw_delquant_flat_file,14.2003,9.020555555555555,5.179744444444445,9.9729,2.5899,0.7023,5.0968,3.5888333333333335,1.5079666666666665,3.245,0.754,0.6367,3.2608,2.1012222222222223,1.1595777777777778,2.4198,0.5798,0.7421,0.9439,0.7107777777777778,0.23312222222222212,1.5896,0.1166,1.6841,0.5491,0.4397777777777778,0.10932222222222221,0.4727,0.0547,0.8609,1.6469,1.2561666666666667,0.3907333333333334,1.1964,0.1954,0.7265,0.4691,0.4412666666666667,0.02783333333333332,0.4514,0.0139,0.9623,0.7828,0.7468,0.03600000000000003,0.785,0.018,1.0028,1.6758,1.005111111111111,0.6706888888888889,1.5653,0.3353,0.9341,0.4773,0.43099444444444446,0.046305555555555544,0.4321,0.0232,0.9053
Sandro Mamukelashvili,1630572,TOR,PF,8.39,4.203,1.369,0.602,0.434,0.794,0.4945,0.7349,0.945,0.3915,1.369,0.434,0.602,0.945,raw_delquant_flat_file,14.2003,9.236749999999999,4.9635500000000015,10.8718,2.4818,0.7656,5.0968,3.6478125,1.4489874999999999,4.9275,0.7245,0.9668,3.2608,2.18275,1.0780500000000002,1.908,0.539,0.5851,0.9439,0.678875,0.26502499999999996,0.7345,0.1325,0.7782,0.5491,0.401625,0.14747500000000002,0.5077,0.0737,0.9246,1.6469,1.1529375,0.4939625000000001,1.041,0.247,0.6321,0.4691,0.4618875,0.007212500000000011,0.4981,0.0036,1.0618,0.7828,0.7451625,0.0376375000000001,0.7537,0.0188,0.9628,1.6758,0.855875,0.8199249999999999,1.355,0.41,0.8086,0.4773,0.43621875,0.041081250000000014,0.412,0.0205,0.8632
Isaiah Jackson,1630543,LAC,SF,7.454,4.575,1.087,0.644,0.741,0.951,0.5436,0.6959,0.346,0.3971,1.087,0.741,0.644,0.346,raw_delquant_flat_file,14.2003,9.250625,4.949675000000001,9.9288,2.4748,0.6992,5.0968,3.37875,1.7180499999999999,5.434,0.859,1.0662,3.2608,2.192375,1.068425,1.6212,0.5342,0.4972,0.9439,0.7555000000000001,0.1883999999999999,0.7382,0.0942,0.7821,0.5491,0.41118750000000004,0.1379125,0.81,0.069,1.4751,1.6469,1.1773125,0.46958750000000005,1.1858,0.2348,0.72,0.4691,0.45813125,0.010968750000000027,0.5491,0.0055,1.1705,0.7828,0.77625,0.006550000000000056,0.6992,0.0033,0.8932,1.6758,1.0209375,0.6548624999999999,0.6734,0.3274,0.4018,0.4773,0.4134875,0.0638125,0.429,0.0319,0.8988
Caleb Love,1631126,POR,PG,9.417,2.565,2.546,0.707,0.189,1.262,0.4129,0.7731,1.423,0.4149,2.546,0.189,0.707,1.423,raw_delquant_flat_file,14.2003,9.020555555555555,5.179744444444445,12.0069,2.5899,0.8455,5.0968,3.5888333333333335,1.5079666666666665,3.319,0.754,0.6512,3.2608,2.1012222222222223,1.1595777777777778,3.1258,0.5798,0.9586,0.9439,0.7107777777777778,0.23312222222222212,0.8236,0.1166,0.8726,0.5491,0.4397777777777778,0.10932222222222221,0.2437,0.0547,0.4438,1.6469,1.2561666666666667,0.3907333333333334,1.4574,0.1954,0.8849,0.4691,0.4412666666666667,0.02783333333333332,0.4268,0.0139,0.9098,0.7828,0.7468,0.03600000000000003,0.7911,0.018,1.0106,1.6758,1.005111111111111,0.6706888888888889,1.7583,0.3353,1.0492,0.4773,0.43099444444444446,0.046305555555555544,0.4381,0.0232,0.9179
Tristan da Silva,1641783,ORL,SF,8.594,3.883,1.443,0.686,0.384,0.914,0.4501,0.7895,1.082,0.3971,1.443,0.384,0.686,1.082,raw_delquant_flat_file,14.2003,9.959933333333334,4.240366666666667,10.7142,2.1202,0.7545,5.0968,3.8836,1.2132,4.4896,0.6066,0.8809,3.2608,2.1512666666666664,1.1095333333333337,1.9978,0.5548,0.6127,0.9439,0.7268000000000001,0.21709999999999985,0.7946,0.1086,0.8418,0.5491,0.4478,0.10130000000000006,0.4346,0.0506,0.7915,1.6469,1.2436666666666667,0.40323333333333333,1.1156,0.2016,0.6774,0.4691,0.45659333333333335,0.012506666666666666,0.4564,0.0063,0.9729,0.7828,0.7623666666666666,0.020433333333333414,0.7997,0.0102,1.0216,1.6758,0.9354666666666667,0.7403333333333333,1.4522,0.3702,0.8666,0.4773,0.43374666666666667,0.04355333333333333,0.4189,0.0218,0.8776
Will Riley,1642860,WAS,SF,9.126,3.57,1.581,0.689,0.336,1.143,0.4478,0.7636,0.922,0.4025,1.581,0.336,0.689,0.922,raw_delquant_flat_file,14.2003,10.083470588235295,4.116829411764705,11.1844,2.0584,0.7876,5.0968,3.858882352941176,1.2379176470588238,4.189,0.619,0.8219,3.2608,2.2964117647058826,0.9643882352941175,2.0632,0.4822,0.6327,0.9439,0.7468823529411764,0.19701764705882352,0.7875,0.0985,0.8343,0.5491,0.4805294117647059,0.0685705882352941,0.3703,0.0343,0.6744,1.6469,1.3768235294117646,0.2700764705882355,1.278,0.135,0.776,0.4691,0.4529117647058824,0.016188235294117614,0.4559,0.0081,0.9719,0.7828,0.7613705882352941,0.02142941176470592,0.7743,0.0107,0.9891,1.6758,1.0793529411764706,0.5964470588235293,1.2202,0.2982,0.7281,0.4773,0.42597058823529416,0.051329411764705846,0.4282,0.0257,0.8971
Jamal Shead,1642347,TOR,PG,7.682,2.104,3.84,0.834,0.196,1.36,0.4076,0.7812,1.016,0.4266,3.84,0.196,0.834,1.016,raw_delquant_flat_file,14.2003,9.236749999999999,4.9635500000000015,10.1638,2.4818,0.7157,5.0968,3.6478125,1.4489874999999999,2.8285,0.7245,0.555,3.2608,2.18275,1.0780500000000002,4.379,0.539,1.3429,0.9439,0.678875,0.26502499999999996,0.9665,0.1325,1.0239,0.5491,0.401625,0.14747500000000002,0.2697,0.0737,0.4912,1.6469,1.1529375,0.4939625000000001,1.607,0.247,0.9758,0.4691,0.4618875,0.007212500000000011,0.4112,0.0036,0.8766,0.7828,0.7451625,0.0376375000000001,0.8,0.0188,1.022,1.6758,0.855875,0.8199249999999999,1.426,0.41,0.8509,0.4773,0.43621875,0.041081250000000014,0.4471,0.0205,0.9367
Bogdan Bogdanović,203992,LAC,PG,9.162,2.645,2.578,0.708,0.191,1.216,0.4169,0.8339,1.52,0.3816,2.578,0.191,0.708,1.52,raw_delquant_flat_file,14.2003,9.250625,4.949675000000001,11.6368,2.4748,0.8195,5.0968,3.37875,1.7180499999999999,3.504,0.859,0.6875,3.2608,2.192375,1.068425,3.1122,0.5342,0.9544,0.9439,0.7555000000000001,0.1883999999999999,0.8022,0.0942,0.8499,0.5491,0.41118750000000004,0.1379125,0.26,0.069,0.4735,1.6469,1.1773125,0.46958750000000005,1.4508,0.2348,0.8809,0.4691,0.45813125,0.010968750000000027,0.4224,0.0055,0.9004,0.7828,0.77625,0.006550000000000056,0.8372,0.0033,1.0695,1.6758,1.0209375,0.6548624999999999,1.8474,0.3274,1.1024,0.4773,0.4134875,0.0638125,0.4135,0.0319,0.8663
Nolan Traore,1642849,BKN,PG,8.671,2.323,3.092,0.775,0.338,1.785,0.4036,0.7815,1.081,0.4233,3.092,0.338,0.775,1.081,raw_delquant_flat_file,14.2003,8.809833333333334,5.390466666666667,11.3662,2.6952,0.8004,5.0968,3.629055555555555,1.467744444444445,3.0569,0.7339,0.5998,3.2608,1.9996111111111112,1.261188888888889,3.7226,0.6306,1.1416,0.9439,0.7076666666666667,0.2362333333333333,0.8931,0.1181,0.9462,0.5491,0.4147222222222222,0.13437777777777782,0.4052,0.0672,0.7379,1.6469,1.1893333333333334,0.4575666666666667,2.0138,0.2288,1.2228,0.4691,0.4530777777777778,0.016022222222222215,0.4116,0.008,0.8774,0.7828,0.7681388888888888,0.014661111111111236,0.7888,0.0073,1.0077,1.6758,1.0036111111111112,0.6721888888888887,1.4171,0.3361,0.8456,0.4773,0.41187222222222225,0.06542777777777775,0.456,0.0327,0.9554
Killian Hayes,1630165,SAC,PG,7.505,2.632,3.245,0.845,0.274,1.237,0.3994,0.8002,0.89,0.4149,3.245,0.274,0.845,0.89,raw_delquant_flat_file,14.2003,11.1313125,3.0689875000000004,9.0395,1.5345,0.6366,5.0968,4.452625,0.6441749999999997,2.9541,0.3221,0.5796,3.2608,2.650875,0.609925,3.55,0.305,1.0887,0.9439,0.7828125,0.16108749999999994,0.9255,0.0805,0.9805,0.5491,0.4605,0.08860000000000001,0.3183,0.0443,0.5797,1.6469,1.4098125,0.23708750000000012,1.3555,0.1185,0.8231,0.4691,0.4689375,0.00016250000000000986,0.3995,0.0001,0.8516,0.7828,0.76156875,0.021231250000000035,0.8108,0.0106,1.0358,1.6758,1.0809374999999999,0.5948625000000001,1.1874,0.2974,0.7086,0.4773,0.41033125,0.06696875000000002,0.4484,0.0335,0.9395
Corey Kispert,1630557,ATL,SF,9.983,3.301,1.577,0.468,0.292,0.978,0.4686,0.7727,1.42,0.385,1.577,0.292,0.468,1.42,raw_delquant_flat_file,14.2003,9.143944444444445,5.056355555555555,12.5112,2.5282,0.8811,5.0968,3.657666666666666,1.4391333333333338,4.0206,0.7196,0.7888,3.2608,2.035888888888889,1.224911111111111,2.1895,0.6125,0.6715,0.9439,0.709111111111111,0.23478888888888894,0.5854,0.1174,0.6202,0.5491,0.4205,0.12860000000000005,0.3563,0.0643,0.6489,1.6469,1.1113888888888888,0.5355111111111113,1.2458,0.2678,0.7565,0.4691,0.4601722222222222,0.008927777777777812,0.4731,0.0045,1.0085,0.7828,0.7444944444444445,0.03830555555555559,0.7919,0.0192,1.0116,1.6758,1.0002222222222223,0.6755777777777776,1.7578,0.3378,1.0489,0.4773,0.4212388888888889,0.05606111111111112,0.413,0.028,0.8653
Taylor Hendricks,1641707,MEM,SF,7.891,4.241,1.064,0.738,0.568,0.9,0.461,0.7182,0.958,0.408,1.064,0.568,0.738,0.958,raw_delquant_flat_file,14.2003,9.42378947368421,4.776510526315791,10.2793,2.3883,0.7239,5.0968,3.582263157894737,1.514536842105263,4.9983,0.7573,0.9807,3.2608,2.3693684210526316,0.8914315789473686,1.5097,0.4457,0.463,0.9439,0.7777894736842105,0.1661105263157895,0.8211,0.0831,0.8699,0.5491,0.3871578947368421,0.16194210526315794,0.649,0.081,1.1819,1.6469,1.2790526315789474,0.3678473684210526,1.0839,0.1839,0.6581,0.4691,0.452621052631579,0.016478947368421037,0.4692,0.0082,1.0002,0.7828,0.7797315789473684,0.003068421052631609,0.7197,0.0015,0.9194,1.6758,1.0590526315789475,0.6167473684210525,1.2664,0.3084,0.7557,0.4773,0.410321052631579,0.06697894736842103,0.4415,0.0335,0.925
John Poulakidas,1642967,DAL,PG,8.992,2.674,2.253,0.761,0.275,1.102,0.4368,0.7972,1.38,0.4266,2.253,0.275,0.761,1.38,raw_delquant_flat_file,14.2003,9.4712,4.729100000000001,11.3566,2.3646,0.7997,5.0968,3.9284,1.1684,3.2582,0.5842,0.6393,3.2608,2.088,1.1728,2.8394,0.5864,0.8708,0.9439,0.6827500000000001,0.2611499999999999,0.8916,0.1306,0.9446,0.5491,0.4574,0.09170000000000006,0.3209,0.0459,0.5844,1.6469,1.1912,0.4557,1.3298,0.2278,0.8075,0.4691,0.463675,0.005425000000000013,0.4395,0.0027,0.9369,0.7828,0.755695,0.027105000000000046,0.8108,0.0136,1.0358,1.6758,0.893,0.7827999999999999,1.7714,0.3914,1.057,0.4773,0.41499499999999995,0.062305000000000055,0.4578,0.0312,0.9591
Jonas Valančiūnas,202685,DEN,C,7.645,5.378,1.261,0.301,0.571,1.034,0.5567,0.7716,0.144,0.3241,1.261,0.571,0.301,0.144,raw_delquant_flat_file,14.2003,9.484444444444444,4.715855555555557,10.0029,2.3579,0.7044,5.0968,3.5435,1.5533000000000001,6.1546,0.7766,1.2075,3.2608,2.3794444444444443,0.8813555555555559,1.7017,0.4407,0.5219,0.9439,0.6557777777777778,0.28812222222222217,0.4451,0.1441,0.4716,0.5491,0.35344444444444445,0.19565555555555558,0.6688,0.0978,1.218,1.6469,1.0929444444444443,0.5539555555555558,1.311,0.277,0.796,0.4691,0.4566777777777778,0.012422222222222223,0.5629,0.0062,1.2,0.7828,0.7742055555555556,0.00859444444444446,0.7759,0.0043,0.9912,1.6758,1.0026111111111111,0.6731888888888888,0.4806,0.3366,0.2868,0.4773,0.41878333333333334,0.05851666666666666,0.3534,0.0293,0.7404
Walter Clayton Jr.,1642383,MEM,PG,8.395,2.396,3.189,0.726,0.262,1.453,0.4141,0.8397,1.089,0.4266,3.189,0.262,0.726,1.089,raw_delquant_flat_file,14.2003,9.42378947368421,4.776510526315791,10.7833,2.3883,0.7594,5.0968,3.582263157894737,1.514536842105263,3.1533,0.7573,0.6187,3.2608,2.3693684210526316,0.8914315789473686,3.6347,0.4457,1.1147,0.9439,0.7777894736842105,0.1661105263157895,0.8091,0.0831,0.8572,0.5491,0.3871578947368421,0.16194210526315794,0.343,0.081,0.6247,1.6469,1.2790526315789474,0.3678473684210526,1.6369,0.1839,0.9939,0.4691,0.452621052631579,0.016478947368421037,0.4223,0.0082,0.9002,0.7828,0.7797315789473684,0.003068421052631609,0.8412,0.0015,1.0746,1.6758,1.0590526315789475,0.6167473684210525,1.3974,0.3084,0.8339,0.4773,0.410321052631579,0.06697894736842103,0.4601,0.0335,0.964
Jahmai Mashack,1642942,MEM,PG,8.173,2.727,2.46,0.939,0.325,1.384,0.4256,0.7318,0.978,0.4266,2.46,0.325,0.939,0.978,raw_delquant_flat_file,14.2003,9.42378947368421,4.776510526315791,10.5613,2.3883,0.7437,5.0968,3.582263157894737,1.514536842105263,3.4843,0.7573,0.6836,3.2608,2.3693684210526316,0.8914315789473686,2.9057,0.4457,0.8911,0.9439,0.7777894736842105,0.1661105263157895,1.0221,0.0831,1.0828,0.5491,0.3871578947368421,0.16194210526315794,0.406,0.081,0.7394,1.6469,1.2790526315789474,0.3678473684210526,1.5679,0.1839,0.952,0.4691,0.452621052631579,0.016478947368421037,0.4338,0.0082,0.9247,0.7828,0.7797315789473684,0.003068421052631609,0.7333,0.0015,0.9368,1.6758,1.0590526315789475,0.6167473684210525,1.2864,0.3084,0.7676,0.4773,0.410321052631579,0.06697894736842103,0.4601,0.0335,0.964
Luke Kennard,1628379,LAL,PG,8.904,2.557,2.682,0.734,0.129,1.069,0.4678,0.8531,1.544,0.4089,2.682,0.129,0.734,1.544,raw_delquant_flat_file,14.2003,9.564941176470587,4.635358823529414,11.2217,2.3177,0.7902,5.0968,3.6745882352941175,1.4222117647058825,3.2681,0.7111,0.6412,3.2608,2.2321764705882354,1.0286235294117647,3.1963,0.5143,0.9802,0.9439,0.6849411764705883,0.2589588235294117,0.8635,0.1295,0.9148,0.5491,0.36511764705882355,0.18398235294117649,0.221,0.092,0.4025,1.6469,1.2188823529411765,0.4280176470588235,1.283,0.214,0.779,0.4691,0.46496470588235295,0.00413529411764707,0.4699,0.0021,1.0017,0.7828,0.744035294117647,0.038764705882353034,0.8725,0.0194,1.1146,1.6758,0.9627058823529412,0.7130941176470588,1.9005,0.3565,1.1341,0.4773,0.43051764705882356,0.04678235294117644,0.4323,0.0234,0.9057
Ryan Nembhard,1642948,DAL,PG,7.92,2.502,3.686,0.635,0.158,1.33,0.4283,0.7914,0.971,0.4266,3.686,0.158,0.635,0.971,raw_delquant_flat_file,14.2003,9.4712,4.729100000000001,10.2846,2.3646,0.7243,5.0968,3.9284,1.1684,3.0862,0.5842,0.6055,3.2608,2.088,1.1728,4.2724,0.5864,1.3102,0.9439,0.6827500000000001,0.2611499999999999,0.7656,0.1306,0.8111,0.5491,0.4574,0.09170000000000006,0.2039,0.0459,0.3713,1.6469,1.1912,0.4557,1.5579,0.2279,0.946,0.4691,0.463675,0.005425000000000013,0.431,0.0027,0.9188,0.7828,0.755695,0.027105000000000046,0.805,0.0136,1.0284,1.6758,0.893,0.7827999999999999,1.3624,0.3914,0.813,0.4773,0.41499499999999995,0.062305000000000055,0.4578,0.0312,0.9591
Patrick Williams,1630172,CHI,SF,8.236,3.79,1.474,0.713,0.493,1.117,0.4252,0.7289,1.101,0.3971,1.474,0.493,0.713,1.101,raw_delquant_flat_file,14.2003,8.785941176470587,5.4143588235294136,10.9432,2.7072,0.7706,5.0968,3.5295882352941175,1.5672117647058825,4.5736,0.7836,0.8973,3.2608,2.0900588235294117,1.1707411764705884,2.0594,0.5854,0.6316,0.9439,0.6158823529411765,0.3280176470588234,0.877,0.164,0.9291,0.5491,0.38964705882352946,0.15945294117647058,0.5727,0.0797,1.043,1.6469,1.1739411764705883,0.47295882352941176,1.3535,0.2365,0.8218,0.4691,0.4611058823529412,0.007994117647058818,0.4292,0.004,0.9149,0.7828,0.7538823529411764,0.028917647058823603,0.7434,0.0145,0.9497,1.6758,0.949,0.7268,1.4644,0.3634,0.8739,0.4773,0.4102058823529412,0.0670941176470588,0.4306,0.0335,0.9022
Pelle Larsson,1641796,MIA,PG,8.749,2.699,2.526,0.729,0.21,1.117,0.4572,0.7824,0.936,0.4158,2.526,0.21,0.729,0.936,raw_delquant_flat_file,14.2003,10.5542,3.6461000000000006,10.5721,1.8231,0.7445,5.0968,3.9381333333333335,1.1586666666666665,3.2783,0.5793,0.6432,3.2608,2.4346,0.8262,2.9391,0.4131,0.9013,0.9439,0.7641333333333333,0.17976666666666663,0.8189,0.0899,0.8676,0.5491,0.3908666666666667,0.15823333333333334,0.2891,0.0791,0.5265,1.6469,1.2644666666666666,0.3824333333333334,1.3082,0.1912,0.7943,0.4691,0.4581266666666667,0.010973333333333335,0.4627,0.0055,0.9864,0.7828,0.7705466666666667,0.012253333333333338,0.7885,0.0061,1.0073,1.6758,1.1222666666666667,0.5535333333333332,1.2128,0.2768,0.7237,0.4773,0.4400866666666667,0.03721333333333332,0.4344,0.0186,0.9101
Isaiah Joe,1630198,OKC,PG,9.684,2.553,1.88,0.717,0.194,0.854,0.4432,0.839,1.891,0.4127,1.88,0.194,0.717,1.891,raw_delquant_flat_file,14.2003,10.152375,4.047925000000001,11.708,2.024,0.8245,5.0968,3.7781875,1.3186125,3.2123,0.6593,0.6303,3.2608,2.4305,0.8303000000000003,2.2952,0.4152,0.7039,0.9439,0.8349375,0.10896249999999996,0.7715,0.0545,0.8174,0.5491,0.4696875,0.07941250000000005,0.2337,0.0397,0.4256,1.6469,1.19125,0.4556500000000001,1.0818,0.2278,0.6569,0.4691,0.4647125,0.004387500000000044,0.4454,0.0022,0.9495,0.7828,0.774775,0.00802500000000006,0.843,0.004,1.0769,1.6758,1.0983749999999999,0.5774250000000001,2.1797,0.2887,1.3007,0.4773,0.421575,0.055725000000000025,0.4406,0.0279,0.9231
Sam Merrill,1630241,CLE,PG,9.553,2.404,2.205,0.685,0.162,0.841,0.4358,0.8411,1.994,0.4089,2.205,0.162,0.685,1.994,raw_delquant_flat_file,14.2003,9.614411764705881,4.585888235294119,11.8459,2.2929,0.8342,5.0968,3.805411764705883,1.291388235294117,3.0497,0.6457,0.5984,3.2608,2.4610588235294117,0.7997411764705884,2.6049,0.3999,0.7989,0.9439,0.7529411764705882,0.19095882352941174,0.7805,0.0955,0.8269,0.5491,0.4275294117647059,0.12157058823529415,0.2228,0.0608,0.4058,1.6469,1.1886470588235294,0.45825294117647064,1.0701,0.2291,0.6498,0.4691,0.4603,0.00880000000000003,0.4402,0.0044,0.9384,0.7828,0.773,0.009800000000000031,0.846,0.0049,1.0807,1.6758,1.1414705882352942,0.5343294117647057,2.2612,0.2672,1.3493,0.4773,0.4022529411764706,0.07504705882352941,0.4464,0.0375,0.9353
Nikola Topić,1642260,OKC,PG,8.373,2.668,2.88,0.765,0.239,1.501,0.4324,0.7652,1.054,0.4367,2.88,0.239,0.765,1.054,raw_delquant_flat_file,14.2003,10.152375,4.047925000000001,10.397,2.024,0.7322,5.0968,3.7781875,1.3186125,3.3273,0.6593,0.6528,3.2608,2.4305,0.8303000000000003,3.2952,0.4152,1.0105,0.9439,0.8349375,0.10896249999999996,0.8195,0.0545,0.8682,0.5491,0.4696875,0.07941250000000005,0.2787,0.0397,0.5076,1.6469,1.19125,0.4556500000000001,1.7288,0.2278,1.0497,0.4691,0.4647125,0.004387500000000044,0.4346,0.0022,0.9265,0.7828,0.774775,0.00802500000000006,0.7692,0.004,0.9826,1.6758,1.0983749999999999,0.5774250000000001,1.3427,0.2887,0.8012,0.4773,0.421575,0.055725000000000025,0.4646,0.0279,0.9734
Kentavious Caldwell-Pope,203484,MEM,PG,8.303,2.357,2.481,0.935,0.269,1.074,0.4274,0.86,1.17,0.3816,2.481,0.269,0.935,1.17,raw_delquant_flat_file,14.2003,9.42378947368421,4.776510526315791,10.6913,2.3883,0.7529,5.0968,3.582263157894737,1.514536842105263,3.1143,0.7573,0.611,3.2608,2.3693684210526316,0.8914315789473686,2.9267,0.4457,0.8975,0.9439,0.7777894736842105,0.1661105263157895,1.0181,0.0831,1.0786,0.5491,0.3871578947368421,0.16194210526315794,0.35,0.081,0.6374,1.6469,1.2790526315789474,0.3678473684210526,1.2579,0.1839,0.7638,0.4691,0.452621052631579,0.016478947368421037,0.4356,0.0082,0.9286,0.7828,0.7797315789473684,0.003068421052631609,0.8615,0.0015,1.1005,1.6758,1.0590526315789475,0.6167473684210525,1.4784,0.3084,0.8822,0.4773,0.410321052631579,0.06697894736842103,0.4151,0.0335,0.8697
Taurean Prince,1627752,MIL,SF,8.488,3.61,1.739,0.705,0.304,1.075,0.452,0.7816,1.58,0.3744,1.739,0.304,0.705,1.58,raw_delquant_flat_file,14.2003,9.940999999999999,4.259300000000001,10.6177,2.1297,0.7477,5.0968,3.714555555555555,1.3822444444444448,4.3011,0.6911,0.8439,3.2608,2.2494444444444444,1.0113555555555558,2.2447,0.5057,0.6884,0.9439,0.7022222222222223,0.24167777777777766,0.8258,0.1208,0.8749,0.5491,0.381,0.16810000000000003,0.388,0.084,0.7066,1.6469,1.2697222222222222,0.37717777777777783,1.2636,0.1886,0.7673,0.4691,0.4623055555555556,0.006794444444444436,0.4554,0.0034,0.9708,0.7828,0.7495888888888889,0.03321111111111119,0.7982,0.0166,1.0197,1.6758,1.103,0.5728,1.8664,0.2864,1.1137,0.4773,0.41657777777777777,0.06072222222222223,0.4048,0.0304,0.8481
Jalen Slawson,1641771,IND,SF,7.504,3.911,1.481,0.773,0.533,0.964,0.4692,0.7235,0.82,0.3915,1.481,0.533,0.773,0.82,raw_delquant_flat_file,14.2003,9.299555555555555,4.900744444444445,9.9544,2.4504,0.701,5.0968,3.769944444444444,1.326855555555556,4.5744,0.6634,0.8975,3.2608,2.2429444444444444,1.0178555555555557,1.9899,0.5089,0.6102,0.9439,0.6926111111111112,0.2512888888888888,0.8986,0.1256,0.952,0.5491,0.4008333333333333,0.1482666666666667,0.6071,0.0741,1.1056,1.6469,1.1437777777777778,0.5031222222222222,1.2156,0.2516,0.7381,0.4691,0.4635222222222223,0.005577777777777737,0.472,0.0028,1.0062,0.7828,0.7666499999999999,0.01615000000000011,0.7316,0.0081,0.9346,1.6758,0.973388888888889,0.702411111111111,1.1712,0.3512,0.6989,0.4773,0.41789444444444446,0.059405555555555545,0.4212,0.0297,0.8825
DeAndre Jordan,201599,NOP,C,5.658,5.943,1.193,0.408,0.818,0.915,0.5358,0.606,0.193,0.3842,1.193,0.818,0.408,0.193,raw_delquant_flat_file,14.2003,10.4724,3.7279,7.522,1.864,0.5297,5.0968,4.337199999999999,0.7596000000000007,6.3228,0.3798,1.2405,3.2608,2.329333333333333,0.9314666666666671,1.6587,0.4657,0.5087,0.9439,0.7901333333333334,0.1537666666666666,0.4849,0.0769,0.5137,0.5491,0.5034666666666666,0.045633333333333415,0.8408,0.0228,1.5312,1.6469,1.3388,0.30810000000000004,1.069,0.154,0.6491,0.4691,0.4649933333333333,0.004106666666666703,0.5379,0.0021,1.1467,0.7828,0.7565666666666666,0.026233333333333442,0.6191,0.0131,0.7909,1.6758,0.9537333333333333,0.7220666666666666,0.554,0.361,0.3306,0.4773,0.4297066666666666,0.047593333333333376,0.408,0.0238,0.8548
Cam Whitmore,1641715,WAS,SF,9.123,3.622,1.004,0.67,0.44,0.968,0.4565,0.7222,0.931,0.4089,1.004,0.44,0.67,0.931,raw_delquant_flat_file,14.2003,10.083470588235295,4.116829411764705,11.1814,2.0584,0.7874,5.0968,3.858882352941176,1.2379176470588238,4.241,0.619,0.8321,3.2608,2.2964117647058826,0.9643882352941175,1.4862,0.4822,0.4558,0.9439,0.7468823529411764,0.19701764705882352,0.7685,0.0985,0.8142,0.5491,0.4805294117647059,0.0685705882352941,0.4743,0.0343,0.8638,1.6469,1.3768235294117646,0.2700764705882355,1.103,0.135,0.6697,0.4691,0.4529117647058824,0.016188235294117614,0.4646,0.0081,0.9904,0.7828,0.7613705882352941,0.02142941176470592,0.7329,0.0107,0.9363,1.6758,1.0793529411764706,0.5964470588235293,1.2292,0.2982,0.7335,0.4773,0.42597058823529416,0.051329411764705846,0.4346,0.0257,0.9105
Sam Hauser,1630573,BOS,SF,8.753,3.857,1.251,0.556,0.337,0.624,0.4468,0.7656,1.849,0.3784,1.251,0.337,0.556,1.849,raw_delquant_flat_file,14.2003,10.554846153846153,3.6454538461538473,10.5757,1.8227,0.7448,5.0968,4.29,0.8068,4.2604,0.4034,0.8359,3.2608,2.3656923076923078,0.8951076923076924,1.6986,0.4476,0.5209,0.9439,0.6874615384615385,0.2564384615384615,0.6842,0.1282,0.7249,0.5491,0.4480769230769231,0.10102307692307694,0.3875,0.0505,0.7057,1.6469,1.1839230769230769,0.4629769230769232,0.8555,0.2315,0.5195,0.4691,0.4659153846153846,0.003184615384615397,0.4484,0.0016,0.9559,0.7828,0.764453846153846,0.018346153846154012,0.7748,0.0092,0.9898,1.6758,1.2137692307692307,0.46203076923076924,2.08,0.231,1.2412,0.4773,0.4291384615384616,0.04816153846153842,0.4025,0.0241,0.8433
Jared McCain,1642272,OKC,PG,9.855,2.426,2.163,0.672,0.15,1.196,0.4384,0.8233,1.417,0.4259,2.163,0.15,0.672,1.417,raw_delquant_flat_file,14.2003,10.152375,4.047925000000001,11.879,2.024,0.8365,5.0968,3.7781875,1.3186125,3.0853,0.6593,0.6053,3.2608,2.4305,0.8303000000000003,2.5782,0.4152,0.7907,0.9439,0.8349375,0.10896249999999996,0.7265,0.0545,0.7697,0.5491,0.4696875,0.07941250000000005,0.1897,0.0397,0.3455,1.6469,1.19125,0.4556500000000001,1.4238,0.2278,0.8645,0.4691,0.4647125,0.004387500000000044,0.4406,0.0022,0.9392,0.7828,0.774775,0.00802500000000006,0.8273,0.004,1.0568,1.6758,1.0983749999999999,0.5774250000000001,1.7057,0.2887,1.0178,0.4773,0.421575,0.055725000000000025,0.4538,0.0279,0.9508
Dru Smith,1630696,MIA,PG,7.303,2.57,2.375,1.162,0.284,1.065,0.4408,0.809,0.978,0.4089,2.375,0.284,1.162,0.978,raw_delquant_flat_file,14.2003,10.5542,3.6461000000000006,9.126,1.823,0.6427,5.0968,3.9381333333333335,1.1586666666666665,3.1493,0.5793,0.6179,3.2608,2.4346,0.8262,2.7881,0.4131,0.855,0.9439,0.7641333333333333,0.17976666666666663,1.2519,0.0899,1.3263,0.5491,0.3908666666666667,0.15823333333333334,0.3631,0.0791,0.6613,1.6469,1.2644666666666666,0.3824333333333334,1.2562,0.1912,0.7628,0.4691,0.4581266666666667,0.010973333333333335,0.4463,0.0055,0.9514,0.7828,0.7705466666666667,0.012253333333333338,0.8151,0.0061,1.0413,1.6758,1.1222666666666667,0.5535333333333332,1.2548,0.2768,0.7488,0.4773,0.4400866666666667,0.03721333333333332,0.4275,0.0186,0.8957
Oso Ighodaro,1642345,PHX,SF,6.699,4.416,1.573,0.695,0.565,1.0,0.5382,0.6101,0.319,0.3889,1.573,0.565,0.695,0.319,raw_delquant_flat_file,14.2003,8.88535294117647,5.314947058823531,9.3565,2.6575,0.6589,5.0968,3.3191764705882356,1.7776235294117644,5.3048,0.8888,1.0408,3.2608,1.9868235294117649,1.2739764705882353,2.21,0.637,0.6777,0.9439,0.6880588235294117,0.25584117647058824,0.8229,0.1279,0.8718,0.5491,0.34911764705882353,0.1999823529411765,0.665,0.1,1.2111,1.6469,1.0747058823529412,0.5721941176470589,1.2861,0.2861,0.7809,0.4691,0.4498411764705882,0.019258823529411828,0.5478,0.0096,1.1678,0.7828,0.7384588235294117,0.04434117647058833,0.6323,0.0222,0.8077,1.6758,1.0250588235294116,0.6507411764705884,0.6444,0.3254,0.3845,0.4773,0.41646470588235296,0.06083529411764704,0.4193,0.0304,0.8785
Ben Saraf,1642879,BKN,PG,8.316,2.524,2.848,0.826,0.239,1.682,0.4171,0.7982,0.83,0.4367,2.848,0.239,0.826,0.83,raw_delquant_flat_file,14.2003,8.809833333333334,5.390466666666667,11.0112,2.6952,0.7754,5.0968,3.629055555555555,1.467744444444445,3.2579,0.7339,0.6392,3.2608,1.9996111111111112,1.261188888888889,3.4786,0.6306,1.0668,0.9439,0.7076666666666667,0.2362333333333333,0.9441,0.1181,1.0002,0.5491,0.4147222222222222,0.13437777777777782,0.3062,0.0672,0.5576,1.6469,1.1893333333333334,0.4575666666666667,1.9108,0.2288,1.1602,0.4691,0.4530777777777778,0.016022222222222215,0.4251,0.008,0.9062,0.7828,0.7681388888888888,0.014661111111111236,0.8055,0.0073,1.029,1.6758,1.0036111111111112,0.6721888888888887,1.1661,0.3361,0.6958,0.4773,0.41187222222222225,0.06542777777777775,0.4694,0.0327,0.9834
Isaac Okoro,1630171,CHI,SG,8.298,3.369,1.427,0.685,0.457,0.79,0.4685,0.7358,0.941,0.392,1.427,0.457,0.685,0.941,raw_delquant_flat_file,14.2003,8.785941176470587,5.4143588235294136,11.0052,2.7072,0.775,5.0968,3.5295882352941175,1.5672117647058825,4.1526,0.7836,0.8147,3.2608,2.0900588235294117,1.1707411764705884,2.0124,0.5854,0.6171,0.9439,0.6158823529411765,0.3280176470588234,0.849,0.164,0.8995,0.5491,0.38964705882352946,0.15945294117647058,0.5367,0.0797,0.9774,1.6469,1.1739411764705883,0.47295882352941176,1.0265,0.2365,0.6233,0.4691,0.4611058823529412,0.007994117647058818,0.4725,0.004,1.0072,0.7828,0.7538823529411764,0.028917647058823603,0.7503,0.0145,0.9585,1.6758,0.949,0.7268,1.3044,0.3634,0.7784,0.4773,0.4102058823529412,0.0670941176470588,0.4255,0.0335,0.8915
Buddy Hield,1627741,ATL,PG,8.761,2.589,2.096,0.774,0.239,1.082,0.4281,0.8116,1.589,0.3816,2.096,0.239,0.774,1.589,raw_delquant_flat_file,14.2003,9.143944444444445,5.056355555555555,11.2892,2.5282,0.795,5.0968,3.657666666666666,1.4391333333333338,3.3086,0.7196,0.6492,3.2608,2.035888888888889,1.224911111111111,2.7085,0.6125,0.8306,0.9439,0.709111111111111,0.23478888888888894,0.8914,0.1174,0.9444,0.5491,0.4205,0.12860000000000005,0.3033,0.0643,0.5524,1.6469,1.1113888888888888,0.5355111111111113,1.3498,0.2678,0.8196,0.4691,0.4601722222222222,0.008927777777777812,0.4326,0.0045,0.9222,0.7828,0.7444944444444445,0.03830555555555559,0.8308,0.0192,1.0613,1.6758,1.0002222222222223,0.6755777777777776,1.9268,0.3378,1.1498,0.4773,0.4212388888888889,0.05606111111111112,0.4096,0.028,0.8582
Clint Capela,203991,HOU,C,5.825,5.678,0.82,0.455,0.818,0.737,0.5403,0.6065,0.041,0.3471,0.82,0.818,0.455,0.041,raw_delquant_flat_file,14.2003,8.824733333333334,5.375566666666666,8.5128,2.6878,0.5995,5.0968,4.1628,0.9340000000000002,6.145,0.467,1.2057,3.2608,1.8478666666666668,1.4129333333333334,1.5265,0.7065,0.4681,0.9439,0.6666000000000001,0.2772999999999999,0.5936,0.1386,0.6289,0.5491,0.48633333333333334,0.06276666666666669,0.8494,0.0314,1.5469,1.6469,1.1314666666666668,0.5154333333333332,0.9947,0.2577,0.604,0.4691,0.45740666666666663,0.011693333333333389,0.5461,0.0058,1.1641,0.7828,0.7326733333333333,0.050126666666666764,0.6316,0.0251,0.8068,1.6758,0.7818666666666666,0.8939333333333334,0.488,0.447,0.2912,0.4773,0.4135466666666667,0.06375333333333333,0.379,0.0319,0.794
Terance Mann,1629611,BKN,SG,8.071,2.899,2.416,0.711,0.214,1.011,0.4599,0.7902,0.988,0.4089,2.416,0.214,0.711,0.988,raw_delquant_flat_file,14.2003,8.809833333333334,5.390466666666667,10.7662,2.6952,0.7582,5.0968,3.629055555555555,1.467744444444445,3.6329,0.7339,0.7128,3.2608,1.9996111111111112,1.261188888888889,3.0466,0.6306,0.9343,0.9439,0.7076666666666667,0.2362333333333333,0.8291,0.1181,0.8784,0.5491,0.4147222222222222,0.13437777777777782,0.2812,0.0672,0.5121,1.6469,1.1893333333333334,0.4575666666666667,1.2398,0.2288,0.7528,0.4691,0.4530777777777778,0.016022222222222215,0.4679,0.008,0.9974,0.7828,0.7681388888888888,0.014661111111111236,0.7975,0.0073,1.0188,1.6758,1.0036111111111112,0.6721888888888887,1.3241,0.3361,0.7901,0.4773,0.41187222222222225,0.06542777777777775,0.4416,0.0327,0.9252
Mike Conley,201144,MIN,PG,7.039,2.195,3.429,0.822,0.205,0.968,0.4048,0.8687,1.337,0.3758,3.429,0.205,0.822,1.337,raw_delquant_flat_file,14.2003,9.3915,4.8088,9.4434,2.4044,0.665,5.0968,3.598375,1.4984250000000001,2.9442,0.7492,0.5777,3.2608,2.197875,1.0629250000000003,3.9605,0.5315,1.2146,0.9439,0.7104375,0.2334624999999999,0.9387,0.1167,0.9945,0.5491,0.429875,0.11922500000000003,0.2646,0.0596,0.4819,1.6469,1.16025,0.48665,1.2113,0.2433,0.7355,0.4691,0.4592625,0.009837499999999999,0.4097,0.0049,0.8734,0.7828,0.7549875,0.027812500000000018,0.8826,0.0139,1.1275,1.6758,1.0204374999999999,0.6553625000000001,1.6647,0.3277,0.9934,0.4773,0.42216875,0.05513125000000002,0.4034,0.0276,0.8452
Sharife Cooper,1630536,WAS,PG,8.555,2.497,2.74,0.657,0.211,1.344,0.4611,0.804,0.969,0.4149,2.74,0.211,0.657,0.969,raw_delquant_flat_file,14.2003,10.083470588235295,4.116829411764705,10.6134,2.0584,0.7474,5.0968,3.858882352941176,1.2379176470588238,3.116,0.619,0.6114,3.2608,2.2964117647058826,0.9643882352941175,3.2222,0.4822,0.9882,0.9439,0.7468823529411764,0.19701764705882352,0.7555,0.0985,0.8004,0.5491,0.4805294117647059,0.0685705882352941,0.2453,0.0343,0.4467,1.6469,1.3768235294117646,0.2700764705882355,1.479,0.135,0.8981,0.4691,0.4529117647058824,0.016188235294117614,0.4692,0.0081,1.0002,0.7828,0.7613705882352941,0.02142941176470592,0.8147,0.0107,1.0408,1.6758,1.0793529411764706,0.5964470588235293,1.2672,0.2982,0.7562,0.4773,0.42597058823529416,0.051329411764705846,0.4406,0.0257,0.9231
Ethan Thompson,1630679,IND,PG,8.377,2.517,2.371,0.75,0.266,1.113,0.4197,0.7963,1.176,0.4127,2.371,0.266,0.75,1.176,raw_delquant_flat_file,14.2003,9.299555555555555,4.900744444444445,10.8274,2.4504,0.7625,5.0968,3.769944444444444,1.326855555555556,3.1804,0.6634,0.624,3.2608,2.2429444444444444,1.0178555555555557,2.8799,0.5089,0.8832,0.9439,0.6926111111111112,0.2512888888888888,0.8756,0.1256,0.9276,0.5491,0.4008333333333333,0.1482666666666667,0.3401,0.0741,0.6194,1.6469,1.1437777777777778,0.5031222222222222,1.3646,0.2516,0.8286,0.4691,0.4635222222222223,0.005577777777777737,0.4225,0.0028,0.9007,0.7828,0.7666499999999999,0.01615000000000011,0.8044,0.0081,1.0276,1.6758,0.973388888888889,0.702411111111111,1.5272,0.3512,0.9113,0.4773,0.41789444444444446,0.059405555555555545,0.4424,0.0297,0.9269
Keon Ellis,1631165,CLE,PG,7.717,2.339,1.798,1.041,0.484,0.911,0.446,0.7858,1.272,0.4127,1.798,0.484,1.041,1.272,raw_delquant_flat_file,14.2003,9.614411764705881,4.585888235294119,10.0099,2.2929,0.7049,5.0968,3.805411764705883,1.291388235294117,2.9847,0.6457,0.5856,3.2608,2.4610588235294117,0.7997411764705884,2.1979,0.3999,0.674,0.9439,0.7529411764705882,0.19095882352941174,1.1365,0.0955,1.204,0.5491,0.4275294117647059,0.12157058823529415,0.5448,0.0608,0.9922,1.6469,1.1886470588235294,0.45825294117647064,1.1401,0.2291,0.6923,0.4691,0.4603,0.00880000000000003,0.4504,0.0044,0.9601,0.7828,0.773,0.009800000000000031,0.7907,0.0049,1.0101,1.6758,1.1414705882352942,0.5343294117647057,1.5392,0.2672,0.9185,0.4773,0.4022529411764706,0.07504705882352941,0.4502,0.0375,0.9432
Trendon Watford,1630570,PHI,SG,8.213,3.048,2.409,0.586,0.3,1.302,0.466,0.7833,0.704,0.4158,2.409,0.3,0.586,0.704,raw_delquant_flat_file,14.2003,9.916666666666666,4.283633333333334,10.3548,2.1418,0.7292,5.0968,3.947611111111111,1.1491888888888888,3.6226,0.5746,0.7108,3.2608,2.145888888888889,1.1149111111111112,2.9665,0.5575,0.9097,0.9439,0.7621666666666667,0.1817333333333333,0.6769,0.0909,0.7171,0.5491,0.4476111111111111,0.1014888888888889,0.3507,0.0507,0.6387,1.6469,1.2115,0.4354,1.5197,0.2177,0.9228,0.4691,0.4532722222222222,0.01582777777777783,0.4739,0.0079,1.0102,0.7828,0.7502888888888889,0.03251111111111116,0.7996,0.0163,1.0215,1.6758,0.9857777777777778,0.6900222222222222,1.049,0.345,0.626,0.4773,0.41952222222222224,0.05777777777777776,0.4447,0.0289,0.9317
Elijah Harkless,1641989,UTA,PG,7.787,2.471,2.444,0.914,0.23,1.081,0.408,0.775,1.029,0.4127,2.444,0.23,0.914,1.029,raw_delquant_flat_file,14.2003,11.249888888888888,2.950411111111112,9.2622,1.4752,0.6523,5.0968,4.457277777777778,0.6395222222222223,2.7908,0.3198,0.5476,3.2608,2.645388888888889,0.6154111111111114,2.7517,0.3077,0.8439,0.9439,0.8517222222222222,0.0921777777777778,0.9601,0.0461,1.0172,0.5491,0.4432222222222222,0.10587777777777785,0.2829,0.0529,0.5152,1.6469,1.4776666666666667,0.16923333333333335,1.1656,0.0846,0.7078,0.4691,0.45565000000000005,0.013449999999999962,0.4147,0.0067,0.884,0.7828,0.7633666666666667,0.019433333333333302,0.7847,0.0097,1.0024,1.6758,1.2035,0.47229999999999994,1.2651,0.2361,0.7549,0.4773,0.4321166666666667,0.0451833333333333,0.4353,0.0226,0.912
Ryan Dunn,1642346,PHX,SF,7.11,4.134,1.221,0.716,0.488,0.836,0.4531,0.6445,0.837,0.3889,1.221,0.488,0.716,0.837,raw_delquant_flat_file,14.2003,8.88535294117647,5.314947058823531,9.7675,2.6575,0.6878,5.0968,3.3191764705882356,1.7776235294117644,5.0228,0.8888,0.9855,3.2608,1.9868235294117649,1.2739764705882353,1.858,0.637,0.5698,0.9439,0.6880588235294117,0.25584117647058824,0.8439,0.1279,0.8941,0.5491,0.34911764705882353,0.1999823529411765,0.588,0.1,1.0708,1.6469,1.0747058823529412,0.5721941176470589,1.1221,0.2861,0.6813,0.4691,0.4498411764705882,0.019258823529411828,0.4627,0.0096,0.9864,0.7828,0.7384588235294117,0.04434117647058833,0.6667,0.0222,0.8517,1.6758,1.0250588235294116,0.6507411764705884,1.1624,0.3254,0.6936,0.4773,0.41646470588235296,0.06083529411764704,0.4193,0.0304,0.8785
Justin Edwards,1642348,PHI,SF,8.062,3.278,1.325,0.808,0.385,0.903,0.4586,0.7356,1.008,0.408,1.325,0.385,0.808,1.008,raw_delquant_flat_file,14.2003,9.916666666666666,4.283633333333334,10.2038,2.1418,0.7186,5.0968,3.947611111111111,1.1491888888888888,3.8526,0.5746,0.7559,3.2608,2.145888888888889,1.1149111111111112,1.8825,0.5575,0.5773,0.9439,0.7621666666666667,0.1817333333333333,0.8989,0.0909,0.9523,0.5491,0.4476111111111111,0.1014888888888889,0.4357,0.0507,0.7935,1.6469,1.2115,0.4354,1.1207,0.2177,0.6805,0.4691,0.4532722222222222,0.01582777777777783,0.4665,0.0079,0.9945,0.7828,0.7502888888888889,0.03251111111111116,0.7519,0.0163,0.9605,1.6758,0.9857777777777778,0.6900222222222222,1.353,0.345,0.8074,0.4773,0.41952222222222224,0.05777777777777776,0.4369,0.0289,0.9154
Ja'Kobe Walter,1642266,TOR,PG,8.31,2.751,1.816,0.864,0.228,0.958,0.4277,0.7889,1.248,0.4369,1.816,0.228,0.864,1.248,raw_delquant_flat_file,14.2003,9.236749999999999,4.9635500000000015,10.7918,2.4818,0.76,5.0968,3.6478125,1.4489874999999999,3.4755,0.7245,0.6819,3.2608,2.18275,1.0780500000000002,2.355,0.539,0.7222,0.9439,0.678875,0.26502499999999996,0.9965,0.1325,1.0557,0.5491,0.401625,0.14747500000000002,0.3017,0.0737,0.5494,1.6469,1.1529375,0.4939625000000001,1.205,0.247,0.7317,0.4691,0.4618875,0.007212500000000011,0.4313,0.0036,0.9194,0.7828,0.7451625,0.0376375000000001,0.8077,0.0188,1.0318,1.6758,0.855875,0.8199249999999999,1.658,0.41,0.9894,0.4773,0.43621875,0.041081250000000014,0.4574,0.0205,0.9583
Dean Wade,1629731,CLE,PF,6.889,4.256,1.325,0.683,0.41,0.613,0.4483,0.7282,1.121,0.3855,1.325,0.41,0.683,1.121,raw_delquant_flat_file,14.2003,9.614411764705881,4.585888235294119,9.1819,2.2929,0.6466,5.0968,3.805411764705883,1.291388235294117,4.9017,0.6457,0.9617,3.2608,2.4610588235294117,0.7997411764705884,1.7249,0.3999,0.529,0.9439,0.7529411764705882,0.19095882352941174,0.7785,0.0955,0.8248,0.5491,0.4275294117647059,0.12157058823529415,0.4708,0.0608,0.8574,1.6469,1.1886470588235294,0.45825294117647064,0.8421,0.2291,0.5113,0.4691,0.4603,0.00880000000000003,0.4527,0.0044,0.965,0.7828,0.773,0.009800000000000031,0.7331,0.0049,0.9365,1.6758,1.1414705882352942,0.5343294117647057,1.3882,0.2672,0.8284,0.4773,0.4022529411764706,0.07504705882352941,0.423,0.0375,0.8862
John Konchar,1629723,UTA,PG,5.802,3.499,2.102,0.993,0.448,0.829,0.4407,0.795,0.806,0.3937,2.102,0.448,0.993,0.806,raw_delquant_flat_file,14.2003,11.249888888888888,2.950411111111112,7.2772,1.4752,0.5125,5.0968,4.457277777777778,0.6395222222222223,3.8188,0.3198,0.7493,3.2608,2.645388888888889,0.6154111111111114,2.4097,0.3077,0.739,0.9439,0.8517222222222222,0.0921777777777778,1.0391,0.0461,1.1009,0.5491,0.4432222222222222,0.10587777777777785,0.5009,0.0529,0.9122,1.6469,1.4776666666666667,0.16923333333333335,0.9136,0.0846,0.5547,0.4691,0.45565000000000005,0.013449999999999962,0.4474,0.0067,0.9537,0.7828,0.7633666666666667,0.019433333333333302,0.8047,0.0097,1.028,1.6758,1.2035,0.47229999999999994,1.0422,0.2362,0.6219,0.4773,0.4321166666666667,0.0451833333333333,0.4163,0.0226,0.8722
Gary Trent Jr.,1629018,MIL,PG,9.62,2.047,1.794,0.782,0.116,0.841,0.4176,0.8016,1.758,0.4181,1.794,0.116,0.782,1.758,raw_delquant_flat_file,14.2003,9.940999999999999,4.259300000000001,11.7496,2.1296,0.8274,5.0968,3.714555555555555,1.3822444444444448,2.7381,0.6911,0.5372,3.2608,2.2494444444444444,1.0113555555555558,2.2997,0.5057,0.7053,0.9439,0.7022222222222223,0.24167777777777766,0.9028,0.1208,0.9565,0.5491,0.381,0.16810000000000003,0.2,0.084,0.3642,1.6469,1.2697222222222222,0.37717777777777783,1.0296,0.1886,0.6252,0.4691,0.4623055555555556,0.006794444444444436,0.421,0.0034,0.8975,0.7828,0.7495888888888889,0.03321111111111119,0.8182,0.0166,1.0452,1.6758,1.103,0.5728,2.0444,0.2864,1.22,0.4773,0.41657777777777777,0.06072222222222223,0.4485,0.0304,0.9397
Quenton Jackson,1631245,IND,PG,8.354,2.32,2.535,0.75,0.173,1.089,0.4504,0.8096,0.945,0.4181,2.535,0.173,0.75,0.945,raw_delquant_flat_file,14.2003,9.299555555555555,4.900744444444445,10.8044,2.4504,0.7609,5.0968,3.769944444444444,1.326855555555556,2.9834,0.6634,0.5853,3.2608,2.2429444444444444,1.0178555555555557,3.0439,0.5089,0.9335,0.9439,0.6926111111111112,0.2512888888888888,0.8756,0.1256,0.9276,0.5491,0.4008333333333333,0.1482666666666667,0.2471,0.0741,0.45,1.6469,1.1437777777777778,0.5031222222222222,1.3406,0.2516,0.814,0.4691,0.4635222222222223,0.005577777777777737,0.4532,0.0028,0.9661,0.7828,0.7666499999999999,0.01615000000000011,0.8177,0.0081,1.0446,1.6758,0.973388888888889,0.702411111111111,1.2962,0.3512,0.7735,0.4773,0.41789444444444446,0.059405555555555545,0.4478,0.0297,0.9382
Vít Krejčí,1630249,POR,PG,8.134,2.509,2.241,0.732,0.286,0.955,0.4498,0.778,1.451,0.4158,2.241,0.286,0.732,1.451,raw_delquant_flat_file,14.2003,9.020555555555555,5.179744444444445,10.7239,2.5899,0.7552,5.0968,3.5888333333333335,1.5079666666666665,3.263,0.754,0.6402,3.2608,2.1012222222222223,1.1595777777777778,2.8208,0.5798,0.8651,0.9439,0.7107777777777778,0.23312222222222212,0.8486,0.1166,0.899,0.5491,0.4397777777777778,0.10932222222222221,0.3407,0.0547,0.6205,1.6469,1.2561666666666667,0.3907333333333334,1.1504,0.1954,0.6985,0.4691,0.4412666666666667,0.02783333333333332,0.4637,0.0139,0.9885,0.7828,0.7468,0.03600000000000003,0.796,0.018,1.0169,1.6758,1.005111111111111,0.6706888888888889,1.7863,0.3353,1.0659,0.4773,0.43099444444444446,0.046305555555555544,0.439,0.0232,0.9198
Ronald Holland II,1641842,DET,SF,7.689,3.798,1.157,0.814,0.397,1.072,0.4496,0.757,0.643,0.4025,1.157,0.397,0.814,0.643,raw_delquant_flat_file,14.2003,8.7513125,5.448987500000001,10.4135,2.7245,0.7333,5.0968,3.5715,1.5253,4.5606,0.7626,0.8948,3.2608,2.12,1.1408,1.7274,0.5704,0.5297,0.9439,0.7265625,0.21733749999999996,0.9227,0.1087,0.9775,0.5491,0.4360625,0.11303750000000001,0.4535,0.0565,0.8259,1.6469,1.1275,0.5194000000000001,1.3317,0.2597,0.8086,0.4691,0.45863750000000003,0.010462499999999986,0.4548,0.0052,0.9695,0.7828,0.7500125,0.03278750000000008,0.7734,0.0164,0.988,1.6758,0.86675,0.8090499999999999,1.0475,0.4045,0.6251,0.4773,0.41046875,0.06683125000000001,0.4359,0.0334,0.9133
LJ Cryer,1643018,GSW,PG,8.74,2.476,2.239,0.667,0.208,1.158,0.4297,0.8081,1.357,0.4149,2.239,0.208,0.667,1.357,raw_delquant_flat_file,14.2003,9.445555555555556,4.754744444444444,11.1174,2.3774,0.7829,5.0968,3.606555555555556,1.490244444444444,3.2211,0.7451,0.632,3.2608,2.3485555555555555,0.9122444444444446,2.6951,0.4561,0.8265,0.9439,0.7605555555555555,0.18334444444444442,0.7587,0.0917,0.8038,0.5491,0.41038888888888886,0.13871111111111117,0.2774,0.0694,0.5052,1.6469,1.1836111111111112,0.46328888888888886,1.3896,0.2316,0.8438,0.4691,0.46147777777777776,0.007622222222222252,0.4335,0.0038,0.9241,0.7828,0.7820055555555556,0.000794444444444431,0.8085,0.0004,1.0328,1.6758,1.1357222222222223,0.5400777777777777,1.627,0.27,0.9709,0.4773,0.39902777777777776,0.07827222222222224,0.454,0.0391,0.9512
Tyrese Martin,1631213,PHI,SF,8.099,3.629,1.661,0.586,0.283,1.018,0.4349,0.7469,1.148,0.385,1.661,0.283,0.586,1.148,raw_delquant_flat_file,14.2003,9.916666666666666,4.283633333333334,10.2408,2.1418,0.7212,5.0968,3.947611111111111,1.1491888888888888,4.2036,0.5746,0.8248,3.2608,2.145888888888889,1.1149111111111112,2.2185,0.5575,0.6804,0.9439,0.7621666666666667,0.1817333333333333,0.6769,0.0909,0.7171,0.5491,0.4476111111111111,0.1014888888888889,0.3337,0.0507,0.6077,1.6469,1.2115,0.4354,1.2357,0.2177,0.7503,0.4691,0.4532722222222222,0.01582777777777783,0.4428,0.0079,0.9439,0.7828,0.7502888888888889,0.03251111111111116,0.7632,0.0163,0.975,1.6758,0.9857777777777778,0.6900222222222222,1.493,0.345,0.8909,0.4773,0.41952222222222224,0.05777777777777776,0.4139,0.0289,0.8672
Dominick Barlow,1631230,PHI,SF,7.085,4.092,1.108,0.634,0.57,0.735,0.4945,0.7092,0.443,0.408,1.108,0.57,0.634,0.443,raw_delquant_flat_file,14.2003,9.916666666666666,4.283633333333334,9.2268,2.1418,0.6498,5.0968,3.947611111111111,1.1491888888888888,4.6666,0.5746,0.9156,3.2608,2.145888888888889,1.1149111111111112,1.6655,0.5575,0.5108,0.9439,0.7621666666666667,0.1817333333333333,0.7249,0.0909,0.768,0.5491,0.4476111111111111,0.1014888888888889,0.6207,0.0507,1.1304,1.6469,1.2115,0.4354,0.9527,0.2177,0.5785,0.4691,0.4532722222222222,0.01582777777777783,0.5024,0.0079,1.071,0.7828,0.7502888888888889,0.03251111111111116,0.7255,0.0163,0.9268,1.6758,0.9857777777777778,0.6900222222222222,0.788,0.345,0.4702,0.4773,0.41952222222222224,0.05777777777777776,0.4369,0.0289,0.9154
Devin Carter,1642269,SAC,PG,7.865,2.758,2.317,0.79,0.223,1.16,0.4218,0.7336,0.895,0.4149,2.317,0.223,0.79,0.895,raw_delquant_flat_file,14.2003,11.1313125,3.0689875000000004,9.3995,1.5345,0.6619,5.0968,4.452625,0.6441749999999997,3.0801,0.3221,0.6043,3.2608,2.650875,0.609925,2.622,0.305,0.8041,0.9439,0.7828125,0.16108749999999994,0.8705,0.0805,0.9222,0.5491,0.4605,0.08860000000000001,0.2673,0.0443,0.4868,1.6469,1.4098125,0.23708750000000012,1.2785,0.1185,0.7763,0.4691,0.4689375,0.00016250000000000986,0.4219,0.0001,0.8994,0.7828,0.76156875,0.021231250000000035,0.7442,0.0106,0.9507,1.6758,1.0809374999999999,0.5948625000000001,1.1924,0.2974,0.7115,0.4773,0.41033125,0.06696875000000002,0.4484,0.0335,0.9395
Jarred Vanderbilt,1629020,LAL,SF,6.428,4.584,1.324,0.817,0.347,0.933,0.4788,0.6887,0.58,0.385,1.324,0.347,0.817,0.58,raw_delquant_flat_file,14.2003,9.564941176470587,4.635358823529414,8.7457,2.3177,0.6159,5.0968,3.6745882352941175,1.4222117647058825,5.2951,0.7111,1.0389,3.2608,2.2321764705882354,1.0286235294117647,1.8383,0.5143,0.5638,0.9439,0.6849411764705883,0.2589588235294117,0.9465,0.1295,1.0028,0.5491,0.36511764705882355,0.18398235294117649,0.439,0.092,0.7995,1.6469,1.2188823529411765,0.4280176470588235,1.147,0.214,0.6965,0.4691,0.46496470588235295,0.00413529411764707,0.4809,0.0021,1.0252,0.7828,0.744035294117647,0.038764705882353034,0.7081,0.0194,0.9046,1.6758,0.9627058823529412,0.7130941176470588,0.9365,0.3565,0.5588,0.4773,0.43051764705882356,0.04678235294117644,0.4084,0.0234,0.8556
Tyson Etienne,1630623,BKN,PG,8.677,2.194,2.34,0.698,0.177,1.079,0.4263,0.8098,1.368,0.4127,2.34,0.177,0.698,1.368,raw_delquant_flat_file,14.2003,8.809833333333334,5.390466666666667,11.3722,2.6952,0.8008,5.0968,3.629055555555555,1.467744444444445,2.9279,0.7339,0.5745,3.2608,1.9996111111111112,1.261188888888889,2.9706,0.6306,0.911,0.9439,0.7076666666666667,0.2362333333333333,0.8161,0.1181,0.8646,0.5491,0.4147222222222222,0.13437777777777782,0.2442,0.0672,0.4447,1.6469,1.1893333333333334,0.4575666666666667,1.3078,0.2288,0.7941,0.4691,0.4530777777777778,0.016022222222222215,0.4343,0.008,0.9258,0.7828,0.7681388888888888,0.014661111111111236,0.8171,0.0073,1.0438,1.6758,1.0036111111111112,0.6721888888888887,1.7041,0.3361,1.0169,0.4773,0.41187222222222225,0.06542777777777775,0.4454,0.0327,0.9332
Cody Williams,1642262,UTA,SF,7.658,3.435,1.49,0.656,0.452,1.027,0.4418,0.7149,0.63,0.4089,1.49,0.452,0.656,0.63,raw_delquant_flat_file,14.2003,11.249888888888888,2.950411111111112,9.1332,1.4752,0.6432,5.0968,4.457277777777778,0.6395222222222223,3.7548,0.3198,0.7367,3.2608,2.645388888888889,0.6154111111111114,1.7977,0.3077,0.5513,0.9439,0.8517222222222222,0.0921777777777778,0.7021,0.0461,0.7438,0.5491,0.4432222222222222,0.10587777777777785,0.5049,0.0529,0.9195,1.6469,1.4776666666666667,0.16923333333333335,1.1116,0.0846,0.675,0.4691,0.45565000000000005,0.013449999999999962,0.4485,0.0067,0.9561,0.7828,0.7633666666666667,0.019433333333333302,0.7246,0.0097,0.9257,1.6758,1.2035,0.47229999999999994,0.8662,0.2362,0.5169,0.4773,0.4321166666666667,0.0451833333333333,0.4315,0.0226,0.904
Will Richard,1642954,GSW,PG,7.757,2.613,1.967,0.963,0.196,1.038,0.448,0.8051,1.063,0.4266,1.967,0.196,0.963,1.063,raw_delquant_flat_file,14.2003,9.445555555555556,4.754744444444444,10.1344,2.3774,0.7137,5.0968,3.606555555555556,1.490244444444444,3.3581,0.7451,0.6589,3.2608,2.3485555555555555,0.9122444444444446,2.4231,0.4561,0.7431,0.9439,0.7605555555555555,0.18334444444444442,1.0547,0.0917,1.1174,0.5491,0.41038888888888886,0.13871111111111117,0.2654,0.0694,0.4833,1.6469,1.1836111111111112,0.46328888888888886,1.2696,0.2316,0.7709,0.4691,0.46147777777777776,0.007622222222222252,0.4518,0.0038,0.9631,0.7828,0.7820055555555556,0.000794444444444431,0.8055,0.0004,1.029,1.6758,1.1357222222222223,0.5400777777777777,1.333,0.27,0.7954,0.4773,0.39902777777777776,0.07827222222222224,0.4657,0.0391,0.9757
Mouhamed Gueye,1631243,ATL,SF,6.495,4.031,1.055,0.745,0.611,0.703,0.4533,0.711,0.644,0.3889,1.055,0.611,0.745,0.644,raw_delquant_flat_file,14.2003,9.143944444444445,5.056355555555555,9.0232,2.5282,0.6354,5.0968,3.657666666666666,1.4391333333333338,4.7506,0.7196,0.9321,3.2608,2.035888888888889,1.224911111111111,1.6675,0.6125,0.5114,0.9439,0.709111111111111,0.23478888888888894,0.8624,0.1174,0.9137,0.5491,0.4205,0.12860000000000005,0.6753,0.0643,1.2298,1.6469,1.1113888888888888,0.5355111111111113,0.9708,0.2678,0.5895,0.4691,0.4601722222222222,0.008927777777777812,0.4578,0.0045,0.9759,0.7828,0.7444944444444445,0.03830555555555559,0.7302,0.0192,0.9328,1.6758,1.0002222222222223,0.6755777777777776,0.9818,0.3378,0.5859,0.4773,0.4212388888888889,0.05606111111111112,0.4169,0.028,0.8735
Jordan Miller,1641757,LAC,PG,8.265,2.535,2.16,0.715,0.202,1.079,0.4648,0.7884,0.783,0.4127,2.16,0.202,0.715,0.783,raw_delquant_flat_file,14.2003,9.250625,4.949675000000001,10.7398,2.4748,0.7563,5.0968,3.37875,1.7180499999999999,3.394,0.859,0.6659,3.2608,2.192375,1.068425,2.6942,0.5342,0.8262,0.9439,0.7555000000000001,0.1883999999999999,0.8092,0.0942,0.8573,0.5491,0.41118750000000004,0.1379125,0.271,0.069,0.4935,1.6469,1.1773125,0.46958750000000005,1.3138,0.2348,0.7977,0.4691,0.45813125,0.010968750000000027,0.4703,0.0055,1.0026,0.7828,0.77625,0.006550000000000056,0.7917,0.0033,1.0114,1.6758,1.0209375,0.6548624999999999,1.1104,0.3274,0.6626,0.4773,0.4134875,0.0638125,0.4446,0.0319,0.9315
Kasparas Jakučionis,1642857,MIA,PG,7.559,2.676,2.582,0.701,0.223,1.218,0.4252,0.8133,1.147,0.4233,2.582,0.223,0.701,1.147,raw_delquant_flat_file,14.2003,10.5542,3.6461000000000006,9.382,1.823,0.6607,5.0968,3.9381333333333335,1.1586666666666665,3.2553,0.5793,0.6387,3.2608,2.4346,0.8262,2.9951,0.4131,0.9185,0.9439,0.7641333333333333,0.17976666666666663,0.7909,0.0899,0.8379,0.5491,0.3908666666666667,0.15823333333333334,0.3021,0.0791,0.5502,1.6469,1.2644666666666666,0.3824333333333334,1.4092,0.1912,0.8557,0.4691,0.4581266666666667,0.010973333333333335,0.4307,0.0055,0.9181,0.7828,0.7705466666666667,0.012253333333333338,0.8194,0.0061,1.0468,1.6758,1.1222666666666667,0.5535333333333332,1.4238,0.2768,0.8496,0.4773,0.4400866666666667,0.03721333333333332,0.4419,0.0186,0.9258
Simone Fontecchio,1631323,MIA,SF,8.23,3.566,1.332,0.566,0.283,0.869,0.438,0.7933,1.293,0.3768,1.332,0.283,0.566,1.293,raw_delquant_flat_file,14.2003,10.5542,3.6461000000000006,10.053,1.823,0.7079,5.0968,3.9381333333333335,1.1586666666666665,4.1453,0.5793,0.8133,3.2608,2.4346,0.8262,1.7451,0.4131,0.5352,0.9439,0.7641333333333333,0.17976666666666663,0.6559,0.0899,0.6949,0.5491,0.3908666666666667,0.15823333333333334,0.3621,0.0791,0.6594,1.6469,1.2644666666666666,0.3824333333333334,1.0602,0.1912,0.6438,0.4691,0.4581266666666667,0.010973333333333335,0.4435,0.0055,0.9454,0.7828,0.7705466666666667,0.012253333333333338,0.7994,0.0061,1.0212,1.6758,1.1222666666666667,0.5535333333333332,1.5698,0.2768,0.9367,0.4773,0.4400866666666667,0.03721333333333332,0.3954,0.0186,0.8284
Adem Bona,1641737,PHI,SF,6.543,4.274,0.826,0.539,0.866,0.943,0.5287,0.7026,0.34,0.3889,0.826,0.866,0.539,0.34,raw_delquant_flat_file,14.2003,9.916666666666666,4.283633333333334,8.6848,2.1418,0.6116,5.0968,3.947611111111111,1.1491888888888888,4.8486,0.5746,0.9513,3.2608,2.145888888888889,1.1149111111111112,1.3835,0.5575,0.4243,0.9439,0.7621666666666667,0.1817333333333333,0.6299,0.0909,0.6673,0.5491,0.4476111111111111,0.1014888888888889,0.9167,0.0507,1.6695,1.6469,1.2115,0.4354,1.1607,0.2177,0.7048,0.4691,0.4532722222222222,0.01582777777777783,0.5366,0.0079,1.1439,0.7828,0.7502888888888889,0.03251111111111116,0.7189,0.0163,0.9184,1.6758,0.9857777777777778,0.6900222222222222,0.685,0.345,0.4088,0.4773,0.41952222222222224,0.05777777777777776,0.4178,0.0289,0.8753
Cameron Payne,1626166,PHI,PG,7.547,2.012,2.599,0.795,0.235,0.82,0.4075,0.8358,1.248,0.3878,2.599,0.235,0.795,1.248,raw_delquant_flat_file,14.2003,9.916666666666666,4.283633333333334,9.6888,2.1418,0.6823,5.0968,3.947611111111111,1.1491888888888888,2.5866,0.5746,0.5075,3.2608,2.145888888888889,1.1149111111111112,3.1565,0.5575,0.968,0.9439,0.7621666666666667,0.1817333333333333,0.8859,0.0909,0.9386,0.5491,0.4476111111111111,0.1014888888888889,0.2857,0.0507,0.5203,1.6469,1.2115,0.4354,1.0377,0.2177,0.6301,0.4691,0.4532722222222222,0.01582777777777783,0.4154,0.0079,0.8855,0.7828,0.7502888888888889,0.03251111111111116,0.8521,0.0163,1.0885,1.6758,0.9857777777777778,0.6900222222222222,1.593,0.345,0.9506,0.4773,0.41952222222222224,0.05777777777777776,0.4167,0.0289,0.873
Sion James,1642883,CHA,PG,7.192,3.088,2.237,0.719,0.246,1.036,0.4127,0.8062,1.048,0.4266,2.237,0.246,0.719,1.048,raw_delquant_flat_file,14.2003,8.990764705882352,5.209535294117648,9.7968,2.6048,0.6899,5.0968,3.619529411764706,1.4772705882352941,3.8266,0.7386,0.7508,3.2608,1.9743529411764706,1.2864470588235295,2.8802,0.6432,0.8833,0.9439,0.615,0.32889999999999997,0.8834,0.1644,0.9359,0.5491,0.37982352941176467,0.16927647058823536,0.3306,0.0846,0.6021,1.6469,1.1689411764705882,0.4779588235294119,1.275,0.239,0.7742,0.4691,0.45489999999999997,0.014200000000000046,0.4198,0.0071,0.8949,0.7828,0.7540470588235294,0.028752941176470648,0.8206,0.0144,1.0483,1.6758,1.0884705882352943,0.5873294117647057,1.3417,0.2937,0.8006,0.4773,0.4224823529411765,0.054817647058823527,0.454,0.0274,0.9512
Kevin Love,201567,UTA,PF,6.796,4.608,1.542,0.502,0.269,0.843,0.4156,0.7878,1.092,0.3358,1.542,0.269,0.502,1.092,raw_delquant_flat_file,14.2003,11.249888888888888,2.950411111111112,8.2712,1.4752,0.5825,5.0968,4.457277777777778,0.6395222222222223,4.9278,0.3198,0.9668,3.2608,2.645388888888889,0.6154111111111114,1.8497,0.3077,0.5673,0.9439,0.8517222222222222,0.0921777777777778,0.5481,0.0461,0.5807,0.5491,0.4432222222222222,0.10587777777777785,0.3219,0.0529,0.5862,1.6469,1.4776666666666667,0.16923333333333335,0.9276,0.0846,0.5632,0.4691,0.45565000000000005,0.013449999999999962,0.4223,0.0067,0.9002,0.7828,0.7633666666666667,0.019433333333333302,0.7975,0.0097,1.0188,1.6758,1.2035,0.47229999999999994,1.3282,0.2362,0.7926,0.4773,0.4321166666666667,0.0451833333333333,0.3584,0.0226,0.7509
Nae'Qwan Tomlin,1641772,CLE,SF,7.212,3.663,1.091,0.658,0.516,0.746,0.4733,0.7351,0.612,0.392,1.091,0.516,0.658,0.612,raw_delquant_flat_file,14.2003,9.614411764705881,4.585888235294119,9.5049,2.2929,0.6693,5.0968,3.805411764705883,1.291388235294117,4.3087,0.6457,0.8454,3.2608,2.4610588235294117,0.7997411764705884,1.4909,0.3999,0.4572,0.9439,0.7529411764705882,0.19095882352941174,0.7535,0.0955,0.7983,0.5491,0.4275294117647059,0.12157058823529415,0.5768,0.0608,1.0504,1.6469,1.1886470588235294,0.45825294117647064,0.9751,0.2291,0.5921,0.4691,0.4603,0.00880000000000003,0.4777,0.0044,1.0183,0.7828,0.773,0.009800000000000031,0.74,0.0049,0.9453,1.6758,1.1414705882352942,0.5343294117647057,0.8792,0.2672,0.5246,0.4773,0.4022529411764706,0.07504705882352941,0.4295,0.0375,0.8999
Kobe Sanders,1642920,LAC,PG,8.164,2.504,2.085,0.764,0.204,1.231,0.448,0.8001,1.13,0.4266,2.085,0.204,0.764,1.13,raw_delquant_flat_file,14.2003,9.250625,4.949675000000001,10.6388,2.4748,0.7492,5.0968,3.37875,1.7180499999999999,3.363,0.859,0.6598,3.2608,2.192375,1.068425,2.6192,0.5342,0.8032,0.9439,0.7555000000000001,0.1883999999999999,0.8582,0.0942,0.9092,0.5491,0.41118750000000004,0.1379125,0.273,0.069,0.4972,1.6469,1.1773125,0.46958750000000005,1.4658,0.2348,0.89,0.4691,0.45813125,0.010968750000000027,0.4535,0.0055,0.9667,0.7828,0.77625,0.006550000000000056,0.8034,0.0033,1.0263,1.6758,1.0209375,0.6548624999999999,1.4574,0.3274,0.8697,0.4773,0.4134875,0.0638125,0.4585,0.0319,0.9606
Gui Santos,1630611,GSW,SF,7.21,3.729,1.514,0.638,0.355,1.021,0.4781,0.7285,0.784,0.3889,1.514,0.355,0.638,0.784,raw_delquant_flat_file,14.2003,9.445555555555556,4.754744444444444,9.5874,2.3774,0.6752,5.0968,3.606555555555556,1.490244444444444,4.4741,0.7451,0.8778,3.2608,2.3485555555555555,0.9122444444444446,1.9701,0.4561,0.6042,0.9439,0.7605555555555555,0.18334444444444442,0.7297,0.0917,0.7731,0.5491,0.41038888888888886,0.13871111111111117,0.4244,0.0694,0.7729,1.6469,1.1836111111111112,0.46328888888888886,1.2526,0.2316,0.7606,0.4691,0.46147777777777776,0.007622222222222252,0.4819,0.0038,1.0273,0.7828,0.7820055555555556,0.000794444444444431,0.7289,0.0004,0.9311,1.6758,1.1357222222222223,0.5400777777777777,1.054,0.27,0.629,0.4773,0.39902777777777776,0.07827222222222224,0.428,0.0391,0.8967
Bones Hyland,1630538,MIN,PG,8.116,2.015,2.384,0.74,0.212,1.119,0.4289,0.8045,1.312,0.4158,2.384,0.212,0.74,1.312,raw_delquant_flat_file,14.2003,9.3915,4.8088,10.5204,2.4044,0.7409,5.0968,3.598375,1.4984250000000001,2.7642,0.7492,0.5423,3.2608,2.197875,1.0629250000000003,2.9155,0.5315,0.8941,0.9439,0.7104375,0.2334624999999999,0.8567,0.1167,0.9076,0.5491,0.429875,0.11922500000000003,0.2716,0.0596,0.4946,1.6469,1.16025,0.48665,1.3623,0.2433,0.8272,0.4691,0.4592625,0.009837499999999999,0.4338,0.0049,0.9247,0.7828,0.7549875,0.027812500000000018,0.8184,0.0139,1.0455,1.6758,1.0204374999999999,0.6553625000000001,1.6397,0.3277,0.9785,0.4773,0.42216875,0.05513125000000002,0.4434,0.0276,0.929
Gary Payton II,1627780,GSW,PG,7.058,2.872,1.933,0.826,0.26,0.893,0.5071,0.7416,0.681,0.3816,1.933,0.26,0.826,0.681,raw_delquant_flat_file,14.2003,9.445555555555556,4.754744444444444,9.4354,2.3774,0.6645,5.0968,3.606555555555556,1.490244444444444,3.6171,0.7451,0.7097,3.2608,2.3485555555555555,0.9122444444444446,2.3891,0.4561,0.7327,0.9439,0.7605555555555555,0.18334444444444442,0.9177,0.0917,0.9722,0.5491,0.41038888888888886,0.13871111111111117,0.3294,0.0694,0.5999,1.6469,1.1836111111111112,0.46328888888888886,1.1246,0.2316,0.6829,0.4691,0.46147777777777776,0.007622222222222252,0.5109,0.0038,1.0891,0.7828,0.7820055555555556,0.000794444444444431,0.742,0.0004,0.9479,1.6758,1.1357222222222223,0.5400777777777777,0.951,0.27,0.5675,0.4773,0.39902777777777776,0.07827222222222224,0.4207,0.0391,0.8814
Kam Jones,1642880,IND,PG,7.275,2.345,2.802,0.698,0.172,1.162,0.4276,0.7708,0.94,0.4149,2.802,0.172,0.698,0.94,raw_delquant_flat_file,14.2003,9.299555555555555,4.900744444444445,9.7254,2.4504,0.6849,5.0968,3.769944444444444,1.326855555555556,3.0084,0.6634,0.5903,3.2608,2.2429444444444444,1.0178555555555557,3.3109,0.5089,1.0154,0.9439,0.6926111111111112,0.2512888888888888,0.8236,0.1256,0.8726,0.5491,0.4008333333333333,0.1482666666666667,0.2461,0.0741,0.4482,1.6469,1.1437777777777778,0.5031222222222222,1.4136,0.2516,0.8583,0.4691,0.4635222222222223,0.005577777777777737,0.4304,0.0028,0.9175,0.7828,0.7666499999999999,0.01615000000000011,0.7789,0.0081,0.995,1.6758,0.973388888888889,0.702411111111111,1.2912,0.3512,0.7705,0.4773,0.41789444444444446,0.059405555555555545,0.4446,0.0297,0.9315
Svi Mykhailiuk,1629004,UTA,SG,8.48,2.39,2.083,0.621,0.141,1.023,0.4366,0.8175,1.503,0.4089,2.083,0.141,0.621,1.503,raw_delquant_flat_file,14.2003,11.249888888888888,2.950411111111112,9.9552,1.4752,0.7011,5.0968,4.457277777777778,0.6395222222222223,2.7098,0.3198,0.5317,3.2608,2.645388888888889,0.6154111111111114,2.3907,0.3077,0.7332,0.9439,0.8517222222222222,0.0921777777777778,0.6671,0.0461,0.7067,0.5491,0.4432222222222222,0.10587777777777785,0.1939,0.0529,0.3531,1.6469,1.4776666666666667,0.16923333333333335,1.1076,0.0846,0.6725,0.4691,0.45565000000000005,0.013449999999999962,0.4433,0.0067,0.945,0.7828,0.7633666666666667,0.019433333333333302,0.8272,0.0097,1.0567,1.6758,1.2035,0.47229999999999994,1.7392,0.2362,1.0378,0.4773,0.4321166666666667,0.0451833333333333,0.4315,0.0226,0.904
Tidjane Salaün,1642275,CHA,SF,6.983,4.234,1.075,0.55,0.365,0.922,0.4417,0.7018,0.879,0.4025,1.075,0.365,0.55,0.879,raw_delquant_flat_file,14.2003,8.990764705882352,5.209535294117648,9.5878,2.6048,0.6752,5.0968,3.619529411764706,1.4772705882352941,4.9726,0.7386,0.9756,3.2608,1.9743529411764706,1.2864470588235295,1.7182,0.6432,0.5269,0.9439,0.615,0.32889999999999997,0.7144,0.1644,0.7569,0.5491,0.37982352941176467,0.16927647058823536,0.4496,0.0846,0.8188,1.6469,1.1689411764705882,0.4779588235294119,1.161,0.239,0.705,0.4691,0.45489999999999997,0.014200000000000046,0.4488,0.0071,0.9567,0.7828,0.7540470588235294,0.028752941176470648,0.7162,0.0144,0.9149,1.6758,1.0884705882352943,0.5873294117647057,1.1727,0.2937,0.6998,0.4773,0.4224823529411765,0.054817647058823527,0.4299,0.0274,0.9007
Ochai Agbaji,1630534,BKN,PG,7.6,2.726,1.655,0.677,0.323,0.881,0.4455,0.7831,0.989,0.4158,1.655,0.323,0.677,0.989,raw_delquant_flat_file,14.2003,8.809833333333334,5.390466666666667,10.2952,2.6952,0.725,5.0968,3.629055555555555,1.467744444444445,3.4599,0.7339,0.6788,3.2608,1.9996111111111112,1.261188888888889,2.2856,0.6306,0.7009,0.9439,0.7076666666666667,0.2362333333333333,0.7951,0.1181,0.8424,0.5491,0.4147222222222222,0.13437777777777782,0.3902,0.0672,0.7106,1.6469,1.1893333333333334,0.4575666666666667,1.1098,0.2288,0.6739,0.4691,0.4530777777777778,0.016022222222222215,0.4535,0.008,0.9667,0.7828,0.7681388888888888,0.014661111111111236,0.7904,0.0073,1.0097,1.6758,1.0036111111111112,0.6721888888888887,1.3251,0.3361,0.7907,0.4773,0.41187222222222225,0.06542777777777775,0.4485,0.0327,0.9397
Kris Murray,1631200,POR,SF,6.556,3.743,1.262,0.723,0.41,0.865,0.454,0.6752,0.618,0.392,1.262,0.41,0.723,0.618,raw_delquant_flat_file,14.2003,9.020555555555555,5.179744444444445,9.1459,2.5899,0.6441,5.0968,3.5888333333333335,1.5079666666666665,4.497,0.754,0.8823,3.2608,2.1012222222222223,1.1595777777777778,1.8418,0.5798,0.5648,0.9439,0.7107777777777778,0.23312222222222212,0.8396,0.1166,0.8895,0.5491,0.4397777777777778,0.10932222222222221,0.4647,0.0547,0.8463,1.6469,1.2561666666666667,0.3907333333333334,1.0604,0.1954,0.6439,0.4691,0.4412666666666667,0.02783333333333332,0.4679,0.0139,0.9974,0.7828,0.7468,0.03600000000000003,0.6932,0.018,0.8855,1.6758,1.005111111111111,0.6706888888888889,0.9533,0.3353,0.5689,0.4773,0.43099444444444446,0.046305555555555544,0.4152,0.0232,0.8699
Dorian Finney-Smith,1627827,HOU,SF,6.785,3.697,1.421,0.655,0.329,0.865,0.4259,0.7543,1.121,0.3744,1.421,0.329,0.655,1.121,raw_delquant_flat_file,14.2003,8.824733333333334,5.375566666666666,9.4728,2.6878,0.6671,5.0968,4.1628,0.9340000000000002,4.164,0.467,0.817,3.2608,1.8478666666666668,1.4129333333333334,2.1275,0.7065,0.6524,0.9439,0.6666000000000001,0.2772999999999999,0.7936,0.1386,0.8408,0.5491,0.48633333333333334,0.06276666666666669,0.3604,0.0314,0.6563,1.6469,1.1314666666666668,0.5154333333333332,1.1227,0.2577,0.6817,0.4691,0.45740666666666663,0.011693333333333389,0.4317,0.0058,0.9203,0.7828,0.7326733333333333,0.050126666666666764,0.7794,0.0251,0.9957,1.6758,0.7818666666666666,0.8939333333333334,1.568,0.447,0.9357,0.4773,0.4135466666666667,0.06375333333333333,0.4063,0.0319,0.8512
Craig Porter Jr.,1641854,CLE,PG,6.379,2.567,2.536,0.701,0.354,1.028,0.4507,0.7515,0.716,0.4127,2.536,0.354,0.701,0.716,raw_delquant_flat_file,14.2003,9.614411764705881,4.585888235294119,8.6719,2.2929,0.6107,5.0968,3.805411764705883,1.291388235294117,3.2127,0.6457,0.6303,3.2608,2.4610588235294117,0.7997411764705884,2.9359,0.3999,0.9004,0.9439,0.7529411764705882,0.19095882352941174,0.7965,0.0955,0.8438,0.5491,0.4275294117647059,0.12157058823529415,0.4148,0.0608,0.7554,1.6469,1.1886470588235294,0.45825294117647064,1.2571,0.2291,0.7633,0.4691,0.4603,0.00880000000000003,0.4551,0.0044,0.9702,0.7828,0.773,0.009800000000000031,0.7564,0.0049,0.9663,1.6758,1.1414705882352942,0.5343294117647057,0.9832,0.2672,0.5867,0.4773,0.4022529411764706,0.07504705882352941,0.4502,0.0375,0.9432
Javonte Green,1629750,DET,PG,6.843,2.71,1.465,0.975,0.291,0.751,0.4314,0.8025,0.985,0.3891,1.465,0.291,0.975,0.985,raw_delquant_flat_file,14.2003,8.7513125,5.448987500000001,9.5675,2.7245,0.6738,5.0968,3.5715,1.5253,3.4726,0.7626,0.6813,3.2608,2.12,1.1408,2.0354,0.5704,0.6242,0.9439,0.7265625,0.21733749999999996,1.0837,0.1087,1.1481,0.5491,0.4360625,0.11303750000000001,0.3475,0.0565,0.6329,1.6469,1.1275,0.5194000000000001,1.0107,0.2597,0.6137,0.4691,0.45863750000000003,0.010462499999999986,0.4366,0.0052,0.9307,0.7828,0.7500125,0.03278750000000008,0.8189,0.0164,1.0461,1.6758,0.86675,0.8090499999999999,1.3895,0.4045,0.8292,0.4773,0.41046875,0.06683125000000001,0.4225,0.0334,0.8852
Drake Powell,1642962,BKN,SG,7.74,2.334,2.07,0.7,0.249,1.171,0.4181,0.817,0.943,0.4367,2.07,0.249,0.7,0.943,raw_delquant_flat_file,14.2003,8.809833333333334,5.390466666666667,10.4352,2.6952,0.7349,5.0968,3.629055555555555,1.467744444444445,3.0679,0.7339,0.6019,3.2608,1.9996111111111112,1.261188888888889,2.7006,0.6306,0.8282,0.9439,0.7076666666666667,0.2362333333333333,0.8181,0.1181,0.8667,0.5491,0.4147222222222222,0.13437777777777782,0.3162,0.0672,0.5759,1.6469,1.1893333333333334,0.4575666666666667,1.3998,0.2288,0.85,0.4691,0.4530777777777778,0.016022222222222215,0.4261,0.008,0.9083,0.7828,0.7681388888888888,0.014661111111111236,0.8243,0.0073,1.053,1.6758,1.0036111111111112,0.6721888888888887,1.2791,0.3361,0.7633,0.4773,0.41187222222222225,0.06542777777777775,0.4694,0.0327,0.9834
Olivier-Maxence Prosper,1641765,MEM,SF,7.423,3.531,1.025,0.613,0.327,0.765,0.482,0.7163,0.714,0.3889,1.025,0.327,0.613,0.714,raw_delquant_flat_file,14.2003,9.42378947368421,4.776510526315791,9.8113,2.3883,0.6909,5.0968,3.582263157894737,1.514536842105263,4.2883,0.7573,0.8414,3.2608,2.3693684210526316,0.8914315789473686,1.4707,0.4457,0.451,0.9439,0.7777894736842105,0.1661105263157895,0.6961,0.0831,0.7375,0.5491,0.3871578947368421,0.16194210526315794,0.408,0.081,0.743,1.6469,1.2790526315789474,0.3678473684210526,0.9489,0.1839,0.5762,0.4691,0.452621052631579,0.016478947368421037,0.4902,0.0082,1.045,0.7828,0.7797315789473684,0.003068421052631609,0.7178,0.0015,0.917,1.6758,1.0590526315789475,0.6167473684210525,1.0224,0.3084,0.6101,0.4773,0.410321052631579,0.06697894736842103,0.4224,0.0335,0.885
Luka Garza,1630568,BOS,C,6.78,4.189,0.834,0.396,0.566,0.745,0.5443,0.7048,0.405,0.3544,0.834,0.566,0.396,0.405,raw_delquant_flat_file,14.2003,10.554846153846153,3.6454538461538473,8.6027,1.8227,0.6058,5.0968,4.29,0.8068,4.5924,0.4034,0.901,3.2608,2.3656923076923078,0.8951076923076924,1.2816,0.4476,0.393,0.9439,0.6874615384615385,0.2564384615384615,0.5242,0.1282,0.5554,0.5491,0.4480769230769231,0.10102307692307694,0.6165,0.0505,1.1227,1.6469,1.1839230769230769,0.4629769230769232,0.9765,0.2315,0.5929,0.4691,0.4659153846153846,0.003184615384615397,0.5459,0.0016,1.1637,0.7828,0.764453846153846,0.018346153846154012,0.714,0.0092,0.9121,1.6758,1.2137692307692307,0.46203076923076924,0.636,0.231,0.3795,0.4773,0.4291384615384616,0.04816153846153842,0.3785,0.0241,0.793
Jericho Sims,1630579,MIL,C,5.268,5.224,1.104,0.366,0.604,0.943,0.6092,0.6556,0.079,0.3544,1.104,0.604,0.366,0.079,raw_delquant_flat_file,14.2003,9.940999999999999,4.259300000000001,7.3976,2.1296,0.5209,5.0968,3.714555555555555,1.3822444444444448,5.9151,0.6911,1.1606,3.2608,2.2494444444444444,1.0113555555555558,1.6097,0.5057,0.4937,0.9439,0.7022222222222223,0.24167777777777766,0.4868,0.1208,0.5157,0.5491,0.381,0.16810000000000003,0.6881,0.0841,1.2531,1.6469,1.2697222222222222,0.37717777777777783,1.1316,0.1886,0.6871,0.4691,0.4623055555555556,0.006794444444444436,0.6126,0.0034,1.3059,0.7828,0.7495888888888889,0.03321111111111119,0.6722,0.0166,0.8587,1.6758,1.103,0.5728,0.3654,0.2864,0.218,0.4773,0.41657777777777777,0.06072222222222223,0.3848,0.0304,0.8062
Ousmane Dieng,1631172,MIL,SF,6.967,3.401,1.474,0.533,0.373,0.97,0.4461,0.7241,0.797,0.408,1.474,0.373,0.533,0.797,raw_delquant_flat_file,14.2003,9.940999999999999,4.259300000000001,9.0966,2.1296,0.6406,5.0968,3.714555555555555,1.3822444444444448,4.0921,0.6911,0.8029,3.2608,2.2494444444444444,1.0113555555555558,1.9797,0.5057,0.6071,0.9439,0.7022222222222223,0.24167777777777766,0.6538,0.1208,0.6927,0.5491,0.381,0.16810000000000003,0.457,0.084,0.8323,1.6469,1.2697222222222222,0.37717777777777783,1.1586,0.1886,0.7035,0.4691,0.4623055555555556,0.006794444444444436,0.4495,0.0034,0.9582,0.7828,0.7495888888888889,0.03321111111111119,0.7407,0.0166,0.9462,1.6758,1.103,0.5728,1.0834,0.2864,0.6465,0.4773,0.41657777777777777,0.06072222222222223,0.4384,0.0304,0.9185
Jalen Wilson,1630592,BKN,SF,7.546,3.394,1.242,0.514,0.25,0.847,0.4325,0.7459,0.912,0.392,1.242,0.25,0.514,0.912,raw_delquant_flat_file,14.2003,8.809833333333334,5.390466666666667,10.2412,2.6952,0.7212,5.0968,3.629055555555555,1.467744444444445,4.1279,0.7339,0.8099,3.2608,1.9996111111111112,1.261188888888889,1.8726,0.6306,0.5743,0.9439,0.7076666666666667,0.2362333333333333,0.6321,0.1181,0.6697,0.5491,0.4147222222222222,0.13437777777777782,0.3172,0.0672,0.5777,1.6469,1.1893333333333334,0.4575666666666667,1.0758,0.2288,0.6532,0.4691,0.4530777777777778,0.016022222222222215,0.4405,0.008,0.939,0.7828,0.7681388888888888,0.014661111111111236,0.7532,0.0073,0.9622,1.6758,1.0036111111111112,0.6721888888888887,1.2481,0.3361,0.7448,0.4773,0.41187222222222225,0.06542777777777775,0.4247,0.0327,0.8898
Ben Sheppard,1641767,IND,PG,7.075,2.664,1.901,0.683,0.171,0.794,0.4279,0.7905,1.097,0.4149,1.901,0.171,0.683,1.097,raw_delquant_flat_file,14.2003,9.299555555555555,4.900744444444445,9.5254,2.4504,0.6708,5.0968,3.769944444444444,1.326855555555556,3.3274,0.6634,0.6528,3.2608,2.2429444444444444,1.0178555555555557,2.4099,0.5089,0.7391,0.9439,0.6926111111111112,0.2512888888888888,0.8086,0.1256,0.8567,0.5491,0.4008333333333333,0.1482666666666667,0.2451,0.0741,0.4464,1.6469,1.1437777777777778,0.5031222222222222,1.0456,0.2516,0.6349,0.4691,0.4635222222222223,0.005577777777777737,0.4307,0.0028,0.9181,0.7828,0.7666499999999999,0.01615000000000011,0.7986,0.0081,1.0202,1.6758,0.973388888888889,0.702411111111111,1.4482,0.3512,0.8642,0.4773,0.41789444444444446,0.059405555555555545,0.4446,0.0297,0.9315
Nick Richards,1630208,CHI,C,5.993,5.167,0.553,0.261,0.689,1.0,0.5537,0.6896,0.076,0.3466,0.553,0.689,0.261,0.076,raw_delquant_flat_file,14.2003,8.785941176470587,5.4143588235294136,8.7002,2.7072,0.6127,5.0968,3.5295882352941175,1.5672117647058825,5.9506,0.7836,1.1675,3.2608,2.0900588235294117,1.1707411764705884,1.1384,0.5854,0.3491,0.9439,0.6158823529411765,0.3280176470588234,0.425,0.164,0.4503,0.5491,0.38964705882352946,0.15945294117647058,0.7687,0.0797,1.3999,1.6469,1.1739411764705883,0.47295882352941176,1.2365,0.2365,0.7508,0.4691,0.4611058823529412,0.007994117647058818,0.5577,0.004,1.1889,0.7828,0.7538823529411764,0.028917647058823603,0.7041,0.0145,0.8995,1.6758,0.949,0.7268,0.4394,0.3634,0.2622,0.4773,0.4102058823529412,0.0670941176470588,0.3801,0.0335,0.7964
Josh Okogie,1629006,HOU,PG,6.709,2.612,1.578,0.876,0.273,0.847,0.4306,0.7438,0.883,0.4181,1.578,0.273,0.876,0.883,raw_delquant_flat_file,14.2003,8.824733333333334,5.375566666666666,9.3968,2.6878,0.6617,5.0968,4.1628,0.9340000000000002,3.079,0.467,0.6041,3.2608,1.8478666666666668,1.4129333333333334,2.2845,0.7065,0.7006,0.9439,0.6666000000000001,0.2772999999999999,1.0146,0.1386,1.0749,0.5491,0.48633333333333334,0.06276666666666669,0.3044,0.0314,0.5544,1.6469,1.1314666666666668,0.5154333333333332,1.1047,0.2577,0.6708,0.4691,0.45740666666666663,0.011693333333333389,0.4364,0.0058,0.9303,0.7828,0.7326733333333333,0.050126666666666764,0.7689,0.0251,0.9822,1.6758,0.7818666666666666,0.8939333333333334,1.33,0.447,0.7937,0.4773,0.4135466666666667,0.06375333333333333,0.45,0.0319,0.9428
Jeremiah Robinson-Earl,1630526,DAL,SF,6.427,4.251,1.052,0.542,0.277,0.776,0.4457,0.7725,0.63,0.392,1.052,0.277,0.542,0.63,raw_delquant_flat_file,14.2003,9.4712,4.729100000000001,8.7916,2.3646,0.6191,5.0968,3.9284,1.1684,4.8352,0.5842,0.9487,3.2608,2.088,1.1728,1.6384,0.5864,0.5025,0.9439,0.6827500000000001,0.2611499999999999,0.6726,0.1306,0.7126,0.5491,0.4574,0.09170000000000006,0.3229,0.0459,0.5881,1.6469,1.1912,0.4557,1.0038,0.2278,0.6095,0.4691,0.463675,0.005425000000000013,0.4484,0.0027,0.9559,0.7828,0.755695,0.027105000000000046,0.7861,0.0136,1.0042,1.6758,0.893,0.7827999999999999,1.0214,0.3914,0.6095,0.4773,0.41499499999999995,0.062305000000000055,0.4232,0.0312,0.8867
Josh Green,1630182,CHA,PG,7.16,2.412,1.839,0.8,0.182,0.977,0.4412,0.7783,1.153,0.4158,1.839,0.182,0.8,1.153,raw_delquant_flat_file,14.2003,8.990764705882352,5.209535294117648,9.7648,2.6048,0.6876,5.0968,3.619529411764706,1.4772705882352941,3.1506,0.7386,0.6182,3.2608,1.9743529411764706,1.2864470588235295,2.4822,0.6432,0.7612,0.9439,0.615,0.32889999999999997,0.9644,0.1644,1.0217,0.5491,0.37982352941176467,0.16927647058823536,0.2666,0.0846,0.4855,1.6469,1.1689411764705882,0.4779588235294119,1.216,0.239,0.7384,0.4691,0.45489999999999997,0.014200000000000046,0.4483,0.0071,0.9557,0.7828,0.7540470588235294,0.028752941176470648,0.7927,0.0144,1.0126,1.6758,1.0884705882352943,0.5873294117647057,1.4467,0.2937,0.8633,0.4773,0.4224823529411765,0.054817647058823527,0.4432,0.0274,0.9286
Pat Spencer,1630311,GSW,PG,6.885,2.196,2.563,0.687,0.131,1.059,0.4286,0.7957,0.852,0.4089,2.563,0.131,0.687,0.852,raw_delquant_flat_file,14.2003,9.445555555555556,4.754744444444444,9.2624,2.3774,0.6523,5.0968,3.606555555555556,1.490244444444444,2.9411,0.7451,0.577,3.2608,2.3485555555555555,0.9122444444444446,3.0191,0.4561,0.9259,0.9439,0.7605555555555555,0.18334444444444442,0.7787,0.0917,0.825,0.5491,0.41038888888888886,0.13871111111111117,0.2004,0.0694,0.365,1.6469,1.1836111111111112,0.46328888888888886,1.2906,0.2316,0.7837,0.4691,0.46147777777777776,0.007622222222222252,0.4324,0.0038,0.9218,0.7828,0.7820055555555556,0.000794444444444431,0.7961,0.0004,1.017,1.6758,1.1357222222222223,0.5400777777777777,1.122,0.27,0.6695,0.4773,0.39902777777777776,0.07827222222222224,0.448,0.0391,0.9386
Landry Shamet,1629013,NYK,PG,8.191,1.951,1.69,0.66,0.166,0.819,0.4373,0.772,1.416,0.4089,1.69,0.166,0.66,1.416,raw_delquant_flat_file,14.2003,9.263352941176471,4.936947058823529,10.6595,2.4685,0.7507,5.0968,3.6023529411764708,1.4944470588235292,2.6982,0.7472,0.5294,3.2608,2.2386470588235294,1.0221529411764707,2.2011,0.5111,0.675,0.9439,0.686235294117647,0.2576647058823529,0.7888,0.1288,0.8357,0.5491,0.3651764705882353,0.1839235294117647,0.258,0.092,0.4699,1.6469,1.1476470588235292,0.4992529411764708,1.0686,0.2496,0.6489,0.4691,0.46367058823529417,0.005429411764705849,0.44,0.0027,0.938,0.7828,0.7486411764705883,0.0341588235294118,0.7891,0.0171,1.008,1.6758,1.0059411764705881,0.6698588235294118,1.7509,0.3349,1.0448,0.4773,0.4239882352941176,0.05331176470588239,0.4356,0.0267,0.9126
Kenrich Williams,1629026,OKC,SG,6.818,2.969,1.819,0.649,0.15,0.823,0.4524,0.7346,0.955,0.3878,1.819,0.15,0.649,0.955,raw_delquant_flat_file,14.2003,10.152375,4.047925000000001,8.842,2.024,0.6227,5.0968,3.7781875,1.3186125,3.6283,0.6593,0.7119,3.2608,2.4305,0.8303000000000003,2.2342,0.4152,0.6852,0.9439,0.8349375,0.10896249999999996,0.7035,0.0545,0.7453,0.5491,0.4696875,0.07941250000000005,0.1897,0.0397,0.3455,1.6469,1.19125,0.4556500000000001,1.0508,0.2278,0.638,0.4691,0.4647125,0.004387500000000044,0.4546,0.0022,0.9691,0.7828,0.774775,0.00802500000000006,0.7386,0.004,0.9435,1.6758,1.0983749999999999,0.5774250000000001,1.2437,0.2887,0.7422,0.4773,0.421575,0.055725000000000025,0.4157,0.0279,0.8709
Jaden Hardy,1630702,WAS,PG,8.698,2.037,1.722,0.533,0.151,1.189,0.4288,0.7537,1.323,0.4266,1.722,0.151,0.533,1.323,raw_delquant_flat_file,14.2003,10.083470588235295,4.116829411764705,10.7564,2.0584,0.7575,5.0968,3.858882352941176,1.2379176470588238,2.656,0.619,0.5211,3.2608,2.2964117647058826,0.9643882352941175,2.2042,0.4822,0.676,0.9439,0.7468823529411764,0.19701764705882352,0.6315,0.0985,0.669,0.5491,0.4805294117647059,0.0685705882352941,0.1853,0.0343,0.3375,1.6469,1.3768235294117646,0.2700764705882355,1.324,0.135,0.8039,0.4691,0.4529117647058824,0.016188235294117614,0.4369,0.0081,0.9314,0.7828,0.7613705882352941,0.02142941176470592,0.7644,0.0107,0.9765,1.6758,1.0793529411764706,0.5964470588235293,1.6212,0.2982,0.9674,0.4773,0.42597058823529416,0.051329411764705846,0.4523,0.0257,0.9476
Chris Paul,101108,LAC,PG,4.991,2.117,3.715,0.756,0.084,1.041,0.4058,0.7879,0.86,0.3159,3.715,0.084,0.756,0.86,raw_delquant_flat_file,14.2003,9.250625,4.949675000000001,7.4658,2.4748,0.5257,5.0968,3.37875,1.7180499999999999,2.976,0.859,0.5839,3.2608,2.192375,1.068425,4.2492,0.5342,1.3031,0.9439,0.7555000000000001,0.1883999999999999,0.8502,0.0942,0.9007,0.5491,0.41118750000000004,0.1379125,0.153,0.069,0.2786,1.6469,1.1773125,0.46958750000000005,1.2758,0.2348,0.7747,0.4691,0.45813125,0.010968750000000027,0.4113,0.0055,0.8768,0.7828,0.77625,0.006550000000000056,0.7912,0.0033,1.0107,1.6758,1.0209375,0.6548624999999999,1.1874,0.3274,0.7086,0.4773,0.4134875,0.0638125,0.3478,0.0319,0.7287
Baylor Scheierman,1631248,BOS,PG,6.717,2.784,1.92,0.674,0.152,0.846,0.4276,0.8075,1.113,0.4158,1.92,0.152,0.674,1.113,raw_delquant_flat_file,14.2003,10.554846153846153,3.6454538461538473,8.5397,1.8227,0.6014,5.0968,4.29,0.8068,3.1874,0.4034,0.6254,3.2608,2.3656923076923078,0.8951076923076924,2.3676,0.4476,0.7261,0.9439,0.6874615384615385,0.2564384615384615,0.8022,0.1282,0.8499,0.5491,0.4480769230769231,0.10102307692307694,0.2025,0.0505,0.3688,1.6469,1.1839230769230769,0.4629769230769232,1.0775,0.2315,0.6543,0.4691,0.4659153846153846,0.003184615384615397,0.4292,0.0016,0.9149,0.7828,0.764453846153846,0.018346153846154012,0.8167,0.0092,1.0433,1.6758,1.2137692307692307,0.46203076923076924,1.344,0.231,0.802,0.4773,0.4291384615384616,0.04816153846153842,0.4399,0.0241,0.9216
Julian Strawther,1631124,DEN,PG,7.806,2.228,1.7,0.609,0.192,0.913,0.4361,0.7933,1.076,0.4149,1.7,0.192,0.609,1.076,raw_delquant_flat_file,14.2003,9.484444444444444,4.715855555555557,10.1639,2.3579,0.7158,5.0968,3.5435,1.5533000000000001,3.0047,0.7767,0.5895,3.2608,2.3794444444444443,0.8813555555555559,2.1407,0.4407,0.6565,0.9439,0.6557777777777778,0.28812222222222217,0.7531,0.1441,0.7979,0.5491,0.35344444444444445,0.19565555555555558,0.2898,0.0978,0.5278,1.6469,1.0929444444444443,0.5539555555555558,1.19,0.277,0.7226,0.4691,0.4566777777777778,0.012422222222222223,0.4423,0.0062,0.9429,0.7828,0.7742055555555556,0.00859444444444446,0.7976,0.0043,1.0189,1.6758,1.0026111111111111,0.6731888888888888,1.4126,0.3366,0.8429,0.4773,0.41878333333333334,0.05851666666666666,0.4442,0.0293,0.9307
Paul Reed,1630194,DET,SF,5.595,3.557,0.954,0.651,0.628,0.705,0.5333,0.6931,0.252,0.3827,0.954,0.628,0.651,0.252,raw_delquant_flat_file,14.2003,8.7513125,5.448987500000001,8.3195,2.7245,0.5859,5.0968,3.5715,1.5253,4.3196,0.7626,0.8475,3.2608,2.12,1.1408,1.5244,0.5704,0.4675,0.9439,0.7265625,0.21733749999999996,0.7597,0.1087,0.8049,0.5491,0.4360625,0.11303750000000001,0.6845,0.0565,1.2466,1.6469,1.1275,0.5194000000000001,0.9647,0.2597,0.5858,0.4691,0.45863750000000003,0.010462499999999986,0.5385,0.0052,1.1479,0.7828,0.7500125,0.03278750000000008,0.7095,0.0164,0.9064,1.6758,0.86675,0.8090499999999999,0.6565,0.4045,0.3918,0.4773,0.41046875,0.06683125000000001,0.4161,0.0334,0.8718
Pete Nance,1631250,MIL,SF,6.663,3.396,1.161,0.49,0.373,0.759,0.4786,0.6983,0.855,0.3915,1.161,0.373,0.49,0.855,raw_delquant_flat_file,14.2003,9.940999999999999,4.259300000000001,8.7927,2.1297,0.6192,5.0968,3.714555555555555,1.3822444444444448,4.0871,0.6911,0.8019,3.2608,2.2494444444444444,1.0113555555555558,1.6667,0.5057,0.5111,0.9439,0.7022222222222223,0.24167777777777766,0.6108,0.1208,0.6471,0.5491,0.381,0.16810000000000003,0.457,0.084,0.8323,1.6469,1.2697222222222222,0.37717777777777783,0.9476,0.1886,0.5754,0.4691,0.4623055555555556,0.006794444444444436,0.482,0.0034,1.0275,0.7828,0.7495888888888889,0.03321111111111119,0.7149,0.0166,0.9133,1.6758,1.103,0.5728,1.1414,0.2864,0.6811,0.4773,0.41657777777777777,0.06072222222222223,0.4219,0.0304,0.8839
Spencer Jones,1642461,DEN,SF,6.248,3.374,0.966,0.639,0.444,0.718,0.4673,0.7076,0.673,0.3971,0.966,0.444,0.639,0.673,raw_delquant_flat_file,14.2003,9.484444444444444,4.715855555555557,8.6059,2.3579,0.606,5.0968,3.5435,1.5533000000000001,4.1507,0.7767,0.8144,3.2608,2.3794444444444443,0.8813555555555559,1.4067,0.4407,0.4314,0.9439,0.6557777777777778,0.28812222222222217,0.7831,0.1441,0.8296,0.5491,0.35344444444444445,0.19565555555555558,0.5418,0.0978,0.9867,1.6469,1.0929444444444443,0.5539555555555558,0.995,0.277,0.6042,0.4691,0.4566777777777778,0.012422222222222223,0.4735,0.0062,1.0094,0.7828,0.7742055555555556,0.00859444444444446,0.7119,0.0043,0.9094,1.6758,1.0026111111111111,0.6731888888888888,1.0096,0.3366,0.6025,0.4773,0.41878333333333334,0.05851666666666666,0.4264,0.0293,0.8934
Johnny Furphy,1642277,IND,PG,6.428,2.962,1.657,0.641,0.242,0.943,0.4362,0.7205,0.806,0.4369,1.657,0.242,0.641,0.806,raw_delquant_flat_file,14.2003,9.299555555555555,4.900744444444445,8.8784,2.4504,0.6252,5.0968,3.769944444444444,1.326855555555556,3.6254,0.6634,0.7113,3.2608,2.2429444444444444,1.0178555555555557,2.1659,0.5089,0.6642,0.9439,0.6926111111111112,0.2512888888888888,0.7666,0.1256,0.8122,0.5491,0.4008333333333333,0.1482666666666667,0.3161,0.0741,0.5757,1.6469,1.1437777777777778,0.5031222222222222,1.1946,0.2516,0.7254,0.4691,0.4635222222222223,0.005577777777777737,0.439,0.0028,0.9358,0.7828,0.7666499999999999,0.01615000000000011,0.7286,0.0081,0.9308,1.6758,0.973388888888889,0.702411111111111,1.1572,0.3512,0.6905,0.4773,0.41789444444444446,0.059405555555555545,0.4666,0.0297,0.9776
Leonard Miller,1631159,CHI,SF,6.708,3.474,0.926,0.485,0.371,0.754,0.4906,0.741,0.579,0.408,0.926,0.371,0.485,0.579,raw_delquant_flat_file,14.2003,8.785941176470587,5.4143588235294136,9.4152,2.7072,0.663,5.0968,3.5295882352941175,1.5672117647058825,4.2576,0.7836,0.8353,3.2608,2.0900588235294117,1.1707411764705884,1.5114,0.5854,0.4635,0.9439,0.6158823529411765,0.3280176470588234,0.649,0.164,0.6876,0.5491,0.38964705882352946,0.15945294117647058,0.4507,0.0797,0.8208,1.6469,1.1739411764705883,0.47295882352941176,0.9905,0.2365,0.6014,0.4691,0.4611058823529412,0.007994117647058818,0.4946,0.004,1.0544,0.7828,0.7538823529411764,0.028917647058823603,0.7555,0.0145,0.9651,1.6758,0.949,0.7268,0.9424,0.3634,0.5624,0.4773,0.4102058823529412,0.0670941176470588,0.4415,0.0335,0.925
Jeremy Sochan,1631110,NYK,SF,6.062,3.604,1.317,0.505,0.339,0.872,0.4842,0.7091,0.387,0.376,1.317,0.339,0.505,0.387,raw_delquant_flat_file,14.2003,9.263352941176471,4.936947058823529,8.5305,2.4685,0.6007,5.0968,3.6023529411764708,1.4944470588235292,4.3512,0.7472,0.8537,3.2608,2.2386470588235294,1.0221529411764707,1.8281,0.5111,0.5606,0.9439,0.686235294117647,0.2576647058823529,0.6338,0.1288,0.6715,0.5491,0.3651764705882353,0.1839235294117647,0.431,0.092,0.7849,1.6469,1.1476470588235292,0.4992529411764708,1.1216,0.2496,0.681,0.4691,0.46367058823529417,0.005429411764705849,0.4869,0.0027,1.0379,0.7828,0.7486411764705883,0.0341588235294118,0.7262,0.0171,0.9277,1.6758,1.0059411764705881,0.6698588235294118,0.7219,0.3349,0.4308,0.4773,0.4239882352941176,0.05331176470588239,0.4027,0.0267,0.8437
Tyus Jones,1626145,DEN,PG,5.743,1.626,3.138,0.621,0.106,0.678,0.4232,0.8087,0.965,0.3781,3.138,0.106,0.621,0.965,raw_delquant_flat_file,14.2003,9.484444444444444,4.715855555555557,8.1009,2.3579,0.5705,5.0968,3.5435,1.5533000000000001,2.4026,0.7766,0.4714,3.2608,2.3794444444444443,0.8813555555555559,3.5787,0.4407,1.0975,0.9439,0.6557777777777778,0.28812222222222217,0.7651,0.1441,0.8106,0.5491,0.35344444444444445,0.19565555555555558,0.2038,0.0978,0.3712,1.6469,1.0929444444444443,0.5539555555555558,0.955,0.277,0.5799,0.4691,0.4566777777777778,0.012422222222222223,0.4294,0.0062,0.9154,0.7828,0.7742055555555556,0.00859444444444446,0.813,0.0043,1.0386,1.6758,1.0026111111111111,0.6731888888888888,1.3016,0.3366,0.7767,0.4773,0.41878333333333334,0.05851666666666666,0.4074,0.0293,0.8536
Moritz Wagner,1629021,ORL,PF,7.154,3.399,0.895,0.478,0.228,0.812,0.4936,0.7573,0.51,0.3665,0.895,0.228,0.478,0.51,raw_delquant_flat_file,14.2003,9.959933333333334,4.240366666666667,9.2742,2.1202,0.6531,5.0968,3.8836,1.2132,4.0056,0.6066,0.7859,3.2608,2.1512666666666664,1.1095333333333337,1.4498,0.5548,0.4446,0.9439,0.7268000000000001,0.21709999999999985,0.5865,0.1085,0.6214,0.5491,0.4478,0.10130000000000006,0.2787,0.0507,0.5076,1.6469,1.2436666666666667,0.40323333333333333,1.0136,0.2016,0.6155,0.4691,0.45659333333333335,0.012506666666666666,0.4999,0.0063,1.0657,0.7828,0.7623666666666666,0.020433333333333414,0.7675,0.0102,0.9805,1.6758,0.9354666666666667,0.7403333333333333,0.8802,0.3702,0.5252,0.4773,0.43374666666666667,0.04355333333333333,0.3883,0.0218,0.8135
Nicolas Batum,201587,LAC,SG,5.679,2.688,1.738,0.704,0.333,0.762,0.4266,0.8039,1.165,0.3983,1.738,0.333,0.704,1.165,raw_delquant_flat_file,14.2003,9.250625,4.949675000000001,8.1538,2.4748,0.5742,5.0968,3.37875,1.7180499999999999,3.547,0.859,0.6959,3.2608,2.192375,1.068425,2.2722,0.5342,0.6968,0.9439,0.7555000000000001,0.1883999999999999,0.7982,0.0942,0.8456,0.5491,0.41118750000000004,0.1379125,0.402,0.069,0.7321,1.6469,1.1773125,0.46958750000000005,0.9968,0.2348,0.6053,0.4691,0.45813125,0.010968750000000027,0.4321,0.0055,0.9211,0.7828,0.77625,0.006550000000000056,0.8072,0.0033,1.0312,1.6758,1.0209375,0.6548624999999999,1.4924,0.3274,0.8906,0.4773,0.4134875,0.0638125,0.4302,0.0319,0.9013
Josh Minott,1631169,BKN,SF,6.35,3.059,0.931,0.621,0.427,0.745,0.4767,0.7495,0.751,0.3889,0.931,0.427,0.621,0.751,raw_delquant_flat_file,14.2003,8.809833333333334,5.390466666666667,9.0452,2.6952,0.637,5.0968,3.629055555555555,1.467744444444445,3.7929,0.7339,0.7442,3.2608,1.9996111111111112,1.261188888888889,1.5616,0.6306,0.4789,0.9439,0.7076666666666667,0.2362333333333333,0.7391,0.1181,0.783,0.5491,0.4147222222222222,0.13437777777777782,0.4942,0.0672,0.9,1.6469,1.1893333333333334,0.4575666666666667,0.9738,0.2288,0.5913,0.4691,0.4530777777777778,0.016022222222222215,0.4847,0.008,1.0333,0.7828,0.7681388888888888,0.014661111111111236,0.7568,0.0073,0.9668,1.6758,1.0036111111111112,0.6721888888888887,1.0871,0.3361,0.6487,0.4773,0.41187222222222225,0.06542777777777775,0.4216,0.0327,0.8833
Nate Williams,1631466,GSW,PG,7.418,2.116,1.738,0.605,0.143,1.006,0.4512,0.8015,0.913,0.4181,1.738,0.143,0.605,0.913,raw_delquant_flat_file,14.2003,9.445555555555556,4.754744444444444,9.7954,2.3774,0.6898,5.0968,3.606555555555556,1.490244444444444,2.8611,0.7451,0.5614,3.2608,2.3485555555555555,0.9122444444444446,2.1941,0.4561,0.6729,0.9439,0.7605555555555555,0.18334444444444442,0.6967,0.0917,0.7381,0.5491,0.41038888888888886,0.13871111111111117,0.2124,0.0694,0.3868,1.6469,1.1836111111111112,0.46328888888888886,1.2376,0.2316,0.7515,0.4691,0.46147777777777776,0.007622222222222252,0.455,0.0038,0.9699,0.7828,0.7820055555555556,0.000794444444444431,0.8019,0.0004,1.0244,1.6758,1.1357222222222223,0.5400777777777777,1.183,0.27,0.7059,0.4773,0.39902777777777776,0.07827222222222224,0.4572,0.0391,0.9579
Jevon Carter,1628975,ORL,PG,6.746,1.873,1.906,0.674,0.179,0.793,0.4104,0.8045,1.215,0.3937,1.906,0.179,0.674,1.215,raw_delquant_flat_file,14.2003,9.959933333333334,4.240366666666667,8.8662,2.1202,0.6244,5.0968,3.8836,1.2132,2.4796,0.6066,0.4865,3.2608,2.1512666666666664,1.1095333333333337,2.4608,0.5548,0.7547,0.9439,0.7268000000000001,0.21709999999999985,0.7826,0.1086,0.8291,0.5491,0.4478,0.10130000000000006,0.2296,0.0506,0.4181,1.6469,1.2436666666666667,0.40323333333333333,0.9946,0.2016,0.6039,0.4691,0.45659333333333335,0.012506666666666666,0.4167,0.0063,0.8883,0.7828,0.7623666666666666,0.020433333333333414,0.8147,0.0102,1.0408,1.6758,0.9354666666666667,0.7403333333333333,1.5852,0.3702,0.9459,0.4773,0.43374666666666667,0.04355333333333333,0.4155,0.0218,0.8705
Jordan Walsh,1641775,BOS,PG,6.021,2.802,1.463,0.635,0.309,0.81,0.4467,0.7673,0.774,0.4259,1.463,0.309,0.635,0.774,raw_delquant_flat_file,14.2003,10.554846153846153,3.6454538461538473,7.8437,1.8227,0.5524,5.0968,4.29,0.8068,3.2054,0.4034,0.6289,3.2608,2.3656923076923078,0.8951076923076924,1.9106,0.4476,0.5859,0.9439,0.6874615384615385,0.2564384615384615,0.7632,0.1282,0.8086,0.5491,0.4480769230769231,0.10102307692307694,0.3595,0.0505,0.6547,1.6469,1.1839230769230769,0.4629769230769232,1.0415,0.2315,0.6324,0.4691,0.4659153846153846,0.003184615384615397,0.4483,0.0016,0.9557,0.7828,0.764453846153846,0.018346153846154012,0.7765,0.0092,0.992,1.6758,1.2137692307692307,0.46203076923076924,1.005,0.231,0.5997,0.4773,0.4291384615384616,0.04816153846153842,0.45,0.0241,0.9428
Guerschon Yabusele,1627824,CHI,SF,6.036,3.622,1.061,0.482,0.279,0.715,0.4499,0.7128,0.821,0.3484,1.061,0.279,0.482,0.821,raw_delquant_flat_file,14.2003,8.785941176470587,5.4143588235294136,8.7432,2.7072,0.6157,5.0968,3.5295882352941175,1.5672117647058825,4.4056,0.7836,0.8644,3.2608,2.0900588235294117,1.1707411764705884,1.6464,0.5854,0.5049,0.9439,0.6158823529411765,0.3280176470588234,0.646,0.164,0.6844,0.5491,0.38964705882352946,0.15945294117647058,0.3587,0.0797,0.6533,1.6469,1.1739411764705883,0.47295882352941176,0.9515,0.2365,0.5778,0.4691,0.4611058823529412,0.007994117647058818,0.4539,0.004,0.9676,0.7828,0.7538823529411764,0.028917647058823603,0.7273,0.0145,0.9291,1.6758,0.949,0.7268,1.1844,0.3634,0.7068,0.4773,0.4102058823529412,0.0670941176470588,0.3819,0.0335,0.8001
Bryce McGowens,1631121,NOP,PG,7.007,2.045,1.66,0.595,0.183,0.803,0.4435,0.7839,0.801,0.4266,1.66,0.183,0.595,0.801,raw_delquant_flat_file,14.2003,10.4724,3.7279,8.871,1.864,0.6247,5.0968,4.337199999999999,0.7596000000000007,2.4248,0.3798,0.4757,3.2608,2.329333333333333,0.9314666666666671,2.1257,0.4657,0.6519,0.9439,0.7901333333333334,0.1537666666666666,0.6719,0.0769,0.7118,0.5491,0.5034666666666666,0.045633333333333415,0.2058,0.0228,0.3748,1.6469,1.3388,0.30810000000000004,0.957,0.154,0.5811,0.4691,0.4649933333333333,0.004106666666666703,0.4456,0.0021,0.9499,0.7828,0.7565666666666666,0.026233333333333442,0.797,0.0131,1.0181,1.6758,0.9537333333333333,0.7220666666666666,1.162,0.361,0.6934,0.4773,0.4297066666666666,0.047593333333333376,0.4504,0.0238,0.9436
Jalen Pickett,1629618,DEN,PG,6.375,2.121,2.274,0.52,0.154,0.881,0.43,0.7947,0.949,0.4127,2.274,0.154,0.52,0.949,raw_delquant_flat_file,14.2003,9.484444444444444,4.715855555555557,8.7329,2.3579,0.615,5.0968,3.5435,1.5533000000000001,2.8976,0.7766,0.5685,3.2608,2.3794444444444443,0.8813555555555559,2.7147,0.4407,0.8325,0.9439,0.6557777777777778,0.28812222222222217,0.6641,0.1441,0.7036,0.5491,0.35344444444444445,0.19565555555555558,0.2518,0.0978,0.4586,1.6469,1.0929444444444443,0.5539555555555558,1.158,0.277,0.7031,0.4691,0.4566777777777778,0.012422222222222223,0.4362,0.0062,0.9299,0.7828,0.7742055555555556,0.00859444444444446,0.799,0.0043,1.0207,1.6758,1.0026111111111111,0.6731888888888888,1.2856,0.3366,0.7672,0.4773,0.41878333333333334,0.05851666666666666,0.442,0.0293,0.926
Kobe Brown,1641738,IND,SF,5.975,3.258,1.134,0.475,0.306,0.774,0.4677,0.7409,0.636,0.3915,1.134,0.306,0.475,0.636,raw_delquant_flat_file,14.2003,9.299555555555555,4.900744444444445,8.4254,2.4504,0.5933,5.0968,3.769944444444444,1.326855555555556,3.9214,0.6634,0.7694,3.2608,2.2429444444444444,1.0178555555555557,1.6429,0.5089,0.5038,0.9439,0.6926111111111112,0.2512888888888888,0.6006,0.1256,0.6363,0.5491,0.4008333333333333,0.1482666666666667,0.3801,0.0741,0.6922,1.6469,1.1437777777777778,0.5031222222222222,1.0256,0.2516,0.6227,0.4691,0.4635222222222223,0.005577777777777737,0.4705,0.0028,1.003,0.7828,0.7666499999999999,0.01615000000000011,0.749,0.0081,0.9568,1.6758,0.973388888888889,0.702411111111111,0.9872,0.3512,0.5891,0.4773,0.41789444444444446,0.059405555555555545,0.4212,0.0297,0.8825
Rayan Rupert,1641712,MEM,SG,6.201,2.508,1.584,0.667,0.178,0.981,0.4101,0.7805,0.78,0.4369,1.584,0.178,0.667,0.78,raw_delquant_flat_file,14.2003,9.42378947368421,4.776510526315791,8.5893,2.3883,0.6049,5.0968,3.582263157894737,1.514536842105263,3.2653,0.7573,0.6407,3.2608,2.3693684210526316,0.8914315789473686,2.0297,0.4457,0.6225,0.9439,0.7777894736842105,0.1661105263157895,0.7501,0.0831,0.7947,0.5491,0.3871578947368421,0.16194210526315794,0.259,0.081,0.4717,1.6469,1.2790526315789474,0.3678473684210526,1.1649,0.1839,0.7073,0.4691,0.452621052631579,0.016478947368421037,0.4183,0.0082,0.8917,0.7828,0.7797315789473684,0.003068421052631609,0.782,0.0015,0.999,1.6758,1.0590526315789475,0.6167473684210525,1.0884,0.3084,0.6495,0.4773,0.410321052631579,0.06697894736842103,0.4704,0.0335,0.9855
Sidy Cissoko,1631321,POR,PG,6.14,2.207,1.768,0.63,0.243,0.955,0.4276,0.73,0.747,0.4259,1.768,0.243,0.63,0.747,raw_delquant_flat_file,14.2003,9.020555555555555,5.179744444444445,8.7299,2.5899,0.6148,5.0968,3.5888333333333335,1.5079666666666665,2.961,0.754,0.581,3.2608,2.1012222222222223,1.1595777777777778,2.3478,0.5798,0.72,0.9439,0.7107777777777778,0.23312222222222212,0.7466,0.1166,0.791,0.5491,0.4397777777777778,0.10932222222222221,0.2977,0.0547,0.5422,1.6469,1.2561666666666667,0.3907333333333334,1.1504,0.1954,0.6985,0.4691,0.4412666666666667,0.02783333333333332,0.4415,0.0139,0.9412,0.7828,0.7468,0.03600000000000003,0.748,0.018,0.9555,1.6758,1.005111111111111,0.6706888888888889,1.0823,0.3353,0.6458,0.4773,0.43099444444444446,0.046305555555555544,0.4491,0.0232,0.9409
Gabe Vincent,1629216,ATL,PG,6.437,1.686,1.934,0.709,0.131,0.801,0.3997,0.807,1.101,0.4089,1.934,0.131,0.709,1.101,raw_delquant_flat_file,14.2003,9.143944444444445,5.056355555555555,8.9652,2.5282,0.6313,5.0968,3.657666666666666,1.4391333333333338,2.4056,0.7196,0.472,3.2608,2.035888888888889,1.224911111111111,2.5465,0.6125,0.7809,0.9439,0.709111111111111,0.23478888888888894,0.8264,0.1174,0.8755,0.5491,0.4205,0.12860000000000005,0.1953,0.0643,0.3557,1.6469,1.1113888888888888,0.5355111111111113,1.0688,0.2678,0.649,0.4691,0.4601722222222222,0.008927777777777812,0.4042,0.0045,0.8616,0.7828,0.7444944444444445,0.03830555555555559,0.8262,0.0192,1.0554,1.6758,1.0002222222222223,0.6755777777777776,1.4388,0.3378,0.8586,0.4773,0.4212388888888889,0.05606111111111112,0.4369,0.028,0.9154
Tristan Vukcevic,1641774,WAS,SF,6.52,2.848,0.894,0.395,0.498,0.881,0.4682,0.7542,0.672,0.3832,0.894,0.498,0.395,0.672,raw_delquant_flat_file,14.2003,10.083470588235295,4.116829411764705,8.5784,2.0584,0.6041,5.0968,3.858882352941176,1.2379176470588238,3.467,0.619,0.6802,3.2608,2.2964117647058826,0.9643882352941175,1.3762,0.4822,0.422,0.9439,0.7468823529411764,0.19701764705882352,0.4935,0.0985,0.5228,0.5491,0.4805294117647059,0.0685705882352941,0.5323,0.0343,0.9694,1.6469,1.3768235294117646,0.2700764705882355,1.016,0.135,0.6169,0.4691,0.4529117647058824,0.016188235294117614,0.4763,0.0081,1.0153,0.7828,0.7613705882352941,0.02142941176470592,0.7649,0.0107,0.9771,1.6758,1.0793529411764706,0.5964470588235293,0.9702,0.2982,0.5789,0.4773,0.42597058823529416,0.051329411764705846,0.4089,0.0257,0.8567
Anthony Gill,1630264,WAS,SF,5.899,3.01,1.217,0.496,0.302,0.721,0.4992,0.7448,0.504,0.3723,1.217,0.302,0.496,0.504,raw_delquant_flat_file,14.2003,10.083470588235295,4.116829411764705,7.9574,2.0584,0.5604,5.0968,3.858882352941176,1.2379176470588238,3.629,0.619,0.712,3.2608,2.2964117647058826,0.9643882352941175,1.6992,0.4822,0.5211,0.9439,0.7468823529411764,0.19701764705882352,0.5945,0.0985,0.6298,0.5491,0.4805294117647059,0.0685705882352941,0.3363,0.0343,0.6125,1.6469,1.3768235294117646,0.2700764705882355,0.856,0.135,0.5198,0.4691,0.4529117647058824,0.016188235294117614,0.5073,0.0081,1.0814,0.7828,0.7613705882352941,0.02142941176470592,0.7555,0.0107,0.9651,1.6758,1.0793529411764706,0.5964470588235293,0.8022,0.2982,0.4787,0.4773,0.42597058823529416,0.051329411764705846,0.398,0.0257,0.8339
Karlo Matković,1631255,NOP,PF,5.332,3.329,0.796,0.411,0.626,0.647,0.5324,0.7317,0.478,0.3639,0.796,0.626,0.411,0.478,raw_delquant_flat_file,14.2003,10.4724,3.7279,7.196,1.864,0.5067,5.0968,4.337199999999999,0.7596000000000007,3.7088,0.3798,0.7277,3.2608,2.329333333333333,0.9314666666666671,1.2617,0.4657,0.3869,0.9439,0.7901333333333334,0.1537666666666666,0.4879,0.0769,0.5169,0.5491,0.5034666666666666,0.045633333333333415,0.6488,0.0228,1.1816,1.6469,1.3388,0.30810000000000004,0.801,0.154,0.4864,0.4691,0.4649933333333333,0.004106666666666703,0.5345,0.0021,1.1394,0.7828,0.7565666666666666,0.026233333333333442,0.7448,0.0131,0.9515,1.6758,0.9537333333333333,0.7220666666666666,0.839,0.361,0.5007,0.4773,0.4297066666666666,0.047593333333333376,0.3877,0.0238,0.8123
Tre Mann,1630544,CHA,PG,6.604,1.98,1.96,0.561,0.128,1.052,0.4102,0.8104,0.904,0.4046,1.96,0.128,0.561,0.904,raw_delquant_flat_file,14.2003,8.990764705882352,5.209535294117648,9.2088,2.6048,0.6485,5.0968,3.619529411764706,1.4772705882352941,2.7186,0.7386,0.5334,3.2608,1.9743529411764706,1.2864470588235295,2.6032,0.6432,0.7983,0.9439,0.615,0.32889999999999997,0.7254,0.1644,0.7685,0.5491,0.37982352941176467,0.16927647058823536,0.2126,0.0846,0.3872,1.6469,1.1689411764705882,0.4779588235294119,1.291,0.239,0.7839,0.4691,0.45489999999999997,0.014200000000000046,0.4173,0.0071,0.8896,0.7828,0.7540470588235294,0.028752941176470648,0.8248,0.0144,1.0537,1.6758,1.0884705882352943,0.5873294117647057,1.1977,0.2937,0.7147,0.4773,0.4224823529411765,0.054817647058823527,0.432,0.0274,0.9051
Caleb Martin,1628997,DAL,SF,5.282,3.017,1.292,0.622,0.333,0.779,0.4357,0.6542,0.519,0.3484,1.292,0.333,0.622,0.519,raw_delquant_flat_file,14.2003,9.4712,4.729100000000001,7.6466,2.3646,0.5385,5.0968,3.9284,1.1684,3.6012,0.5842,0.7066,3.2608,2.088,1.1728,1.8784,0.5864,0.5761,0.9439,0.6827500000000001,0.2611499999999999,0.7526,0.1306,0.7973,0.5491,0.4574,0.09170000000000006,0.3788,0.0458,0.6899,1.6469,1.1912,0.4557,1.0068,0.2278,0.6113,0.4691,0.463675,0.005425000000000013,0.4384,0.0027,0.9346,0.7828,0.755695,0.027105000000000046,0.6678,0.0136,0.8531,1.6758,0.893,0.7827999999999999,0.9104,0.3914,0.5433,0.4773,0.41499499999999995,0.062305000000000055,0.3796,0.0312,0.7953
Kevon Looney,1626172,NOP,SF,3.7,4.492,1.208,0.428,0.387,0.508,0.4672,0.6465,0.152,0.3484,1.208,0.387,0.428,0.152,raw_delquant_flat_file,14.2003,10.4724,3.7279,5.564,1.864,0.3918,5.0968,4.337199999999999,0.7596000000000007,4.8718,0.3798,0.9559,3.2608,2.329333333333333,0.9314666666666671,1.6737,0.4657,0.5133,0.9439,0.7901333333333334,0.1537666666666666,0.5049,0.0769,0.5349,0.5491,0.5034666666666666,0.045633333333333415,0.4098,0.0228,0.7463,1.6469,1.3388,0.30810000000000004,0.662,0.154,0.402,0.4691,0.4649933333333333,0.004106666666666703,0.4693,0.0021,1.0004,0.7828,0.7565666666666666,0.026233333333333442,0.6596,0.0131,0.8426,1.6758,0.9537333333333333,0.7220666666666666,0.513,0.361,0.3061,0.4773,0.4297066666666666,0.047593333333333376,0.3722,0.0238,0.7798
Kelly Olynyk,203482,SAS,PF,4.943,3.006,1.7,0.522,0.24,0.907,0.4876,0.7604,0.414,0.3153,1.7,0.24,0.522,0.414,raw_delquant_flat_file,14.2003,8.8863125,5.3139875,7.6,2.657,0.5352,5.0968,3.6095625,1.4872375,3.7496,0.7436,0.7357,3.2608,2.0776875,1.1831125,2.2916,0.5916,0.7028,0.9439,0.64025,0.30365,0.6738,0.1518,0.7138,0.5491,0.438375,0.11072500000000002,0.2954,0.0554,0.538,1.6469,1.095,0.5519000000000001,1.183,0.276,0.7183,0.4691,0.4674875,0.0016125000000000167,0.4884,0.0008,1.0411,0.7828,0.7385375,0.04426250000000009,0.7825,0.0221,0.9996,1.6758,0.9138124999999999,0.7619875,0.795,0.381,0.4744,0.4773,0.421575,0.055725000000000025,0.3432,0.0279,0.719
Gradey Dick,1641711,TOR,SG,7.015,2.055,1.139,0.577,0.114,0.815,0.4127,0.8305,0.964,0.4243,1.139,0.114,0.577,0.964,raw_delquant_flat_file,14.2003,9.236749999999999,4.9635500000000015,9.4968,2.4818,0.6688,5.0968,3.6478125,1.4489874999999999,2.7795,0.7245,0.5453,3.2608,2.18275,1.0780500000000002,1.678,0.539,0.5146,0.9439,0.678875,0.26502499999999996,0.7095,0.1325,0.7517,0.5491,0.401625,0.14747500000000002,0.1877,0.0737,0.3418,1.6469,1.1529375,0.4939625000000001,1.062,0.247,0.6448,0.4691,0.4618875,0.007212500000000011,0.4163,0.0036,0.8874,0.7828,0.7451625,0.0376375000000001,0.8493,0.0188,1.085,1.6758,0.855875,0.8199249999999999,1.374,0.41,0.8199,0.4773,0.43621875,0.041081250000000014,0.4448,0.0205,0.9319
Moussa Cisse,1630619,DAL,C,3.98,4.096,0.399,0.342,0.842,0.7,0.5398,0.544,0.042,0.3429,0.399,0.842,0.342,0.042,raw_delquant_flat_file,14.2003,9.4712,4.729100000000001,6.3446,2.3646,0.4468,5.0968,3.9284,1.1684,4.6802,0.5842,0.9183,3.2608,2.088,1.1728,0.9854,0.5864,0.3022,0.9439,0.6827500000000001,0.2611499999999999,0.4726,0.1306,0.5007,0.5491,0.4574,0.09170000000000006,0.8878,0.0458,1.6168,1.6469,1.1912,0.4557,0.9278,0.2278,0.5634,0.4691,0.463675,0.005425000000000013,0.5425,0.0027,1.1565,0.7828,0.755695,0.027105000000000046,0.5576,0.0136,0.7123,1.6758,0.893,0.7827999999999999,0.4334,0.3914,0.2586,0.4773,0.41499499999999995,0.062305000000000055,0.3741,0.0312,0.7838
Trayce Jackson-Davis,1631218,TOR,SF,4.874,3.342,0.924,0.359,0.516,0.585,0.5453,0.5923,0.141,0.3827,0.924,0.516,0.359,0.141,raw_delquant_flat_file,14.2003,9.236749999999999,4.9635500000000015,7.3558,2.4818,0.518,5.0968,3.6478125,1.4489874999999999,4.0665,0.7245,0.7979,3.2608,2.18275,1.0780500000000002,1.463,0.539,0.4487,0.9439,0.678875,0.26502499999999996,0.4915,0.1325,0.5207,0.5491,0.401625,0.14747500000000002,0.5897,0.0737,1.0739,1.6469,1.1529375,0.4939625000000001,0.832,0.247,0.5052,0.4691,0.4618875,0.007212500000000011,0.5489,0.0036,1.1701,0.7828,0.7451625,0.0376375000000001,0.6111,0.0188,0.7807,1.6758,0.855875,0.8199249999999999,0.551,0.41,0.3288,0.4773,0.43621875,0.041081250000000014,0.4032,0.0205,0.8448
Charles Bassey,1629646,GSW,PF,4.354,3.7,0.561,0.311,0.708,0.635,0.5733,0.6649,0.05,0.3632,0.561,0.708,0.311,0.05,raw_delquant_flat_file,14.2003,9.445555555555556,4.754744444444444,6.7314,2.3774,0.474,5.0968,3.606555555555556,1.490244444444444,4.4451,0.7451,0.8721,3.2608,2.3485555555555555,0.9122444444444446,1.0171,0.4561,0.3119,0.9439,0.7605555555555555,0.18334444444444442,0.4027,0.0917,0.4266,0.5491,0.41038888888888886,0.13871111111111117,0.7774,0.0694,1.4158,1.6469,1.1836111111111112,0.46328888888888886,0.8666,0.2316,0.5262,0.4691,0.46147777777777776,0.007622222222222252,0.5771,0.0038,1.2302,0.7828,0.7820055555555556,0.000794444444444431,0.6653,0.0004,0.8499,1.6758,1.1357222222222223,0.5400777777777777,0.32,0.27,0.191,0.4773,0.39902777777777776,0.07827222222222224,0.4023,0.0391,0.8429
Jonathan Isaac,1628371,ORL,SF,4.167,3.175,0.574,0.514,0.639,0.471,0.4418,0.6683,0.343,0.3665,0.574,0.639,0.514,0.343,raw_delquant_flat_file,14.2003,9.959933333333334,4.240366666666667,6.2872,2.1202,0.4428,5.0968,3.8836,1.2132,3.7816,0.6066,0.742,3.2608,2.1512666666666664,1.1095333333333337,1.1288,0.5548,0.3462,0.9439,0.7268000000000001,0.21709999999999985,0.6225,0.1085,0.6595,0.5491,0.4478,0.10130000000000006,0.6897,0.0507,1.2561,1.6469,1.2436666666666667,0.40323333333333333,0.6726,0.2016,0.4084,0.4691,0.45659333333333335,0.012506666666666666,0.4481,0.0063,0.9552,0.7828,0.7623666666666666,0.020433333333333414,0.6785,0.0102,0.8668,1.6758,0.9354666666666667,0.7403333333333333,0.7132,0.3702,0.4256,0.4773,0.43374666666666667,0.04355333333333333,0.3883,0.0218,0.8135
Thomas Bryant,1628418,CLE,PF,5.097,3.347,0.581,0.304,0.472,0.529,0.5081,0.7626,0.418,0.3466,0.581,0.472,0.304,0.418,raw_delquant_flat_file,14.2003,9.614411764705881,4.585888235294119,7.3899,2.2929,0.5204,5.0968,3.805411764705883,1.291388235294117,3.9927,0.6457,0.7834,3.2608,2.4610588235294117,0.7997411764705884,0.9809,0.3999,0.3008,0.9439,0.7529411764705882,0.19095882352941174,0.3995,0.0955,0.4232,0.5491,0.4275294117647059,0.12157058823529415,0.5328,0.0608,0.9703,1.6469,1.1886470588235294,0.45825294117647064,0.7581,0.2291,0.4603,0.4691,0.4603,0.00880000000000003,0.5125,0.0044,1.0925,0.7828,0.773,0.009800000000000031,0.7675,0.0049,0.9805,1.6758,1.1414705882352942,0.5343294117647057,0.6852,0.2672,0.4089,0.4773,0.4022529411764706,0.07504705882352941,0.3841,0.0375,0.8047
Larry Nance Jr.,1626204,CLE,PF,4.521,3.091,1.036,0.575,0.284,0.585,0.4729,0.6757,0.577,0.3269,1.036,0.284,0.575,0.577,raw_delquant_flat_file,14.2003,9.614411764705881,4.585888235294119,6.8139,2.2929,0.4798,5.0968,3.805411764705883,1.291388235294117,3.7367,0.6457,0.7331,3.2608,2.4610588235294117,0.7997411764705884,1.4359,0.3999,0.4404,0.9439,0.7529411764705882,0.19095882352941174,0.6705,0.0955,0.7104,0.5491,0.4275294117647059,0.12157058823529415,0.3448,0.0608,0.6279,1.6469,1.1886470588235294,0.45825294117647064,0.8141,0.2291,0.4943,0.4691,0.4603,0.00880000000000003,0.4773,0.0044,1.0175,0.7828,0.773,0.009800000000000031,0.6806,0.0049,0.8694,1.6758,1.1414705882352942,0.5343294117647057,0.8442,0.2672,0.5038,0.4773,0.4022529411764706,0.07504705882352941,0.3644,0.0375,0.7635
Garrett Temple,202066,TOR,SG,5.409,1.642,1.989,0.609,0.128,0.835,0.429,0.84,0.421,0.4622,1.989,0.128,0.609,0.421,raw_delquant_flat_file,14.2003,9.236749999999999,4.9635500000000015,7.8908,2.4818,0.5557,5.0968,3.6478125,1.4489874999999999,2.3665,0.7245,0.4643,3.2608,2.18275,1.0780500000000002,2.528,0.539,0.7753,0.9439,0.678875,0.26502499999999996,0.7415,0.1325,0.7856,0.5491,0.401625,0.14747500000000002,0.2017,0.0737,0.3673,1.6469,1.1529375,0.4939625000000001,1.082,0.247,0.657,0.4691,0.4618875,0.007212500000000011,0.4326,0.0036,0.9222,0.7828,0.7451625,0.0376375000000001,0.8588,0.0188,1.0971,1.6758,0.855875,0.8199249999999999,0.831,0.41,0.4959,0.4773,0.43621875,0.041081250000000014,0.4827,0.0205,1.0113
Doug McDermott,203926,SAC,SF,5.977,2.209,1.065,0.369,0.214,0.623,0.4277,0.7651,1.171,0.3526,1.065,0.214,0.369,1.171,raw_delquant_flat_file,14.2003,11.1313125,3.0689875000000004,7.5115,1.5345,0.529,5.0968,4.452625,0.6441749999999997,2.5311,0.3221,0.4966,3.2608,2.650875,0.609925,1.37,0.305,0.4201,0.9439,0.7828125,0.16108749999999994,0.4495,0.0805,0.4762,0.5491,0.4605,0.08860000000000001,0.2583,0.0443,0.4704,1.6469,1.4098125,0.23708750000000012,0.7415,0.1185,0.4502,0.4691,0.4689375,0.00016250000000000986,0.4278,0.0001,0.912,0.7828,0.76156875,0.021231250000000035,0.7757,0.0106,0.9909,1.6758,1.0809374999999999,0.5948625000000001,1.4684,0.2974,0.8762,0.4773,0.41033125,0.06696875000000002,0.3861,0.0335,0.8089
Jabari Walker,1631133,PHI,SF,4.855,3.315,0.631,0.417,0.245,0.571,0.4653,0.7169,0.408,0.3832,0.631,0.245,0.417,0.408,raw_delquant_flat_file,14.2003,9.916666666666666,4.283633333333334,6.9968,2.1418,0.4927,5.0968,3.947611111111111,1.1491888888888888,3.8896,0.5746,0.7631,3.2608,2.145888888888889,1.1149111111111112,1.1885,0.5575,0.3645,0.9439,0.7621666666666667,0.1817333333333333,0.5079,0.0909,0.5381,0.5491,0.4476111111111111,0.1014888888888889,0.2957,0.0507,0.5385,1.6469,1.2115,0.4354,0.7887,0.2177,0.4789,0.4691,0.4532722222222222,0.01582777777777783,0.4732,0.0079,1.0087,0.7828,0.7502888888888889,0.03251111111111116,0.7332,0.0163,0.9366,1.6758,0.9857777777777778,0.6900222222222222,0.753,0.345,0.4493,0.4773,0.41952222222222224,0.05777777777777776,0.4121,0.0289,0.8634
Drew Eubanks,1629234,SAC,PF,4.501,3.12,0.65,0.34,0.505,0.647,0.5346,0.6423,0.133,0.3401,0.65,0.505,0.34,0.133,raw_delquant_flat_file,14.2003,11.1313125,3.0689875000000004,6.0355,1.5345,0.425,5.0968,4.452625,0.6441749999999997,3.4421,0.3221,0.6753,3.2608,2.650875,0.609925,0.955,0.305,0.2929,0.9439,0.7828125,0.16108749999999994,0.4205,0.0805,0.4455,0.5491,0.4605,0.08860000000000001,0.5493,0.0443,1.0004,1.6469,1.4098125,0.23708750000000012,0.7655,0.1185,0.4648,0.4691,0.4689375,0.00016250000000000986,0.5347,0.0001,1.1398,0.7828,0.76156875,0.021231250000000035,0.6529,0.0106,0.8341,1.6758,1.0809374999999999,0.5948625000000001,0.4304,0.2974,0.2568,0.4773,0.41033125,0.06696875000000002,0.3736,0.0335,0.7827
KJ Simpson,1642354,DEN,PG,4.855,1.81,1.789,0.625,0.091,0.954,0.3709,0.7356,0.612,0.4076,1.789,0.091,0.625,0.612,raw_delquant_flat_file,14.2003,9.484444444444444,4.715855555555557,7.2129,2.3579,0.5079,5.0968,3.5435,1.5533000000000001,2.5866,0.7766,0.5075,3.2608,2.3794444444444443,0.8813555555555559,2.2297,0.4407,0.6838,0.9439,0.6557777777777778,0.28812222222222217,0.7691,0.1441,0.8148,0.5491,0.35344444444444445,0.19565555555555558,0.1888,0.0978,0.3438,1.6469,1.0929444444444443,0.5539555555555558,1.231,0.277,0.7475,0.4691,0.4566777777777778,0.012422222222222223,0.3771,0.0062,0.8039,0.7828,0.7742055555555556,0.00859444444444446,0.7399,0.0043,0.9452,1.6758,1.0026111111111111,0.6731888888888888,0.9486,0.3366,0.5661,0.4773,0.41878333333333334,0.05851666666666666,0.4369,0.0293,0.9154
Marcus Sasser,1631204,DET,PG,5.345,1.319,1.934,0.532,0.104,0.834,0.4152,0.8038,0.869,0.4046,1.934,0.104,0.532,0.869,raw_delquant_flat_file,14.2003,8.7513125,5.448987500000001,8.0695,2.7245,0.5683,5.0968,3.5715,1.5253,2.0816,0.7626,0.4084,3.2608,2.12,1.1408,2.5044,0.5704,0.768,0.9439,0.7265625,0.21733749999999996,0.6407,0.1087,0.6788,0.5491,0.4360625,0.11303750000000001,0.1605,0.0565,0.2923,1.6469,1.1275,0.5194000000000001,1.0937,0.2597,0.6641,0.4691,0.45863750000000003,0.010462499999999986,0.4204,0.0052,0.8962,0.7828,0.7500125,0.03278750000000008,0.8202,0.0164,1.0478,1.6758,0.86675,0.8090499999999999,1.2735,0.4045,0.7599,0.4773,0.41046875,0.06683125000000001,0.438,0.0334,0.9177
Jordan Hawkins,1641722,NOP,PG,5.941,1.839,1.097,0.386,0.184,0.728,0.3801,0.8009,1.001,0.4076,1.097,0.184,0.386,1.001,raw_delquant_flat_file,14.2003,10.4724,3.7279,7.805,1.864,0.5496,5.0968,4.337199999999999,0.7596000000000007,2.2188,0.3798,0.4353,3.2608,2.329333333333333,0.9314666666666671,1.5627,0.4657,0.4792,0.9439,0.7901333333333334,0.1537666666666666,0.4629,0.0769,0.4904,0.5491,0.5034666666666666,0.045633333333333415,0.2068,0.0228,0.3766,1.6469,1.3388,0.30810000000000004,0.882,0.154,0.5356,0.4691,0.4649933333333333,0.004106666666666703,0.3822,0.0021,0.8148,0.7828,0.7565666666666666,0.026233333333333442,0.814,0.0131,1.0399,1.6758,0.9537333333333333,0.7220666666666666,1.362,0.361,0.8127,0.4773,0.4297066666666666,0.047593333333333376,0.4314,0.0238,0.9038
Jamaree Bouyea,1631123,PHX,PG,4.866,1.614,1.494,0.548,0.217,0.634,0.4328,0.7315,0.536,0.3894,1.494,0.217,0.548,0.536,raw_delquant_flat_file,14.2003,8.88535294117647,5.314947058823531,7.5235,2.6575,0.5298,5.0968,3.3191764705882356,1.7776235294117644,2.5028,0.8888,0.4911,3.2608,1.9868235294117649,1.2739764705882353,2.131,0.637,0.6535,0.9439,0.6880588235294117,0.25584117647058824,0.6759,0.1279,0.7161,0.5491,0.34911764705882353,0.1999823529411765,0.317,0.1,0.5773,1.6469,1.0747058823529412,0.5721941176470589,0.9201,0.2861,0.5587,0.4691,0.4498411764705882,0.019258823529411828,0.4424,0.0096,0.9431,0.7828,0.7384588235294117,0.04434117647058833,0.7537,0.0222,0.9628,1.6758,1.0250588235294116,0.6507411764705884,0.8614,0.3254,0.514,0.4773,0.41646470588235296,0.06083529411764704,0.4198,0.0304,0.8795
Branden Carlson,1642382,OKC,C,4.323,2.916,0.537,0.228,0.62,0.48,0.5075,0.657,0.379,0.3287,0.537,0.62,0.228,0.379,raw_delquant_flat_file,14.2003,10.152375,4.047925000000001,6.347,2.024,0.447,5.0968,3.7781875,1.3186125,3.5753,0.6593,0.7015,3.2608,2.4305,0.8303000000000003,0.9522,0.4152,0.292,0.9439,0.8349375,0.10896249999999996,0.2825,0.0545,0.2993,0.5491,0.4696875,0.07941250000000005,0.6597,0.0397,1.2014,1.6469,1.19125,0.4556500000000001,0.7078,0.2278,0.4298,0.4691,0.4647125,0.004387500000000044,0.5097,0.0022,1.0865,0.7828,0.774775,0.00802500000000006,0.661,0.004,0.8444,1.6758,1.0983749999999999,0.5774250000000001,0.6677,0.2887,0.3984,0.4773,0.421575,0.055725000000000025,0.3566,0.0279,0.7471
Yanic Konan Niederhäuser,1642949,LAC,C,4.173,3.115,0.427,0.212,0.685,0.628,0.5576,0.6957,0.057,0.3799,0.427,0.685,0.212,0.057,raw_delquant_flat_file,14.2003,9.250625,4.949675000000001,6.6478,2.4748,0.4681,5.0968,3.37875,1.7180499999999999,3.974,0.859,0.7797,3.2608,2.192375,1.068425,0.9612,0.5342,0.2948,0.9439,0.7555000000000001,0.1883999999999999,0.3062,0.0942,0.3244,0.5491,0.41118750000000004,0.1379125,0.754,0.069,1.3732,1.6469,1.1773125,0.46958750000000005,0.8628,0.2348,0.5239,0.4691,0.45813125,0.010968750000000027,0.5631,0.0055,1.2004,0.7828,0.77625,0.006550000000000056,0.699,0.0033,0.8929,1.6758,1.0209375,0.6548624999999999,0.3844,0.3274,0.2294,0.4773,0.4134875,0.0638125,0.4118,0.0319,0.8628
Mason Plumlee,203486,SAS,PF,3.266,3.406,1.093,0.409,0.265,0.635,0.5228,0.686,0.118,0.3552,1.093,0.265,0.409,0.118,raw_delquant_flat_file,14.2003,8.8863125,5.3139875,5.923,2.657,0.4171,5.0968,3.6095625,1.4872375,4.1496,0.7436,0.8142,3.2608,2.0776875,1.1831125,1.6846,0.5916,0.5166,0.9439,0.64025,0.30365,0.5608,0.1518,0.5941,0.5491,0.438375,0.11072500000000002,0.3204,0.0554,0.5835,1.6469,1.095,0.5519000000000001,0.911,0.276,0.5532,0.4691,0.4674875,0.0016125000000000167,0.5236,0.0008,1.1162,0.7828,0.7385375,0.04426250000000009,0.7081,0.0221,0.9046,1.6758,0.9138124999999999,0.7619875,0.499,0.381,0.2978,0.4773,0.421575,0.055725000000000025,0.3831,0.0279,0.8026
Lachlan Olbrich,1642950,CHI,C,3.501,3.185,0.728,0.285,0.501,0.585,0.5063,0.5573,0.069,0.3799,0.728,0.501,0.285,0.069,raw_delquant_flat_file,14.2003,8.785941176470587,5.4143588235294136,6.2082,2.7072,0.4372,5.0968,3.5295882352941175,1.5672117647058825,3.9686,0.7836,0.7786,3.2608,2.0900588235294117,1.1707411764705884,1.3134,0.5854,0.4028,0.9439,0.6158823529411765,0.3280176470588234,0.449,0.164,0.4757,0.5491,0.38964705882352946,0.15945294117647058,0.5807,0.0797,1.0575,1.6469,1.1739411764705883,0.47295882352941176,0.8215,0.2365,0.4988,0.4691,0.4611058823529412,0.007994117647058818,0.5103,0.004,1.0878,0.7828,0.7538823529411764,0.028917647058823603,0.5718,0.0145,0.7305,1.6758,0.949,0.7268,0.4324,0.3634,0.258,0.4773,0.4102058823529412,0.0670941176470588,0.4134,0.0335,0.8661
Rob Dillingham,1642265,CHI,PG,4.911,1.521,1.683,0.519,0.087,1.02,0.4049,0.7272,0.566,0.4376,1.683,0.087,0.519,0.566,raw_delquant_flat_file,14.2003,8.785941176470587,5.4143588235294136,7.6182,2.7072,0.5365,5.0968,3.5295882352941175,1.5672117647058825,2.3046,0.7836,0.4522,3.2608,2.0900588235294117,1.1707411764705884,2.2684,0.5854,0.6957,0.9439,0.6158823529411765,0.3280176470588234,0.683,0.164,0.7236,0.5491,0.38964705882352946,0.15945294117647058,0.1667,0.0797,0.3036,1.6469,1.1739411764705883,0.47295882352941176,1.2565,0.2365,0.7629,0.4691,0.4611058823529412,0.007994117647058818,0.4089,0.004,0.8717,0.7828,0.7538823529411764,0.028917647058823603,0.7417,0.0145,0.9475,1.6758,0.949,0.7268,0.9294,0.3634,0.5546,0.4773,0.4102058823529412,0.0670941176470588,0.4711,0.0335,0.987
Nick Smith Jr.,1641733,LAL,PG,5.859,1.351,1.349,0.343,0.101,0.795,0.4048,0.7875,0.975,0.4376,1.349,0.101,0.343,0.975,raw_delquant_flat_file,14.2003,9.564941176470587,4.635358823529414,8.1767,2.3177,0.5758,5.0968,3.6745882352941175,1.4222117647058825,2.0621,0.7111,0.4046,3.2608,2.2321764705882354,1.0286235294117647,1.8633,0.5143,0.5714,0.9439,0.6849411764705883,0.2589588235294117,0.4725,0.1295,0.5006,0.5491,0.36511764705882355,0.18398235294117649,0.193,0.092,0.3515,1.6469,1.2188823529411765,0.4280176470588235,1.009,0.214,0.6127,0.4691,0.46496470588235295,0.00413529411764707,0.4069,0.0021,0.8674,0.7828,0.744035294117647,0.038764705882353034,0.8069,0.0194,1.0308,1.6758,0.9627058823529412,0.7130941176470588,1.3315,0.3565,0.7945,0.4773,0.43051764705882356,0.04678235294117644,0.461,0.0234,0.9658
Christian Koloko,1631132,ATL,C,3.314,3.029,0.532,0.327,0.628,0.59,0.4988,0.6531,0.061,0.3632,0.532,0.628,0.327,0.061,raw_delquant_flat_file,14.2003,9.143944444444445,5.056355555555555,5.8422,2.5282,0.4114,5.0968,3.657666666666666,1.4391333333333338,3.7486,0.7196,0.7355,3.2608,2.035888888888889,1.224911111111111,1.1445,0.6125,0.351,0.9439,0.709111111111111,0.23478888888888894,0.4444,0.1174,0.4708,0.5491,0.4205,0.12860000000000005,0.6923,0.0643,1.2608,1.6469,1.1113888888888888,0.5355111111111113,0.8578,0.2678,0.5209,0.4691,0.4601722222222222,0.008927777777777812,0.5033,0.0045,1.0729,0.7828,0.7444944444444445,0.03830555555555559,0.6723,0.0192,0.8588,1.6758,1.0002222222222223,0.6755777777777776,0.3988,0.3378,0.238,0.4773,0.4212388888888889,0.05606111111111112,0.3912,0.028,0.8196
Asa Newell,1642854,ATL,SF,4.568,2.322,0.636,0.367,0.345,0.55,0.492,0.6485,0.474,0.3922,0.636,0.345,0.367,0.474,raw_delquant_flat_file,14.2003,9.143944444444445,5.056355555555555,7.0962,2.5282,0.4997,5.0968,3.657666666666666,1.4391333333333338,3.0416,0.7196,0.5968,3.2608,2.035888888888889,1.224911111111111,1.2485,0.6125,0.3829,0.9439,0.709111111111111,0.23478888888888894,0.4844,0.1174,0.5132,0.5491,0.4205,0.12860000000000005,0.4093,0.0643,0.7454,1.6469,1.1113888888888888,0.5355111111111113,0.8178,0.2678,0.4966,0.4691,0.4601722222222222,0.008927777777777812,0.4965,0.0045,1.0584,0.7828,0.7444944444444445,0.03830555555555559,0.6677,0.0192,0.853,1.6758,1.0002222222222223,0.6755777777777776,0.8118,0.3378,0.4844,0.4773,0.4212388888888889,0.05606111111111112,0.4202,0.028,0.8804
Jamal Cain,1631288,ORL,SF,4.687,2.342,0.645,0.421,0.229,0.522,0.4523,0.7349,0.498,0.3622,0.645,0.229,0.421,0.498,raw_delquant_flat_file,14.2003,9.959933333333334,4.240366666666667,6.8072,2.1202,0.4794,5.0968,3.8836,1.2132,2.9486,0.6066,0.5785,3.2608,2.1512666666666664,1.1095333333333337,1.1998,0.5548,0.3679,0.9439,0.7268000000000001,0.21709999999999985,0.5296,0.1086,0.5611,0.5491,0.4478,0.10130000000000006,0.2797,0.0507,0.5094,1.6469,1.2436666666666667,0.40323333333333333,0.7236,0.2016,0.4394,0.4691,0.45659333333333335,0.012506666666666666,0.4586,0.0063,0.9776,0.7828,0.7623666666666666,0.020433333333333414,0.7451,0.0102,0.9518,1.6758,0.9354666666666667,0.7403333333333333,0.8682,0.3702,0.5181,0.4773,0.43374666666666667,0.04355333333333333,0.384,0.0218,0.8045
Noah Penda,1642869,ORL,SG,4.092,2.196,1.204,0.475,0.198,0.673,0.4011,0.7228,0.54,0.4376,1.204,0.198,0.475,0.54,raw_delquant_flat_file,14.2003,9.959933333333334,4.240366666666667,6.2122,2.1202,0.4375,5.0968,3.8836,1.2132,2.8026,0.6066,0.5499,3.2608,2.1512666666666664,1.1095333333333337,1.7588,0.5548,0.5394,0.9439,0.7268000000000001,0.21709999999999985,0.5835,0.1085,0.6182,0.5491,0.4478,0.10130000000000006,0.2487,0.0507,0.4529,1.6469,1.2436666666666667,0.40323333333333333,0.8746,0.2016,0.5311,0.4691,0.45659333333333335,0.012506666666666666,0.4074,0.0063,0.8685,0.7828,0.7623666666666666,0.020433333333333414,0.733,0.0102,0.9364,1.6758,0.9354666666666667,0.7403333333333333,0.9102,0.3702,0.5431,0.4773,0.43374666666666667,0.04355333333333333,0.4594,0.0218,0.9625
Hugo González,1642864,BOS,PG,4.13,2.355,0.925,0.512,0.199,0.608,0.4348,0.6802,0.544,0.4219,0.925,0.199,0.512,0.544,raw_delquant_flat_file,14.2003,10.554846153846153,3.6454538461538473,5.9527,1.8227,0.4192,5.0968,4.29,0.8068,2.7584,0.4034,0.5412,3.2608,2.3656923076923078,0.8951076923076924,1.3726,0.4476,0.4209,0.9439,0.6874615384615385,0.2564384615384615,0.6402,0.1282,0.6782,0.5491,0.4480769230769231,0.10102307692307694,0.2495,0.0505,0.4544,1.6469,1.1839230769230769,0.4629769230769232,0.8395,0.2315,0.5097,0.4691,0.4659153846153846,0.003184615384615397,0.4364,0.0016,0.9303,0.7828,0.764453846153846,0.018346153846154012,0.6894,0.0092,0.8807,1.6758,1.2137692307692307,0.46203076923076924,0.775,0.231,0.4625,0.4773,0.4291384615384616,0.04816153846153842,0.446,0.0241,0.9344
Khaman Maluach,1642863,PHX,C,3.63,3.174,0.308,0.198,0.659,0.614,0.5219,0.6414,0.076,0.3763,0.308,0.659,0.198,0.076,raw_delquant_flat_file,14.2003,8.88535294117647,5.314947058823531,6.2875,2.6575,0.4428,5.0968,3.3191764705882356,1.7776235294117644,4.0628,0.8888,0.7971,3.2608,1.9868235294117649,1.2739764705882353,0.945,0.637,0.2898,0.9439,0.6880588235294117,0.25584117647058824,0.3259,0.1279,0.3453,0.5491,0.34911764705882353,0.1999823529411765,0.759,0.1,1.3823,1.6469,1.0747058823529412,0.5721941176470589,0.9001,0.2861,0.5465,0.4691,0.4498411764705882,0.019258823529411828,0.5315,0.0096,1.133,0.7828,0.7384588235294117,0.04434117647058833,0.6636,0.0222,0.8477,1.6758,1.0250588235294116,0.6507411764705884,0.4014,0.3254,0.2395,0.4773,0.41646470588235296,0.06083529411764704,0.4067,0.0304,0.8521
PJ Hall,1641790,CHA,C,3.779,3.155,0.479,0.21,0.528,0.642,0.5161,0.695,0.108,0.375,0.479,0.528,0.21,0.108,raw_delquant_flat_file,14.2003,8.990764705882352,5.209535294117648,6.3838,2.6048,0.4496,5.0968,3.619529411764706,1.4772705882352941,3.8936,0.7386,0.7639,3.2608,1.9743529411764706,1.2864470588235295,1.1222,0.6432,0.3441,0.9439,0.615,0.32889999999999997,0.3744,0.1644,0.3967,0.5491,0.37982352941176467,0.16927647058823536,0.6126,0.0846,1.1156,1.6469,1.1689411764705882,0.4779588235294119,0.881,0.239,0.5349,0.4691,0.45489999999999997,0.014200000000000046,0.5232,0.0071,1.1153,0.7828,0.7540470588235294,0.028752941176470648,0.7094,0.0144,0.9062,1.6758,1.0884705882352943,0.5873294117647057,0.4017,0.2937,0.2397,0.4773,0.4224823529411765,0.054817647058823527,0.4024,0.0274,0.8431
A.J. Lawson,1630639,TOR,PG,4.897,1.811,0.988,0.466,0.136,0.524,0.418,0.728,0.693,0.4046,0.988,0.136,0.466,0.693,raw_delquant_flat_file,14.2003,9.236749999999999,4.9635500000000015,7.3788,2.4818,0.5196,5.0968,3.6478125,1.4489874999999999,2.5355,0.7245,0.4975,3.2608,2.18275,1.0780500000000002,1.527,0.539,0.4683,0.9439,0.678875,0.26502499999999996,0.5985,0.1325,0.6341,0.5491,0.401625,0.14747500000000002,0.2097,0.0737,0.3819,1.6469,1.1529375,0.4939625000000001,0.771,0.247,0.4682,0.4691,0.4618875,0.007212500000000011,0.4216,0.0036,0.8987,0.7828,0.7451625,0.0376375000000001,0.7468,0.0188,0.954,1.6758,0.855875,0.8199249999999999,1.103,0.41,0.6582,0.4773,0.43621875,0.041081250000000014,0.4251,0.0205,0.8906
Dwight Powell,203939,DAL,PF,3.044,3.021,0.967,0.438,0.303,0.512,0.5326,0.7,0.119,0.3153,0.967,0.303,0.438,0.119,raw_delquant_flat_file,14.2003,9.4712,4.729100000000001,5.4086,2.3646,0.3809,5.0968,3.9284,1.1684,3.6052,0.5842,0.7073,3.2608,2.088,1.1728,1.5534,0.5864,0.4764,0.9439,0.6827500000000001,0.2611499999999999,0.5686,0.1306,0.6024,0.5491,0.4574,0.09170000000000006,0.3488,0.0458,0.6352,1.6469,1.1912,0.4557,0.7398,0.2278,0.4492,0.4691,0.463675,0.005425000000000013,0.5353,0.0027,1.1411,0.7828,0.755695,0.027105000000000046,0.7136,0.0136,0.9116,1.6758,0.893,0.7827999999999999,0.5104,0.3914,0.3046,0.4773,0.41499499999999995,0.062305000000000055,0.3465,0.0312,0.726
Dalton Knecht,1642261,LAL,SF,5.193,2.159,0.592,0.295,0.245,0.494,0.4564,0.7221,0.729,0.3753,0.592,0.245,0.295,0.729,raw_delquant_flat_file,14.2003,9.564941176470587,4.635358823529414,7.5107,2.3177,0.5289,5.0968,3.6745882352941175,1.4222117647058825,2.8701,0.7111,0.5631,3.2608,2.2321764705882354,1.0286235294117647,1.1063,0.5143,0.3393,0.9439,0.6849411764705883,0.2589588235294117,0.4245,0.1295,0.4497,0.5491,0.36511764705882355,0.18398235294117649,0.337,0.092,0.6137,1.6469,1.2188823529411765,0.4280176470588235,0.708,0.214,0.4299,0.4691,0.46496470588235295,0.00413529411764707,0.4585,0.0021,0.9774,0.7828,0.744035294117647,0.038764705882353034,0.7415,0.0194,0.9472,1.6758,0.9627058823529412,0.7130941176470588,1.0855,0.3565,0.6478,0.4773,0.43051764705882356,0.04678235294117644,0.3987,0.0234,0.8353
Tony Bradley,1628396,ATL,PF,3.964,3.065,0.52,0.208,0.42,0.525,0.5367,0.656,0.117,0.3466,0.52,0.42,0.208,0.117,raw_delquant_flat_file,14.2003,9.143944444444445,5.056355555555555,6.4922,2.5282,0.4572,5.0968,3.657666666666666,1.4391333333333338,3.7846,0.7196,0.7425,3.2608,2.035888888888889,1.224911111111111,1.1325,0.6125,0.3473,0.9439,0.709111111111111,0.23478888888888894,0.3254,0.1174,0.3447,0.5491,0.4205,0.12860000000000005,0.4843,0.0643,0.882,1.6469,1.1113888888888888,0.5355111111111113,0.7928,0.2678,0.4814,0.4691,0.4601722222222222,0.008927777777777812,0.5412,0.0045,1.1537,0.7828,0.7444944444444445,0.03830555555555559,0.6752,0.0192,0.8625,1.6758,1.0002222222222223,0.6755777777777776,0.4548,0.3378,0.2714,0.4773,0.4212388888888889,0.05606111111111112,0.3746,0.028,0.7848
Malaki Branham,1631103,WAS,SF,5.05,1.957,0.89,0.348,0.202,0.678,0.4572,0.7663,0.537,0.376,0.89,0.202,0.348,0.537,raw_delquant_flat_file,14.2003,10.083470588235295,4.116829411764705,7.1084,2.0584,0.5006,5.0968,3.858882352941176,1.2379176470588238,2.576,0.619,0.5054,3.2608,2.2964117647058826,0.9643882352941175,1.3722,0.4822,0.4208,0.9439,0.7468823529411764,0.19701764705882352,0.4465,0.0985,0.473,0.5491,0.4805294117647059,0.0685705882352941,0.2363,0.0343,0.4303,1.6469,1.3768235294117646,0.2700764705882355,0.813,0.135,0.4937,0.4691,0.4529117647058824,0.016188235294117614,0.4653,0.0081,0.9919,0.7828,0.7613705882352941,0.02142941176470592,0.777,0.0107,0.9926,1.6758,1.0793529411764706,0.5964470588235293,0.8352,0.2982,0.4984,0.4773,0.42597058823529416,0.051329411764705846,0.4017,0.0257,0.8416
Myron Gardner,1642066,MIA,SF,3.957,2.514,0.786,0.398,0.281,0.484,0.4641,0.7153,0.444,0.3753,0.786,0.281,0.398,0.444,raw_delquant_flat_file,14.2003,10.5542,3.6461000000000006,5.78,1.823,0.407,5.0968,3.9381333333333335,1.1586666666666665,3.0933,0.5793,0.6069,3.2608,2.4346,0.8262,1.1991,0.4131,0.3677,0.9439,0.7641333333333333,0.17976666666666663,0.4879,0.0899,0.5169,0.5491,0.3908666666666667,0.15823333333333334,0.3601,0.0791,0.6558,1.6469,1.2644666666666666,0.3824333333333334,0.6752,0.1912,0.41,0.4691,0.4581266666666667,0.010973333333333335,0.4696,0.0055,1.0011,0.7828,0.7705466666666667,0.012253333333333338,0.7214,0.0061,0.9216,1.6758,1.1222666666666667,0.5535333333333332,0.7208,0.2768,0.4301,0.4773,0.4400866666666667,0.03721333333333332,0.3939,0.0186,0.8253
Tolu Smith,1642449,DET,SF,4.08,2.53,0.735,0.325,0.343,0.523,0.4647,0.7015,0.333,0.3639,0.735,0.343,0.325,0.333,raw_delquant_flat_file,14.2003,8.7513125,5.448987500000001,6.8045,2.7245,0.4792,5.0968,3.5715,1.5253,3.2926,0.7626,0.646,3.2608,2.12,1.1408,1.3054,0.5704,0.4003,0.9439,0.7265625,0.21733749999999996,0.4337,0.1087,0.4595,0.5491,0.4360625,0.11303750000000001,0.3995,0.0565,0.7276,1.6469,1.1275,0.5194000000000001,0.7827,0.2597,0.4753,0.4691,0.45863750000000003,0.010462499999999986,0.4699,0.0052,1.0017,0.7828,0.7500125,0.03278750000000008,0.7179,0.0164,0.9171,1.6758,0.86675,0.8090499999999999,0.7375,0.4045,0.4401,0.4773,0.41046875,0.06683125000000001,0.3973,0.0334,0.8324
Garrison Mathews,1629726,IND,PG,5.081,1.371,1.074,0.43,0.175,0.456,0.4021,0.8093,1.039,0.3781,1.074,0.175,0.43,1.039,raw_delquant_flat_file,14.2003,9.299555555555555,4.900744444444445,7.5314,2.4504,0.5304,5.0968,3.769944444444444,1.326855555555556,2.0344,0.6634,0.3992,3.2608,2.2429444444444444,1.0178555555555557,1.5829,0.5089,0.4854,0.9439,0.6926111111111112,0.2512888888888888,0.5556,0.1256,0.5886,0.5491,0.4008333333333333,0.1482666666666667,0.2491,0.0741,0.4537,1.6469,1.1437777777777778,0.5031222222222222,0.7076,0.2516,0.4297,0.4691,0.4635222222222223,0.005577777777777737,0.4049,0.0028,0.8631,0.7828,0.7666499999999999,0.01615000000000011,0.8174,0.0081,1.0442,1.6758,0.973388888888889,0.702411111111111,1.3902,0.3512,0.8296,0.4773,0.41789444444444446,0.059405555555555545,0.4078,0.0297,0.8544
Seth Curry,203552,GSW,PG,5.37,1.357,1.142,0.403,0.073,0.457,0.4411,0.8728,0.912,0.3347,1.142,0.073,0.403,0.912,raw_delquant_flat_file,14.2003,9.445555555555556,4.754744444444444,7.7474,2.3774,0.5456,5.0968,3.606555555555556,1.490244444444444,2.1021,0.7451,0.4124,3.2608,2.3485555555555555,0.9122444444444446,1.5981,0.4561,0.4901,0.9439,0.7605555555555555,0.18334444444444442,0.4947,0.0917,0.5241,0.5491,0.41038888888888886,0.13871111111111117,0.1424,0.0694,0.2593,1.6469,1.1836111111111112,0.46328888888888886,0.6886,0.2316,0.4181,0.4691,0.46147777777777776,0.007622222222222252,0.4449,0.0038,0.9484,0.7828,0.7820055555555556,0.000794444444444431,0.8732,0.0004,1.1155,1.6758,1.1357222222222223,0.5400777777777777,1.182,0.27,0.7053,0.4773,0.39902777777777776,0.07827222222222224,0.3738,0.0391,0.7832
Amir Coffey,1629599,PHX,SG,5.125,1.562,1.019,0.409,0.128,0.46,0.4495,0.8252,0.701,0.3759,1.019,0.128,0.409,0.701,raw_delquant_flat_file,14.2003,8.88535294117647,5.314947058823531,7.7825,2.6575,0.5481,5.0968,3.3191764705882356,1.7776235294117644,2.4508,0.8888,0.4809,3.2608,1.9868235294117649,1.2739764705882353,1.656,0.637,0.5079,0.9439,0.6880588235294117,0.25584117647058824,0.5369,0.1279,0.5688,0.5491,0.34911764705882353,0.1999823529411765,0.228,0.1,0.4152,1.6469,1.0747058823529412,0.5721941176470589,0.7461,0.2861,0.453,0.4691,0.4498411764705882,0.019258823529411828,0.4591,0.0096,0.9787,0.7828,0.7384588235294117,0.04434117647058833,0.8474,0.0222,1.0825,1.6758,1.0250588235294116,0.6507411764705884,1.0264,0.3254,0.6125,0.4773,0.41646470588235296,0.06083529411764704,0.4063,0.0304,0.8512
Malevy Leons,1642502,GSW,SF,3.956,2.327,0.762,0.428,0.345,0.551,0.4548,0.7312,0.312,0.3827,0.762,0.345,0.428,0.312,raw_delquant_flat_file,14.2003,9.445555555555556,4.754744444444444,6.3334,2.3774,0.446,5.0968,3.606555555555556,1.490244444444444,3.0721,0.7451,0.6028,3.2608,2.3485555555555555,0.9122444444444446,1.2181,0.4561,0.3736,0.9439,0.7605555555555555,0.18334444444444442,0.5197,0.0917,0.5506,0.5491,0.41038888888888886,0.13871111111111117,0.4144,0.0694,0.7547,1.6469,1.1836111111111112,0.46328888888888886,0.7826,0.2316,0.4752,0.4691,0.46147777777777776,0.007622222222222252,0.4586,0.0038,0.9776,0.7828,0.7820055555555556,0.000794444444444431,0.7316,0.0004,0.9346,1.6758,1.1357222222222223,0.5400777777777777,0.582,0.27,0.3473,0.4773,0.39902777777777776,0.07827222222222224,0.4218,0.0391,0.8837
Dalen Terry,1631207,PHI,SF,3.855,2.039,1.044,0.482,0.296,0.589,0.446,0.6506,0.382,0.3832,1.044,0.296,0.482,0.382,raw_delquant_flat_file,14.2003,9.916666666666666,4.283633333333334,5.9968,2.1418,0.4223,5.0968,3.947611111111111,1.1491888888888888,2.6136,0.5746,0.5128,3.2608,2.145888888888889,1.1149111111111112,1.6015,0.5575,0.4911,0.9439,0.7621666666666667,0.1817333333333333,0.5729,0.0909,0.6069,0.5491,0.4476111111111111,0.1014888888888889,0.3467,0.0507,0.6314,1.6469,1.2115,0.4354,0.8067,0.2177,0.4898,0.4691,0.4532722222222222,0.01582777777777783,0.4539,0.0079,0.9676,0.7828,0.7502888888888889,0.03251111111111116,0.6669,0.0163,0.8519,1.6758,0.9857777777777778,0.6900222222222222,0.727,0.345,0.4338,0.4773,0.41952222222222224,0.05777777777777776,0.4121,0.0289,0.8634
Keaton Wallace,1630811,ATL,PG,4.108,1.287,1.681,0.536,0.147,0.634,0.4022,0.7764,0.668,0.375,1.681,0.147,0.536,0.668,raw_delquant_flat_file,14.2003,9.143944444444445,5.056355555555555,6.6362,2.5282,0.4673,5.0968,3.657666666666666,1.4391333333333338,2.0066,0.7196,0.3937,3.2608,2.035888888888889,1.224911111111111,2.2935,0.6125,0.7034,0.9439,0.709111111111111,0.23478888888888894,0.6534,0.1174,0.6922,0.5491,0.4205,0.12860000000000005,0.2113,0.0643,0.3848,1.6469,1.1113888888888888,0.5355111111111113,0.9018,0.2678,0.5476,0.4691,0.4601722222222222,0.008927777777777812,0.4067,0.0045,0.867,0.7828,0.7444944444444445,0.03830555555555559,0.7956,0.0192,1.0164,1.6758,1.0002222222222223,0.6755777777777776,1.0058,0.3378,0.6002,0.4773,0.4212388888888889,0.05606111111111112,0.403,0.028,0.8443
Micah Peavy,1642877,NOP,SG,4.253,1.645,1.17,0.569,0.126,0.518,0.3954,0.7529,0.507,0.4073,1.17,0.126,0.569,0.507,raw_delquant_flat_file,14.2003,10.4724,3.7279,6.117,1.864,0.4308,5.0968,4.337199999999999,0.7596000000000007,2.0248,0.3798,0.3973,3.2608,2.329333333333333,0.9314666666666671,1.6357,0.4657,0.5016,0.9439,0.7901333333333334,0.1537666666666666,0.6459,0.0769,0.6843,0.5491,0.5034666666666666,0.045633333333333415,0.1488,0.0228,0.271,1.6469,1.3388,0.30810000000000004,0.672,0.154,0.408,0.4691,0.4649933333333333,0.004106666666666703,0.3975,0.0021,0.8474,0.7828,0.7565666666666666,0.026233333333333442,0.766,0.0131,0.9785,1.6758,0.9537333333333333,0.7220666666666666,0.868,0.361,0.518,0.4773,0.4297066666666666,0.047593333333333376,0.4311,0.0238,0.9032
Blake Wesley,1631104,POR,PG,4.246,1.326,1.754,0.502,0.126,0.837,0.4299,0.643,0.379,0.4076,1.754,0.126,0.502,0.379,raw_delquant_flat_file,14.2003,9.020555555555555,5.179744444444445,6.8359,2.5899,0.4814,5.0968,3.5888333333333335,1.5079666666666665,2.08,0.754,0.4081,3.2608,2.1012222222222223,1.1595777777777778,2.3338,0.5798,0.7157,0.9439,0.7107777777777778,0.23312222222222212,0.6186,0.1166,0.6554,0.5491,0.4397777777777778,0.10932222222222221,0.1807,0.0547,0.3291,1.6469,1.2561666666666667,0.3907333333333334,1.0324,0.1954,0.6269,0.4691,0.4412666666666667,0.02783333333333332,0.4438,0.0139,0.9461,0.7828,0.7468,0.03600000000000003,0.661,0.018,0.8444,1.6758,1.005111111111111,0.6706888888888889,0.7143,0.3353,0.4262,0.4773,0.43099444444444446,0.046305555555555544,0.4308,0.0232,0.9026
MarJon Beauchamp,1630699,PHI,SF,4.536,2.165,0.714,0.39,0.252,0.629,0.4463,0.7031,0.586,0.3639,0.714,0.252,0.39,0.586,raw_delquant_flat_file,14.2003,9.916666666666666,4.283633333333334,6.6778,2.1418,0.4703,5.0968,3.947611111111111,1.1491888888888888,2.7396,0.5746,0.5375,3.2608,2.145888888888889,1.1149111111111112,1.2715,0.5575,0.3899,0.9439,0.7621666666666667,0.1817333333333333,0.4809,0.0909,0.5095,0.5491,0.4476111111111111,0.1014888888888889,0.3027,0.0507,0.5513,1.6469,1.2115,0.4354,0.8467,0.2177,0.5141,0.4691,0.4532722222222222,0.01582777777777783,0.4542,0.0079,0.9682,0.7828,0.7502888888888889,0.03251111111111116,0.7194,0.0163,0.919,1.6758,0.9857777777777778,0.6900222222222222,0.931,0.345,0.5556,0.4773,0.41952222222222224,0.05777777777777776,0.3928,0.0289,0.823
Duop Reath,1641871,POR,C,4.205,2.51,0.509,0.263,0.393,0.483,0.465,0.6924,0.534,0.3515,0.509,0.393,0.263,0.534,raw_delquant_flat_file,14.2003,9.020555555555555,5.179744444444445,6.7949,2.5899,0.4785,5.0968,3.5888333333333335,1.5079666666666665,3.264,0.754,0.6404,3.2608,2.1012222222222223,1.1595777777777778,1.0888,0.5798,0.3339,0.9439,0.7107777777777778,0.23312222222222212,0.3796,0.1166,0.4022,0.5491,0.4397777777777778,0.10932222222222221,0.4477,0.0547,0.8153,1.6469,1.2561666666666667,0.3907333333333334,0.6784,0.1954,0.4119,0.4691,0.4412666666666667,0.02783333333333332,0.4789,0.0139,1.0209,0.7828,0.7468,0.03600000000000003,0.7104,0.018,0.9075,1.6758,1.005111111111111,0.6706888888888889,0.8693,0.3353,0.5187,0.4773,0.43099444444444446,0.046305555555555544,0.3747,0.0232,0.785
Carter Bryant,1642868,SAS,SF,4.155,2.448,0.649,0.298,0.335,0.519,0.4342,0.6935,0.517,0.3922,0.649,0.335,0.298,0.517,raw_delquant_flat_file,14.2003,8.8863125,5.3139875,6.812,2.657,0.4797,5.0968,3.6095625,1.4872375,3.1916,0.7436,0.6262,3.2608,2.0776875,1.1831125,1.2406,0.5916,0.3805,0.9439,0.64025,0.30365,0.4498,0.1518,0.4765,0.5491,0.438375,0.11072500000000002,0.3904,0.0554,0.711,1.6469,1.095,0.5519000000000001,0.795,0.276,0.4827,0.4691,0.4674875,0.0016125000000000167,0.435,0.0008,0.9273,0.7828,0.7385375,0.04426250000000009,0.7156,0.0221,0.9142,1.6758,0.9138124999999999,0.7619875,0.898,0.381,0.5359,0.4773,0.421575,0.055725000000000025,0.4201,0.0279,0.8802
Rasheer Fleming,1642853,PHX,SF,4.262,2.307,0.515,0.382,0.346,0.542,0.4346,0.661,0.57,0.385,0.515,0.346,0.382,0.57,raw_delquant_flat_file,14.2003,8.88535294117647,5.314947058823531,6.9195,2.6575,0.4873,5.0968,3.3191764705882356,1.7776235294117644,3.1958,0.8888,0.627,3.2608,1.9868235294117649,1.2739764705882353,1.152,0.637,0.3533,0.9439,0.6880588235294117,0.25584117647058824,0.5099,0.1279,0.5402,0.5491,0.34911764705882353,0.1999823529411765,0.446,0.1,0.8122,1.6469,1.0747058823529412,0.5721941176470589,0.8281,0.2861,0.5028,0.4691,0.4498411764705882,0.019258823529411828,0.4442,0.0096,0.9469,0.7828,0.7384588235294117,0.04434117647058833,0.6832,0.0222,0.8728,1.6758,1.0250588235294116,0.6507411764705884,0.8954,0.3254,0.5343,0.4773,0.41646470588235296,0.06083529411764704,0.4154,0.0304,0.8703
Aaron Holiday,1628988,HOU,PG,4.966,1.237,1.322,0.43,0.11,0.629,0.416,0.8284,0.911,0.3781,1.322,0.11,0.43,0.911,raw_delquant_flat_file,14.2003,8.824733333333334,5.375566666666666,7.6538,2.6878,0.539,5.0968,4.1628,0.9340000000000002,1.704,0.467,0.3343,3.2608,1.8478666666666668,1.4129333333333334,2.0285,0.7065,0.6221,0.9439,0.6666000000000001,0.2772999999999999,0.5686,0.1386,0.6024,0.5491,0.48633333333333334,0.06276666666666669,0.1414,0.0314,0.2575,1.6469,1.1314666666666668,0.5154333333333332,0.8867,0.2577,0.5384,0.4691,0.45740666666666663,0.011693333333333389,0.4218,0.0058,0.8992,0.7828,0.7326733333333333,0.050126666666666764,0.8535,0.0251,1.0903,1.6758,0.7818666666666666,0.8939333333333334,1.358,0.447,0.8104,0.4773,0.4135466666666667,0.06375333333333333,0.41,0.0319,0.859
Tyrese Proctor,1642878,CLE,PG,4.736,1.4,1.31,0.475,0.072,0.709,0.409,0.8069,0.694,0.4243,1.31,0.072,0.475,0.694,raw_delquant_flat_file,14.2003,9.614411764705881,4.585888235294119,7.0289,2.2929,0.495,5.0968,3.805411764705883,1.291388235294117,2.0457,0.6457,0.4014,3.2608,2.4610588235294117,0.7997411764705884,1.7099,0.3999,0.5244,0.9439,0.7529411764705882,0.19095882352941174,0.5705,0.0955,0.6044,0.5491,0.4275294117647059,0.12157058823529415,0.1328,0.0608,0.2419,1.6469,1.1886470588235294,0.45825294117647064,0.9381,0.2291,0.5696,0.4691,0.4603,0.00880000000000003,0.4134,0.0044,0.8813,0.7828,0.773,0.009800000000000031,0.8118,0.0049,1.037,1.6758,1.1414705882352942,0.5343294117647057,0.9612,0.2672,0.5736,0.4773,0.4022529411764706,0.07504705882352941,0.4618,0.0375,0.9675
Zeke Nnaji,1630192,DEN,PF,3.706,2.304,0.57,0.355,0.459,0.481,0.4634,0.7071,0.299,0.3639,0.57,0.459,0.355,0.299,raw_delquant_flat_file,14.2003,9.484444444444444,4.715855555555557,6.0639,2.3579,0.427,5.0968,3.5435,1.5533000000000001,3.0806,0.7766,0.6044,3.2608,2.3794444444444443,0.8813555555555559,1.0107,0.4407,0.31,0.9439,0.6557777777777778,0.28812222222222217,0.4991,0.1441,0.5288,0.5491,0.35344444444444445,0.19565555555555558,0.5568,0.0978,1.014,1.6469,1.0929444444444443,0.5539555555555558,0.758,0.277,0.4603,0.4691,0.4566777777777778,0.012422222222222223,0.4696,0.0062,1.0011,0.7828,0.7742055555555556,0.00859444444444446,0.7114,0.0043,0.9088,1.6758,1.0026111111111111,0.6731888888888888,0.6356,0.3366,0.3793,0.4773,0.41878333333333334,0.05851666666666666,0.3932,0.0293,0.8238
Kyle Lowry,200768,PHI,PG,3.519,1.399,1.829,0.512,0.157,0.667,0.3726,0.784,0.643,0.3159,1.829,0.157,0.512,0.643,raw_delquant_flat_file,14.2003,9.916666666666666,4.283633333333334,5.6608,2.1418,0.3986,5.0968,3.947611111111111,1.1491888888888888,1.9736,0.5746,0.3872,3.2608,2.145888888888889,1.1149111111111112,2.3865,0.5575,0.7319,0.9439,0.7621666666666667,0.1817333333333333,0.6029,0.0909,0.6387,0.5491,0.4476111111111111,0.1014888888888889,0.2077,0.0507,0.3783,1.6469,1.2115,0.4354,0.8847,0.2177,0.5372,0.4691,0.4532722222222222,0.01582777777777783,0.3805,0.0079,0.8111,0.7828,0.7502888888888889,0.03251111111111116,0.8003,0.0163,1.0224,1.6758,0.9857777777777778,0.6900222222222222,0.988,0.345,0.5896,0.4773,0.41952222222222224,0.05777777777777776,0.3448,0.0289,0.7224
Liam McNeeley,1642862,CHA,SF,4.189,2.361,0.699,0.301,0.265,0.512,0.4428,0.7423,0.495,0.3922,0.699,0.265,0.301,0.495,raw_delquant_flat_file,14.2003,8.990764705882352,5.209535294117648,6.7938,2.6048,0.4784,5.0968,3.619529411764706,1.4772705882352941,3.0996,0.7386,0.6081,3.2608,1.9743529411764706,1.2864470588235295,1.3422,0.6432,0.4116,0.9439,0.615,0.32889999999999997,0.4654,0.1644,0.4931,0.5491,0.37982352941176467,0.16927647058823536,0.3496,0.0846,0.6367,1.6469,1.1689411764705882,0.4779588235294119,0.751,0.239,0.456,0.4691,0.45489999999999997,0.014200000000000046,0.4499,0.0071,0.9591,0.7828,0.7540470588235294,0.028752941176470648,0.7567,0.0144,0.9667,1.6758,1.0884705882352943,0.5873294117647057,0.7887,0.2937,0.4706,0.4773,0.4224823529411765,0.054817647058823527,0.4196,0.0274,0.8791
Ron Harper Jr.,1631199,BOS,SG,4.296,1.563,1.118,0.447,0.181,0.512,0.4109,0.7649,0.71,0.3894,1.118,0.181,0.447,0.71,raw_delquant_flat_file,14.2003,10.554846153846153,3.6454538461538473,6.1187,1.8227,0.4309,5.0968,4.29,0.8068,1.9664,0.4034,0.3858,3.2608,2.3656923076923078,0.8951076923076924,1.5656,0.4476,0.4801,0.9439,0.6874615384615385,0.2564384615384615,0.5752,0.1282,0.6094,0.5491,0.4480769230769231,0.10102307692307694,0.2315,0.0505,0.4216,1.6469,1.1839230769230769,0.4629769230769232,0.7435,0.2315,0.4515,0.4691,0.4659153846153846,0.003184615384615397,0.4125,0.0016,0.8793,0.7828,0.764453846153846,0.018346153846154012,0.7741,0.0092,0.9889,1.6758,1.2137692307692307,0.46203076923076924,0.941,0.231,0.5615,0.4773,0.4291384615384616,0.04816153846153842,0.4135,0.0241,0.8663
Taelon Peter,1643007,IND,PG,4.334,1.485,1.207,0.545,0.108,0.673,0.3956,0.7234,0.741,0.4073,1.207,0.108,0.545,0.741,raw_delquant_flat_file,14.2003,9.299555555555555,4.900744444444445,6.7844,2.4504,0.4778,5.0968,3.769944444444444,1.326855555555556,2.1484,0.6634,0.4215,3.2608,2.2429444444444444,1.0178555555555557,1.7159,0.5089,0.5262,0.9439,0.6926111111111112,0.2512888888888888,0.6706,0.1256,0.7105,0.5491,0.4008333333333333,0.1482666666666667,0.1821,0.0741,0.3316,1.6469,1.1437777777777778,0.5031222222222222,0.9246,0.2516,0.5614,0.4691,0.4635222222222223,0.005577777777777737,0.3984,0.0028,0.8493,0.7828,0.7666499999999999,0.01615000000000011,0.7315,0.0081,0.9345,1.6758,0.973388888888889,0.702411111111111,1.0922,0.3512,0.6517,0.4773,0.41789444444444446,0.059405555555555545,0.437,0.0297,0.9156
AJ Johnson,1642358,DAL,PG,4.616,1.469,1.41,0.377,0.098,0.745,0.3768,0.8082,0.519,0.4376,1.41,0.098,0.377,0.519,raw_delquant_flat_file,14.2003,9.4712,4.729100000000001,6.9806,2.3646,0.4916,5.0968,3.9284,1.1684,2.0532,0.5842,0.4028,3.2608,2.088,1.1728,1.9964,0.5864,0.6122,0.9439,0.6827500000000001,0.2611499999999999,0.5076,0.1306,0.5378,0.5491,0.4574,0.09170000000000006,0.1439,0.0459,0.2621,1.6469,1.1912,0.4557,0.9728,0.2278,0.5907,0.4691,0.463675,0.005425000000000013,0.3795,0.0027,0.809,0.7828,0.755695,0.027105000000000046,0.8218,0.0136,1.0498,1.6758,0.893,0.7827999999999999,0.9104,0.3914,0.5433,0.4773,0.41499499999999995,0.062305000000000055,0.4688,0.0312,0.9822
Jaylen Clark,1641740,MIN,PG,4.121,1.507,0.964,0.622,0.103,0.473,0.4241,0.7239,0.518,0.4073,0.964,0.103,0.622,0.518,raw_delquant_flat_file,14.2003,9.3915,4.8088,6.5254,2.4044,0.4595,5.0968,3.598375,1.4984250000000001,2.2562,0.7492,0.4427,3.2608,2.197875,1.0629250000000003,1.4955,0.5315,0.4586,0.9439,0.7104375,0.2334624999999999,0.7387,0.1167,0.7826,0.5491,0.429875,0.11922500000000003,0.1626,0.0596,0.2961,1.6469,1.16025,0.48665,0.7163,0.2433,0.4349,0.4691,0.4592625,0.009837499999999999,0.429,0.0049,0.9145,0.7828,0.7549875,0.027812500000000018,0.7378,0.0139,0.9425,1.6758,1.0204374999999999,0.6553625000000001,0.8457,0.3277,0.5047,0.4773,0.42216875,0.05513125000000002,0.4349,0.0276,0.9112
Tyler Kolek,1642278,NYK,PG,3.863,1.345,1.882,0.402,0.09,0.7,0.4066,0.7463,0.553,0.4046,1.882,0.09,0.402,0.553,raw_delquant_flat_file,14.2003,9.263352941176471,4.936947058823529,6.3315,2.4685,0.4459,5.0968,3.6023529411764708,1.4944470588235292,2.0922,0.7472,0.4105,3.2608,2.2386470588235294,1.0221529411764707,2.3931,0.5111,0.7339,0.9439,0.686235294117647,0.2576647058823529,0.5308,0.1288,0.5623,0.5491,0.3651764705882353,0.1839235294117647,0.182,0.092,0.3315,1.6469,1.1476470588235292,0.4992529411764708,0.9496,0.2496,0.5766,0.4691,0.46367058823529417,0.005429411764705849,0.4093,0.0027,0.8725,0.7828,0.7486411764705883,0.0341588235294118,0.7634,0.0171,0.9752,1.6758,1.0059411764705881,0.6698588235294118,0.8879,0.3349,0.5298,0.4773,0.4239882352941176,0.05331176470588239,0.4313,0.0267,0.9036
RayJ Dennis,1642484,ATL,PG,4.098,1.44,1.426,0.455,0.138,0.686,0.3781,0.7841,0.608,0.4046,1.426,0.138,0.455,0.608,raw_delquant_flat_file,14.2003,9.143944444444445,5.056355555555555,6.6262,2.5282,0.4666,5.0968,3.657666666666666,1.4391333333333338,2.1596,0.7196,0.4237,3.2608,2.035888888888889,1.224911111111111,2.0385,0.6125,0.6252,0.9439,0.709111111111111,0.23478888888888894,0.5724,0.1174,0.6064,0.5491,0.4205,0.12860000000000005,0.2023,0.0643,0.3684,1.6469,1.1113888888888888,0.5355111111111113,0.9538,0.2678,0.5791,0.4691,0.4601722222222222,0.008927777777777812,0.3826,0.0045,0.8156,0.7828,0.7444944444444445,0.03830555555555559,0.8033,0.0192,1.0262,1.6758,1.0002222222222223,0.6755777777777776,0.9458,0.3378,0.5644,0.4773,0.4212388888888889,0.05606111111111112,0.4326,0.028,0.9063
Mac McClung,1630644,CHI,PG,4.404,1.164,1.155,0.53,0.153,0.53,0.3989,0.7694,0.622,0.375,1.155,0.153,0.53,0.622,raw_delquant_flat_file,14.2003,8.785941176470587,5.4143588235294136,7.1112,2.7072,0.5008,5.0968,3.5295882352941175,1.5672117647058825,1.9476,0.7836,0.3821,3.2608,2.0900588235294117,1.1707411764705884,1.7404,0.5854,0.5337,0.9439,0.6158823529411765,0.3280176470588234,0.694,0.164,0.7352,0.5491,0.38964705882352946,0.15945294117647058,0.2327,0.0797,0.4238,1.6469,1.1739411764705883,0.47295882352941176,0.7665,0.2365,0.4654,0.4691,0.4611058823529412,0.007994117647058818,0.4029,0.004,0.8589,0.7828,0.7538823529411764,0.028917647058823603,0.7839,0.0145,1.0014,1.6758,0.949,0.7268,0.9854,0.3634,0.588,0.4773,0.4102058823529412,0.0670941176470588,0.4085,0.0335,0.8559
E.J. Liddell,1630604,BKN,SF,4.119,2.183,0.672,0.295,0.302,0.493,0.4693,0.752,0.447,0.3639,0.672,0.302,0.295,0.447,raw_delquant_flat_file,14.2003,8.809833333333334,5.390466666666667,6.8142,2.6952,0.4799,5.0968,3.629055555555555,1.467744444444445,2.9169,0.7339,0.5723,3.2608,1.9996111111111112,1.261188888888889,1.3026,0.6306,0.3995,0.9439,0.7076666666666667,0.2362333333333333,0.4131,0.1181,0.4377,0.5491,0.4147222222222222,0.13437777777777782,0.3692,0.0672,0.6724,1.6469,1.1893333333333334,0.4575666666666667,0.7218,0.2288,0.4383,0.4691,0.4530777777777778,0.016022222222222215,0.4773,0.008,1.0175,0.7828,0.7681388888888888,0.014661111111111236,0.7593,0.0073,0.97,1.6758,1.0036111111111112,0.6721888888888887,0.7831,0.3361,0.4673,0.4773,0.41187222222222225,0.06542777777777775,0.3966,0.0327,0.8309
Maxi Kleber,1628467,LAL,SF,2.956,2.495,0.902,0.393,0.34,0.513,0.4263,0.6801,0.299,0.3153,0.902,0.34,0.393,0.299,raw_delquant_flat_file,14.2003,9.564941176470587,4.635358823529414,5.2737,2.3177,0.3714,5.0968,3.6745882352941175,1.4222117647058825,3.2061,0.7111,0.629,3.2608,2.2321764705882354,1.0286235294117647,1.4163,0.5143,0.4343,0.9439,0.6849411764705883,0.2589588235294117,0.5225,0.1295,0.5536,0.5491,0.36511764705882355,0.18398235294117649,0.432,0.092,0.7867,1.6469,1.2188823529411765,0.4280176470588235,0.727,0.214,0.4414,0.4691,0.46496470588235295,0.00413529411764707,0.4284,0.0021,0.9132,0.7828,0.744035294117647,0.038764705882353034,0.6995,0.0194,0.8936,1.6758,0.9627058823529412,0.7130941176470588,0.6555,0.3565,0.3912,0.4773,0.43051764705882356,0.04678235294117644,0.3387,0.0234,0.7096
Isaiah Livers,1630587,PHX,SF,3.535,2.315,0.715,0.44,0.263,0.509,0.3988,0.6737,0.423,0.3622,0.715,0.263,0.44,0.423,raw_delquant_flat_file,14.2003,8.88535294117647,5.314947058823531,6.1925,2.6575,0.4361,5.0968,3.3191764705882356,1.7776235294117644,3.2038,0.8888,0.6286,3.2608,1.9868235294117649,1.2739764705882353,1.352,0.637,0.4146,0.9439,0.6880588235294117,0.25584117647058824,0.5679,0.1279,0.6017,0.5491,0.34911764705882353,0.1999823529411765,0.363,0.1,0.6611,1.6469,1.0747058823529412,0.5721941176470589,0.7951,0.2861,0.4828,0.4691,0.4498411764705882,0.019258823529411828,0.4084,0.0096,0.8706,0.7828,0.7384588235294117,0.04434117647058833,0.6959,0.0222,0.889,1.6758,1.0250588235294116,0.6507411764705884,0.7484,0.3254,0.4466,0.4773,0.41646470588235296,0.06083529411764704,0.3926,0.0304,0.8225
Tyler Smith,1641890,DAL,SF,4.137,2.247,0.561,0.365,0.237,0.512,0.4518,0.7088,0.513,0.385,0.561,0.237,0.365,0.513,raw_delquant_flat_file,14.2003,9.4712,4.729100000000001,6.5016,2.3646,0.4578,5.0968,3.9284,1.1684,2.8312,0.5842,0.5555,3.2608,2.088,1.1728,1.1474,0.5864,0.3519,0.9439,0.6827500000000001,0.2611499999999999,0.4956,0.1306,0.5251,0.5491,0.4574,0.09170000000000006,0.2829,0.0459,0.5152,1.6469,1.1912,0.4557,0.7398,0.2278,0.4492,0.4691,0.463675,0.005425000000000013,0.4545,0.0027,0.9689,0.7828,0.755695,0.027105000000000046,0.7224,0.0136,0.9228,1.6758,0.893,0.7827999999999999,0.9044,0.3914,0.5397,0.4773,0.41499499999999995,0.062305000000000055,0.4162,0.0312,0.872
Jamison Battle,1642419,TOR,SF,4.428,2.174,0.609,0.265,0.212,0.457,0.4568,0.7138,0.712,0.3753,0.609,0.212,0.265,0.712,raw_delquant_flat_file,14.2003,9.236749999999999,4.9635500000000015,6.9098,2.4818,0.4866,5.0968,3.6478125,1.4489874999999999,2.8985,0.7245,0.5687,3.2608,2.18275,1.0780500000000002,1.148,0.539,0.3521,0.9439,0.678875,0.26502499999999996,0.3975,0.1325,0.4211,0.5491,0.401625,0.14747500000000002,0.2857,0.0737,0.5203,1.6469,1.1529375,0.4939625000000001,0.704,0.247,0.4275,0.4691,0.4618875,0.007212500000000011,0.4604,0.0036,0.9815,0.7828,0.7451625,0.0376375000000001,0.7326,0.0188,0.9359,1.6758,0.855875,0.8199249999999999,1.122,0.41,0.6695,0.4773,0.43621875,0.041081250000000014,0.3958,0.0205,0.8292
Keshad Johnson,1642352,MIA,SF,3.917,2.173,0.494,0.38,0.305,0.466,0.4842,0.6861,0.339,0.3753,0.494,0.305,0.38,0.339,raw_delquant_flat_file,14.2003,10.5542,3.6461000000000006,5.74,1.823,0.4042,5.0968,3.9381333333333335,1.1586666666666665,2.7523,0.5793,0.54,3.2608,2.4346,0.8262,0.9071,0.4131,0.2782,0.9439,0.7641333333333333,0.17976666666666663,0.4699,0.0899,0.4978,0.5491,0.3908666666666667,0.15823333333333334,0.3841,0.0791,0.6995,1.6469,1.2644666666666666,0.3824333333333334,0.6572,0.1912,0.3991,0.4691,0.4581266666666667,0.010973333333333335,0.4897,0.0055,1.0439,0.7828,0.7705466666666667,0.012253333333333338,0.6922,0.0061,0.8843,1.6758,1.1222666666666667,0.5535333333333332,0.6158,0.2768,0.3675,0.4773,0.4400866666666667,0.03721333333333332,0.3939,0.0186,0.8253
Terrence Shannon Jr.,1630545,MIN,SG,4.628,1.371,1.154,0.384,0.09,0.599,0.4314,0.7821,0.553,0.4046,1.154,0.09,0.384,0.553,raw_delquant_flat_file,14.2003,9.3915,4.8088,7.0324,2.4044,0.4952,5.0968,3.598375,1.4984250000000001,2.1202,0.7492,0.416,3.2608,2.197875,1.0629250000000003,1.6855,0.5315,0.5169,0.9439,0.7104375,0.2334624999999999,0.5007,0.1167,0.5305,0.5491,0.429875,0.11922500000000003,0.1496,0.0596,0.2724,1.6469,1.16025,0.48665,0.8423,0.2433,0.5114,0.4691,0.4592625,0.009837499999999999,0.4363,0.0049,0.9301,0.7828,0.7549875,0.027812500000000018,0.796,0.0139,1.0169,1.6758,1.0204374999999999,0.6553625000000001,0.8807,0.3277,0.5255,0.4773,0.42216875,0.05513125000000002,0.4322,0.0276,0.9055
Ariel Hukporti,1630574,NYK,C,2.996,2.906,0.496,0.198,0.548,0.679,0.5365,0.6542,0.048,0.375,0.496,0.548,0.198,0.048,raw_delquant_flat_file,14.2003,9.263352941176471,4.936947058823529,5.4645,2.4685,0.3848,5.0968,3.6023529411764708,1.4944470588235292,3.6532,0.7472,0.7168,3.2608,2.2386470588235294,1.0221529411764707,1.0071,0.5111,0.3089,0.9439,0.686235294117647,0.2576647058823529,0.3268,0.1288,0.3462,0.5491,0.3651764705882353,0.1839235294117647,0.64,0.092,1.1655,1.6469,1.1476470588235292,0.4992529411764708,0.9286,0.2496,0.5638,0.4691,0.46367058823529417,0.005429411764705849,0.5392,0.0027,1.1494,0.7828,0.7486411764705883,0.0341588235294118,0.6713,0.0171,0.8576,1.6758,1.0059411764705881,0.6698588235294118,0.3829,0.3349,0.2285,0.4773,0.4239882352941176,0.05331176470588239,0.4017,0.0267,0.8416
Curtis Jones,1642938,DEN,PG,4.077,1.414,1.235,0.466,0.095,0.571,0.4059,0.7444,0.581,0.4073,1.235,0.095,0.466,0.581,raw_delquant_flat_file,14.2003,9.484444444444444,4.715855555555557,6.4349,2.3579,0.4532,5.0968,3.5435,1.5533000000000001,2.1906,0.7766,0.4298,3.2608,2.3794444444444443,0.8813555555555559,1.6757,0.4407,0.5139,0.9439,0.6557777777777778,0.28812222222222217,0.6101,0.1441,0.6464,0.5491,0.35344444444444445,0.19565555555555558,0.1928,0.0978,0.3511,1.6469,1.0929444444444443,0.5539555555555558,0.848,0.277,0.5149,0.4691,0.4566777777777778,0.012422222222222223,0.4121,0.0062,0.8785,0.7828,0.7742055555555556,0.00859444444444446,0.7487,0.0043,0.9564,1.6758,1.0026111111111111,0.6731888888888888,0.9176,0.3366,0.5476,0.4773,0.41878333333333334,0.05851666666666666,0.4366,0.0293,0.9147
Luke Travers,1631247,CLE,SF,3.499,2.218,0.683,0.372,0.311,0.507,0.413,0.7619,0.285,0.3753,0.683,0.311,0.372,0.285,raw_delquant_flat_file,14.2003,9.614411764705881,4.585888235294119,5.7919,2.2929,0.4079,5.0968,3.805411764705883,1.291388235294117,2.8637,0.6457,0.5619,3.2608,2.4610588235294117,0.7997411764705884,1.0829,0.3999,0.3321,0.9439,0.7529411764705882,0.19095882352941174,0.4675,0.0955,0.4953,0.5491,0.4275294117647059,0.12157058823529415,0.3718,0.0608,0.6771,1.6469,1.1886470588235294,0.45825294117647064,0.7361,0.2291,0.447,0.4691,0.4603,0.00880000000000003,0.4174,0.0044,0.8898,0.7828,0.773,0.009800000000000031,0.7668,0.0049,0.9796,1.6758,1.1414705882352942,0.5343294117647057,0.5522,0.2672,0.3295,0.4773,0.4022529411764706,0.07504705882352941,0.4128,0.0375,0.8649
DaRon Holmes II,1641747,DEN,SF,3.991,2.064,0.663,0.277,0.303,0.533,0.4694,0.7243,0.483,0.3832,0.663,0.303,0.277,0.483,raw_delquant_flat_file,14.2003,9.484444444444444,4.715855555555557,6.3489,2.3579,0.4471,5.0968,3.5435,1.5533000000000001,2.8406,0.7766,0.5573,3.2608,2.3794444444444443,0.8813555555555559,1.1037,0.4407,0.3385,0.9439,0.6557777777777778,0.28812222222222217,0.4211,0.1441,0.4461,0.5491,0.35344444444444445,0.19565555555555558,0.4008,0.0978,0.7299,1.6469,1.0929444444444443,0.5539555555555558,0.81,0.277,0.4918,0.4691,0.4566777777777778,0.012422222222222223,0.4756,0.0062,1.0139,0.7828,0.7742055555555556,0.00859444444444446,0.7286,0.0043,0.9308,1.6758,1.0026111111111111,0.6731888888888888,0.8196,0.3366,0.4891,0.4773,0.41878333333333334,0.05851666666666666,0.4125,0.0293,0.8642
Jase Richardson,1642859,ORL,PG,4.345,1.354,1.176,0.416,0.087,0.587,0.4313,0.735,0.524,0.4219,1.176,0.087,0.416,0.524,raw_delquant_flat_file,14.2003,9.959933333333334,4.240366666666667,6.4652,2.1202,0.4553,5.0968,3.8836,1.2132,1.9606,0.6066,0.3847,3.2608,2.1512666666666664,1.1095333333333337,1.7308,0.5548,0.5308,0.9439,0.7268000000000001,0.21709999999999985,0.5245,0.1085,0.5557,0.5491,0.4478,0.10130000000000006,0.1377,0.0507,0.2508,1.6469,1.2436666666666667,0.40323333333333333,0.7886,0.2016,0.4788,0.4691,0.45659333333333335,0.012506666666666666,0.4376,0.0063,0.9329,0.7828,0.7623666666666666,0.020433333333333414,0.7452,0.0102,0.952,1.6758,0.9354666666666667,0.7403333333333333,0.8942,0.3702,0.5336,0.4773,0.43374666666666667,0.04355333333333333,0.4437,0.0218,0.9296
Miles Kelly,1642939,DAL,PG,3.988,1.514,1.17,0.435,0.103,0.593,0.3979,0.7625,0.591,0.4076,1.17,0.103,0.435,0.591,raw_delquant_flat_file,14.2003,9.4712,4.729100000000001,6.3526,2.3646,0.4474,5.0968,3.9284,1.1684,2.0982,0.5842,0.4117,3.2608,2.088,1.1728,1.7564,0.5864,0.5386,0.9439,0.6827500000000001,0.2611499999999999,0.5656,0.1306,0.5992,0.5491,0.4574,0.09170000000000006,0.1489,0.0459,0.2712,1.6469,1.1912,0.4557,0.8208,0.2278,0.4984,0.4691,0.463675,0.005425000000000013,0.4006,0.0027,0.854,0.7828,0.755695,0.027105000000000046,0.7761,0.0136,0.9914,1.6758,0.893,0.7827999999999999,0.9824,0.3914,0.5862,0.4773,0.41499499999999995,0.062305000000000055,0.4388,0.0312,0.9193
Drew Timme,1631166,LAL,SF,3.942,1.988,0.755,0.325,0.216,0.527,0.4893,0.6918,0.414,0.3639,0.755,0.216,0.325,0.414,raw_delquant_flat_file,14.2003,9.564941176470587,4.635358823529414,6.2597,2.3177,0.4408,5.0968,3.6745882352941175,1.4222117647058825,2.6991,0.7111,0.5296,3.2608,2.2321764705882354,1.0286235294117647,1.2693,0.5143,0.3893,0.9439,0.6849411764705883,0.2589588235294117,0.4545,0.1295,0.4815,0.5491,0.36511764705882355,0.18398235294117649,0.308,0.092,0.5609,1.6469,1.2188823529411765,0.4280176470588235,0.741,0.214,0.4499,0.4691,0.46496470588235295,0.00413529411764707,0.4914,0.0021,1.0475,0.7828,0.744035294117647,0.038764705882353034,0.7112,0.0194,0.9085,1.6758,0.9627058823529412,0.7130941176470588,0.7705,0.3565,0.4598,0.4773,0.43051764705882356,0.04678235294117644,0.3873,0.0234,0.8114
Gary Harris,203914,MIL,PG,3.698,1.305,1.11,0.536,0.168,0.494,0.4153,0.7732,0.683,0.3709,1.11,0.168,0.536,0.683,raw_delquant_flat_file,14.2003,9.940999999999999,4.259300000000001,5.8276,2.1296,0.4104,5.0968,3.714555555555555,1.3822444444444448,1.9961,0.6911,0.3916,3.2608,2.2494444444444444,1.0113555555555558,1.6157,0.5057,0.4955,0.9439,0.7022222222222223,0.24167777777777766,0.6568,0.1208,0.6958,0.5491,0.381,0.16810000000000003,0.252,0.084,0.4589,1.6469,1.2697222222222222,0.37717777777777783,0.6826,0.1886,0.4145,0.4691,0.4623055555555556,0.006794444444444436,0.4187,0.0034,0.8926,0.7828,0.7495888888888889,0.03321111111111119,0.7898,0.0166,1.0089,1.6758,1.103,0.5728,0.9694,0.2864,0.5785,0.4773,0.41657777777777777,0.06072222222222223,0.4013,0.0304,0.8408
Yuki Kawamura,1642530,CHI,PG,3.711,1.405,1.519,0.422,0.071,0.62,0.3879,0.7948,0.536,0.4073,1.519,0.071,0.422,0.536,raw_delquant_flat_file,14.2003,8.785941176470587,5.4143588235294136,6.4182,2.7072,0.452,5.0968,3.5295882352941175,1.5672117647058825,2.1886,0.7836,0.4294,3.2608,2.0900588235294117,1.1707411764705884,2.1044,0.5854,0.6454,0.9439,0.6158823529411765,0.3280176470588234,0.586,0.164,0.6208,0.5491,0.38964705882352946,0.15945294117647058,0.1507,0.0797,0.2744,1.6469,1.1739411764705883,0.47295882352941176,0.8565,0.2365,0.5201,0.4691,0.4611058823529412,0.007994117647058818,0.3919,0.004,0.8354,0.7828,0.7538823529411764,0.028917647058823603,0.8093,0.0145,1.0339,1.6758,0.949,0.7268,0.8994,0.3634,0.5367,0.4773,0.4102058823529412,0.0670941176470588,0.4408,0.0335,0.9235
Jae'Sean Tate,1630256,HOU,SF,3.505,2.309,0.679,0.38,0.184,0.458,0.4676,0.6664,0.283,0.3484,0.679,0.184,0.38,0.283,raw_delquant_flat_file,14.2003,8.824733333333334,5.375566666666666,6.1928,2.6878,0.4361,5.0968,4.1628,0.9340000000000002,2.776,0.467,0.5447,3.2608,1.8478666666666668,1.4129333333333334,1.3855,0.7065,0.4249,0.9439,0.6666000000000001,0.2772999999999999,0.5186,0.1386,0.5494,0.5491,0.48633333333333334,0.06276666666666669,0.2154,0.0314,0.3923,1.6469,1.1314666666666668,0.5154333333333332,0.7157,0.2577,0.4346,0.4691,0.45740666666666663,0.011693333333333389,0.4734,0.0058,1.0092,0.7828,0.7326733333333333,0.050126666666666764,0.6915,0.0251,0.8834,1.6758,0.7818666666666666,0.8939333333333334,0.73,0.447,0.4356,0.4773,0.4135466666666667,0.06375333333333333,0.3803,0.0319,0.7968
Kevin McCullar Jr.,1641755,NYK,PG,3.836,1.478,1.245,0.479,0.078,0.639,0.4092,0.7193,0.528,0.4046,1.245,0.078,0.479,0.528,raw_delquant_flat_file,14.2003,9.263352941176471,4.936947058823529,6.3045,2.4685,0.444,5.0968,3.6023529411764708,1.4944470588235292,2.2252,0.7472,0.4366,3.2608,2.2386470588235294,1.0221529411764707,1.7561,0.5111,0.5385,0.9439,0.686235294117647,0.2576647058823529,0.6078,0.1288,0.6439,0.5491,0.3651764705882353,0.1839235294117647,0.17,0.092,0.3096,1.6469,1.1476470588235292,0.4992529411764708,0.8886,0.2496,0.5396,0.4691,0.46367058823529417,0.005429411764705849,0.4119,0.0027,0.8781,0.7828,0.7486411764705883,0.0341588235294118,0.7364,0.0171,0.9407,1.6758,1.0059411764705881,0.6698588235294118,0.8629,0.3349,0.5149,0.4773,0.4239882352941176,0.05331176470588239,0.4313,0.0267,0.9036
Mohamed Diawara,1642885,NYK,SF,3.894,1.939,0.703,0.311,0.229,0.509,0.4433,0.6988,0.503,0.3922,0.703,0.229,0.311,0.503,raw_delquant_flat_file,14.2003,9.263352941176471,4.936947058823529,6.3625,2.4685,0.4481,5.0968,3.6023529411764708,1.4944470588235292,2.6862,0.7472,0.527,3.2608,2.2386470588235294,1.0221529411764707,1.2141,0.5111,0.3723,0.9439,0.686235294117647,0.2576647058823529,0.4398,0.1288,0.4659,0.5491,0.3651764705882353,0.1839235294117647,0.321,0.092,0.5846,1.6469,1.1476470588235292,0.4992529411764708,0.7586,0.2496,0.4606,0.4691,0.46367058823529417,0.005429411764705849,0.446,0.0027,0.9508,0.7828,0.7486411764705883,0.0341588235294118,0.7159,0.0171,0.9145,1.6758,1.0059411764705881,0.6698588235294118,0.8379,0.3349,0.5,0.4773,0.4239882352941176,0.05331176470588239,0.4189,0.0267,0.8776
Taj Gibson,201959,MEM,SF,2.869,2.75,0.662,0.281,0.241,0.423,0.4505,0.7448,0.164,0.3196,0.662,0.241,0.281,0.164,raw_delquant_flat_file,14.2003,9.42378947368421,4.776510526315791,5.2573,2.3883,0.3702,5.0968,3.582263157894737,1.514536842105263,3.5073,0.7573,0.6881,3.2608,2.3693684210526316,0.8914315789473686,1.1077,0.4457,0.3397,0.9439,0.7777894736842105,0.1661105263157895,0.3641,0.0831,0.3857,0.5491,0.3871578947368421,0.16194210526315794,0.322,0.081,0.5864,1.6469,1.2790526315789474,0.3678473684210526,0.6069,0.1839,0.3685,0.4691,0.452621052631579,0.016478947368421037,0.4587,0.0082,0.9778,0.7828,0.7797315789473684,0.003068421052631609,0.7463,0.0015,0.9534,1.6758,1.0590526315789475,0.6167473684210525,0.4724,0.3084,0.2819,0.4773,0.410321052631579,0.06697894736842103,0.3531,0.0335,0.7398
Andre Jackson Jr.,1641748,MIL,PG,3.359,1.767,1.159,0.435,0.12,0.7,0.4042,0.682,0.427,0.4073,1.159,0.12,0.435,0.427,raw_delquant_flat_file,14.2003,9.940999999999999,4.259300000000001,5.4887,2.1297,0.3865,5.0968,3.714555555555555,1.3822444444444448,2.4581,0.6911,0.4823,3.2608,2.2494444444444444,1.0113555555555558,1.6647,0.5057,0.5105,0.9439,0.7022222222222223,0.24167777777777766,0.5558,0.1208,0.5888,0.5491,0.381,0.16810000000000003,0.204,0.084,0.3715,1.6469,1.2697222222222222,0.37717777777777783,0.8886,0.1886,0.5396,0.4691,0.4623055555555556,0.006794444444444436,0.4076,0.0034,0.8689,0.7828,0.7495888888888889,0.03321111111111119,0.6986,0.0166,0.8924,1.6758,1.103,0.5728,0.7134,0.2864,0.4257,0.4773,0.41657777777777777,0.06072222222222223,0.4377,0.0304,0.917
Jett Howard,1641724,ORL,PG,4.317,1.33,0.919,0.299,0.152,0.496,0.4001,0.7886,0.692,0.4243,0.919,0.152,0.299,0.692,raw_delquant_flat_file,14.2003,9.959933333333334,4.240366666666667,6.4372,2.1202,0.4533,5.0968,3.8836,1.2132,1.9366,0.6066,0.38,3.2608,2.1512666666666664,1.1095333333333337,1.4738,0.5548,0.452,0.9439,0.7268000000000001,0.21709999999999985,0.4075,0.1085,0.4317,0.5491,0.4478,0.10130000000000006,0.2027,0.0507,0.3691,1.6469,1.2436666666666667,0.40323333333333333,0.6976,0.2016,0.4236,0.4691,0.45659333333333335,0.012506666666666666,0.4064,0.0063,0.8663,0.7828,0.7623666666666666,0.020433333333333414,0.7988,0.0102,1.0204,1.6758,0.9354666666666667,0.7403333333333333,1.0622,0.3702,0.6338,0.4773,0.43374666666666667,0.04355333333333333,0.4461,0.0218,0.9346
Julian Phillips,1641763,MIN,SF,3.626,1.813,0.445,0.389,0.251,0.405,0.4458,0.7215,0.381,0.376,0.445,0.251,0.389,0.381,raw_delquant_flat_file,14.2003,9.3915,4.8088,6.0304,2.4044,0.4247,5.0968,3.598375,1.4984250000000001,2.5622,0.7492,0.5027,3.2608,2.197875,1.0629250000000003,0.9765,0.5315,0.2995,0.9439,0.7104375,0.2334624999999999,0.5057,0.1167,0.5358,0.5491,0.429875,0.11922500000000003,0.3106,0.0596,0.5657,1.6469,1.16025,0.48665,0.6483,0.2433,0.3936,0.4691,0.4592625,0.009837499999999999,0.4507,0.0049,0.9608,0.7828,0.7549875,0.027812500000000018,0.7354,0.0139,0.9394,1.6758,1.0204374999999999,0.6553625000000001,0.7087,0.3277,0.4229,0.4773,0.42216875,0.05513125000000002,0.4036,0.0276,0.8456
Brooks Barnhizer,1642964,OKC,PG,3.323,1.629,1.024,0.399,0.115,0.508,0.3998,0.744,0.418,0.4073,1.024,0.115,0.399,0.418,raw_delquant_flat_file,14.2003,10.152375,4.047925000000001,5.347,2.024,0.3765,5.0968,3.7781875,1.3186125,2.2883,0.6593,0.449,3.2608,2.4305,0.8303000000000003,1.4392,0.4152,0.4414,0.9439,0.8349375,0.10896249999999996,0.4535,0.0545,0.4805,0.5491,0.4696875,0.07941250000000005,0.1547,0.0397,0.2817,1.6469,1.19125,0.4556500000000001,0.7358,0.2278,0.4468,0.4691,0.4647125,0.004387500000000044,0.402,0.0022,0.857,0.7828,0.774775,0.00802500000000006,0.748,0.004,0.9555,1.6758,1.0983749999999999,0.5774250000000001,0.7067,0.2887,0.4217,0.4773,0.421575,0.055725000000000025,0.4352,0.0279,0.9118
Jonathan Mogbo,1642367,TOR,SF,2.714,2.138,0.831,0.338,0.238,0.478,0.4588,0.6927,0.13,0.4124,0.831,0.238,0.338,0.13,raw_delquant_flat_file,14.2003,9.236749999999999,4.9635500000000015,5.1958,2.4818,0.3659,5.0968,3.6478125,1.4489874999999999,2.8625,0.7245,0.5616,3.2608,2.18275,1.0780500000000002,1.37,0.539,0.4201,0.9439,0.678875,0.26502499999999996,0.4705,0.1325,0.4985,0.5491,0.401625,0.14747500000000002,0.3117,0.0737,0.5677,1.6469,1.1529375,0.4939625000000001,0.725,0.247,0.4402,0.4691,0.4618875,0.007212500000000011,0.4624,0.0036,0.9857,0.7828,0.7451625,0.0376375000000001,0.7115,0.0188,0.9089,1.6758,0.855875,0.8199249999999999,0.54,0.41,0.3222,0.4773,0.43621875,0.041081250000000014,0.4329,0.0205,0.907
Chaz Lanier,1642404,DET,PG,3.651,1.204,1.035,0.386,0.074,0.467,0.382,0.7608,0.565,0.4073,1.035,0.074,0.386,0.565,raw_delquant_flat_file,14.2003,8.7513125,5.448987500000001,6.3755,2.7245,0.449,5.0968,3.5715,1.5253,1.9666,0.7626,0.3858,3.2608,2.12,1.1408,1.6054,0.5704,0.4923,0.9439,0.7265625,0.21733749999999996,0.4947,0.1087,0.5241,0.5491,0.4360625,0.11303750000000001,0.1305,0.0565,0.2377,1.6469,1.1275,0.5194000000000001,0.7267,0.2597,0.4413,0.4691,0.45863750000000003,0.010462499999999986,0.3872,0.0052,0.8254,0.7828,0.7500125,0.03278750000000008,0.7772,0.0164,0.9928,1.6758,0.86675,0.8090499999999999,0.9695,0.4045,0.5785,0.4773,0.41046875,0.06683125000000001,0.4407,0.0334,0.9233
Bronny James,1642355,LAL,PG,3.53,1.058,1.141,0.427,0.109,0.601,0.3891,0.7653,0.507,0.4376,1.141,0.109,0.427,0.507,raw_delquant_flat_file,14.2003,9.564941176470587,4.635358823529414,5.8477,2.3177,0.4118,5.0968,3.6745882352941175,1.4222117647058825,1.7691,0.7111,0.3471,3.2608,2.2321764705882354,1.0286235294117647,1.6553,0.5143,0.5076,0.9439,0.6849411764705883,0.2589588235294117,0.5565,0.1295,0.5896,0.5491,0.36511764705882355,0.18398235294117649,0.201,0.092,0.3661,1.6469,1.2188823529411765,0.4280176470588235,0.815,0.214,0.4949,0.4691,0.46496470588235295,0.00413529411764707,0.3912,0.0021,0.8339,0.7828,0.744035294117647,0.038764705882353034,0.7847,0.0194,1.0024,1.6758,0.9627058823529412,0.7130941176470588,0.8635,0.3565,0.5153,0.4773,0.43051764705882356,0.04678235294117644,0.461,0.0234,0.9658
Cam Christie,1642353,LAC,PG,3.397,1.387,0.935,0.408,0.097,0.515,0.3868,0.7413,0.378,0.4219,0.935,0.097,0.408,0.378,raw_delquant_flat_file,14.2003,9.250625,4.949675000000001,5.8718,2.4748,0.4135,5.0968,3.37875,1.7180499999999999,2.246,0.859,0.4407,3.2608,2.192375,1.068425,1.4692,0.5342,0.4506,0.9439,0.7555000000000001,0.1883999999999999,0.5022,0.0942,0.532,0.5491,0.41118750000000004,0.1379125,0.166,0.069,0.3023,1.6469,1.1773125,0.46958750000000005,0.7498,0.2348,0.4553,0.4691,0.45813125,0.010968750000000027,0.3923,0.0055,0.8363,0.7828,0.77625,0.006550000000000056,0.7446,0.0033,0.9512,1.6758,1.0209375,0.6548624999999999,0.7054,0.3274,0.4209,0.4773,0.4134875,0.0638125,0.4538,0.0319,0.9508
Bismack Biyombo,202687,SAS,C,2.267,2.45,0.48,0.241,0.337,0.527,0.5454,0.5432,0.006,0.3545,0.48,0.337,0.241,0.006,raw_delquant_flat_file,14.2003,8.8863125,5.3139875,4.924,2.657,0.3468,5.0968,3.6095625,1.4872375,3.1936,0.7436,0.6266,3.2608,2.0776875,1.1831125,1.0716,0.5916,0.3286,0.9439,0.64025,0.30365,0.3928,0.1518,0.4161,0.5491,0.438375,0.11072500000000002,0.3924,0.0554,0.7146,1.6469,1.095,0.5519000000000001,0.803,0.276,0.4876,0.4691,0.4674875,0.0016125000000000167,0.5462,0.0008,1.1644,0.7828,0.7385375,0.04426250000000009,0.5653,0.0221,0.7222,1.6758,0.9138124999999999,0.7619875,0.387,0.381,0.2309,0.4773,0.421575,0.055725000000000025,0.3824,0.0279,0.8012
Pat Connaughton,1626192,CHA,PG,2.986,1.544,0.856,0.272,0.098,0.379,0.4212,0.6966,0.486,0.4233,0.856,0.098,0.272,0.486,raw_delquant_flat_file,14.2003,8.990764705882352,5.209535294117648,5.5908,2.6048,0.3937,5.0968,3.619529411764706,1.4772705882352941,2.2826,0.7386,0.4478,3.2608,1.9743529411764706,1.2864470588235295,1.4992,0.6432,0.4598,0.9439,0.615,0.32889999999999997,0.4364,0.1644,0.4623,0.5491,0.37982352941176467,0.16927647058823536,0.1826,0.0846,0.3325,1.6469,1.1689411764705882,0.4779588235294119,0.618,0.239,0.3753,0.4691,0.45489999999999997,0.014200000000000046,0.4283,0.0071,0.913,0.7828,0.7540470588235294,0.028752941176470648,0.711,0.0144,0.9083,1.6758,1.0884705882352943,0.5873294117647057,0.7797,0.2937,0.4653,0.4773,0.4224823529411765,0.054817647058823527,0.4507,0.0274,0.9443
Johnny Juzang,1630548,MIN,PG,3.586,1.223,0.662,0.245,0.068,0.391,0.4153,0.7322,0.633,0.4568,0.662,0.068,0.245,0.633,raw_delquant_flat_file,14.2003,9.3915,4.8088,5.9904,2.4044,0.4219,5.0968,3.598375,1.4984250000000001,1.9722,0.7492,0.3869,3.2608,2.197875,1.0629250000000003,1.1935,0.5315,0.366,0.9439,0.7104375,0.2334624999999999,0.3617,0.1167,0.3832,0.5491,0.429875,0.11922500000000003,0.1276,0.0596,0.2324,1.6469,1.16025,0.48665,0.6343,0.2433,0.3851,0.4691,0.4592625,0.009837499999999999,0.4202,0.0049,0.8958,0.7828,0.7549875,0.027812500000000018,0.7461,0.0139,0.9531,1.6758,1.0204374999999999,0.6553625000000001,0.9607,0.3277,0.5733,0.4773,0.42216875,0.05513125000000002,0.4844,0.0276,1.0149
Joan Beringer,1642866,MIN,SF,2.672,1.496,0.321,0.186,0.309,0.278,0.5197,0.6824,0.075,0.4799,0.321,0.309,0.186,0.075,raw_delquant_flat_file,14.2003,9.3915,4.8088,5.0764,2.4044,0.3575,5.0968,3.598375,1.4984250000000001,2.2452,0.7492,0.4405,3.2608,2.197875,1.0629250000000003,0.8525,0.5315,0.2614,0.9439,0.7104375,0.2334624999999999,0.3027,0.1167,0.3207,0.5491,0.429875,0.11922500000000003,0.3686,0.0596,0.6713,1.6469,1.16025,0.48665,0.5213,0.2433,0.3165,0.4691,0.4592625,0.009837499999999999,0.5246,0.0049,1.1183,0.7828,0.7549875,0.027812500000000018,0.6963,0.0139,0.8895,1.6758,1.0204374999999999,0.6553625000000001,0.4027,0.3277,0.2403,0.4773,0.42216875,0.05513125000000002,0.5075,0.0276,1.0633
Trey Jemison III,1641998,NYK,C,2.12,2.006,0.409,0.169,0.34,0.603,0.5003,0.6777,0.024,0.4058,0.409,0.34,0.169,0.024,raw_delquant_flat_file,14.2003,9.263352941176471,4.936947058823529,4.5885,2.4685,0.3231,5.0968,3.6023529411764708,1.4944470588235292,2.7532,0.7472,0.5402,3.2608,2.2386470588235294,1.0221529411764707,0.9201,0.5111,0.2822,0.9439,0.686235294117647,0.2576647058823529,0.2978,0.1288,0.3155,0.5491,0.3651764705882353,0.1839235294117647,0.432,0.092,0.7867,1.6469,1.1476470588235292,0.4992529411764708,0.8526,0.2496,0.5177,0.4691,0.46367058823529417,0.005429411764705849,0.503,0.0027,1.0723,0.7828,0.7486411764705883,0.0341588235294118,0.6948,0.0171,0.8876,1.6758,1.0059411764705881,0.6698588235294118,0.3589,0.3349,0.2142,0.4773,0.4239882352941176,0.05331176470588239,0.4325,0.0267,0.9061
Xavier Tillman,1630214,CHA,SF,2.045,1.609,0.47,0.343,0.218,0.345,0.3965,0.5633,0.2,0.3783,0.47,0.218,0.343,0.2,raw_delquant_flat_file,14.2003,8.990764705882352,5.209535294117648,4.6498,2.6048,0.3274,5.0968,3.619529411764706,1.4772705882352941,2.3476,0.7386,0.4606,3.2608,1.9743529411764706,1.2864470588235295,1.1132,0.6432,0.3414,0.9439,0.615,0.32889999999999997,0.5074,0.1644,0.5376,0.5491,0.37982352941176467,0.16927647058823536,0.3026,0.0846,0.5511,1.6469,1.1689411764705882,0.4779588235294119,0.584,0.239,0.3546,0.4691,0.45489999999999997,0.014200000000000046,0.4036,0.0071,0.8604,0.7828,0.7540470588235294,0.028752941176470648,0.5777,0.0144,0.738,1.6758,1.0884705882352943,0.5873294117647057,0.4937,0.2937,0.2946,0.4773,0.4224823529411765,0.054817647058823527,0.4057,0.0274,0.85
Jeff Green,201145,HOU,SF,2.925,1.386,0.496,0.141,0.173,0.337,0.4233,0.7931,0.38,0.2186,0.496,0.173,0.141,0.38,raw_delquant_flat_file,14.2003,8.824733333333334,5.375566666666666,5.6128,2.6878,0.3953,5.0968,4.1628,0.9340000000000002,1.853,0.467,0.3636,3.2608,1.8478666666666668,1.4129333333333334,1.2025,0.7065,0.3688,0.9439,0.6666000000000001,0.2772999999999999,0.2796,0.1386,0.2962,0.5491,0.48633333333333334,0.06276666666666669,0.2044,0.0314,0.3722,1.6469,1.1314666666666668,0.5154333333333332,0.5947,0.2577,0.3611,0.4691,0.45740666666666663,0.011693333333333389,0.4291,0.0058,0.9147,0.7828,0.7326733333333333,0.050126666666666764,0.8182,0.0251,1.0452,1.6758,0.7818666666666666,0.8939333333333334,0.827,0.447,0.4935,0.4773,0.4135466666666667,0.06375333333333333,0.2505,0.0319,0.5248
Joe Ingles,204060,MIN,SG,1.724,1.256,1.193,0.272,0.133,0.473,0.4002,0.6532,0.271,0.2186,1.193,0.133,0.272,0.271,raw_delquant_flat_file,14.2003,9.3915,4.8088,4.1284,2.4044,0.2907,5.0968,3.598375,1.4984250000000001,2.0052,0.7492,0.3934,3.2608,2.197875,1.0629250000000003,1.7245,0.5315,0.5289,0.9439,0.7104375,0.2334624999999999,0.3887,0.1167,0.4118,0.5491,0.429875,0.11922500000000003,0.1926,0.0596,0.3508,1.6469,1.16025,0.48665,0.7163,0.2433,0.4349,0.4691,0.4592625,0.009837499999999999,0.4051,0.0049,0.8636,0.7828,0.7549875,0.027812500000000018,0.6671,0.0139,0.8522,1.6758,1.0204374999999999,0.6553625000000001,0.5987,0.3277,0.3573,0.4773,0.42216875,0.05513125000000002,0.2462,0.0276,0.5158
Kobe Bufkin,1641723,LAL,PG,2.635,1.016,0.778,0.219,0.124,0.392,0.3507,0.7392,0.293,0.4621,0.778,0.124,0.219,0.293,raw_delquant_flat_file,14.2003,9.564941176470587,4.635358823529414,4.9527,2.3177,0.3488,5.0968,3.6745882352941175,1.4222117647058825,1.7271,0.7111,0.3389,3.2608,2.2321764705882354,1.0286235294117647,1.2923,0.5143,0.3963,0.9439,0.6849411764705883,0.2589588235294117,0.3485,0.1295,0.3692,0.5491,0.36511764705882355,0.18398235294117649,0.216,0.092,0.3934,1.6469,1.2188823529411765,0.4280176470588235,0.606,0.214,0.368,0.4691,0.46496470588235295,0.00413529411764707,0.3528,0.0021,0.7521,0.7828,0.744035294117647,0.038764705882353034,0.7586,0.0194,0.9691,1.6758,0.9627058823529412,0.7130941176470588,0.6495,0.3565,0.3876,0.4773,0.43051764705882356,0.04678235294117644,0.4855,0.0234,1.0172
Lindy Waters III,1630322,SAS,SF,2.68,1.154,0.512,0.223,0.1,0.231,0.3899,0.6429,0.599,0.3574,0.512,0.1,0.223,0.599,raw_delquant_flat_file,14.2003,8.8863125,5.3139875,5.337,2.657,0.3758,5.0968,3.6095625,1.4872375,1.8976,0.7436,0.3723,3.2608,2.0776875,1.1831125,1.1036,0.5916,0.3384,0.9439,0.64025,0.30365,0.3748,0.1518,0.3971,0.5491,0.438375,0.11072500000000002,0.1554,0.0554,0.283,1.6469,1.095,0.5519000000000001,0.507,0.276,0.3079,0.4691,0.4674875,0.0016125000000000167,0.3907,0.0008,0.8329,0.7828,0.7385375,0.04426250000000009,0.665,0.0221,0.8495,1.6758,0.9138124999999999,0.7619875,0.98,0.381,0.5848,0.4773,0.421575,0.055725000000000025,0.3853,0.0279,0.8072
Jordan McLaughlin,1629162,SAS,PG,2.186,0.744,0.962,0.38,0.05,0.396,0.4103,0.794,0.362,0.4926,0.962,0.05,0.38,0.362,raw_delquant_flat_file,14.2003,8.8863125,5.3139875,4.843,2.657,0.341,5.0968,3.6095625,1.4872375,1.4876,0.7436,0.2919,3.2608,2.0776875,1.1831125,1.5536,0.5916,0.4764,0.9439,0.64025,0.30365,0.5318,0.1518,0.5634,0.5491,0.438375,0.11072500000000002,0.1054,0.0554,0.192,1.6469,1.095,0.5519000000000001,0.672,0.276,0.408,0.4691,0.4674875,0.0016125000000000167,0.4111,0.0008,0.8764,0.7828,0.7385375,0.04426250000000009,0.8161,0.0221,1.0425,1.6758,0.9138124999999999,0.7619875,0.743,0.381,0.4434,0.4773,0.421575,0.055725000000000025,0.5205,0.0279,1.0905
Antonio Reeves,1641810,CHA,PG,2.912,0.901,0.559,0.228,0.051,0.326,0.4281,0.7441,0.497,0.4249,0.559,0.051,0.228,0.497,raw_delquant_flat_file,14.2003,8.990764705882352,5.209535294117648,5.5168,2.6048,0.3885,5.0968,3.619529411764706,1.4772705882352941,1.6396,0.7386,0.3217,3.2608,1.9743529411764706,1.2864470588235295,1.2022,0.6432,0.3687,0.9439,0.615,0.32889999999999997,0.3924,0.1644,0.4157,0.5491,0.37982352941176467,0.16927647058823536,0.1356,0.0846,0.2469,1.6469,1.1689411764705882,0.4779588235294119,0.565,0.239,0.3431,0.4691,0.45489999999999997,0.014200000000000046,0.4352,0.0071,0.9277,0.7828,0.7540470588235294,0.028752941176470648,0.7585,0.0144,0.969,1.6758,1.0884705882352943,0.5873294117647057,0.7907,0.2937,0.4718,0.4773,0.4224823529411765,0.054817647058823527,0.4523,0.0274,0.9476
Caleb Houstan,1631216,ATL,PG,2.616,0.85,0.468,0.216,0.061,0.274,0.415,0.7769,0.58,0.4558,0.468,0.061,0.216,0.58,raw_delquant_flat_file,14.2003,9.143944444444445,5.056355555555555,5.1442,2.5282,0.3623,5.0968,3.657666666666666,1.4391333333333338,1.5696,0.7196,0.308,3.2608,2.035888888888889,1.224911111111111,1.0805,0.6125,0.3314,0.9439,0.709111111111111,0.23478888888888894,0.3334,0.1174,0.3532,0.5491,0.4205,0.12860000000000005,0.1253,0.0643,0.2282,1.6469,1.1113888888888888,0.5355111111111113,0.5418,0.2678,0.329,0.4691,0.4601722222222222,0.008927777777777812,0.4195,0.0045,0.8943,0.7828,0.7444944444444445,0.03830555555555559,0.7961,0.0192,1.017,1.6758,1.0002222222222223,0.6755777777777776,0.9178,0.3378,0.5477,0.4773,0.4212388888888889,0.05606111111111112,0.4838,0.028,1.0136
David Jones Garcia,1642357,SAS,PG,2.006,0.855,0.777,0.262,0.062,0.337,0.3879,0.675,0.246,0.4568,0.777,0.062,0.262,0.246,raw_delquant_flat_file,14.2003,8.8863125,5.3139875,4.663,2.657,0.3284,5.0968,3.6095625,1.4872375,1.5986,0.7436,0.3136,3.2608,2.0776875,1.1831125,1.3686,0.5916,0.4197,0.9439,0.64025,0.30365,0.4138,0.1518,0.4384,0.5491,0.438375,0.11072500000000002,0.1174,0.0554,0.2138,1.6469,1.095,0.5519000000000001,0.613,0.276,0.3722,0.4691,0.4674875,0.0016125000000000167,0.3887,0.0008,0.8286,0.7828,0.7385375,0.04426250000000009,0.6971,0.0221,0.8905,1.6758,0.9138124999999999,0.7619875,0.627,0.381,0.3741,0.4773,0.421575,0.055725000000000025,0.4847,0.0279,1.0155
JD Davison,1631120,HOU,PG,2.035,0.865,0.782,0.229,0.093,0.384,0.3631,0.6931,0.248,0.4558,0.782,0.093,0.229,0.248,raw_delquant_flat_file,14.2003,8.824733333333334,5.375566666666666,4.7228,2.6878,0.3326,5.0968,4.1628,0.9340000000000002,1.332,0.467,0.2613,3.2608,1.8478666666666668,1.4129333333333334,1.4885,0.7065,0.4565,0.9439,0.6666000000000001,0.2772999999999999,0.3676,0.1386,0.3894,0.5491,0.48633333333333334,0.06276666666666669,0.1244,0.0314,0.2266,1.6469,1.1314666666666668,0.5154333333333332,0.6417,0.2577,0.3896,0.4691,0.45740666666666663,0.011693333333333389,0.3689,0.0058,0.7864,0.7828,0.7326733333333333,0.050126666666666764,0.7182,0.0251,0.9175,1.6758,0.7818666666666666,0.8939333333333334,0.695,0.447,0.4147,0.4773,0.4135466666666667,0.06375333333333333,0.4877,0.0319,1.0218
Yang Hansen,1642905,POR,C,1.799,1.54,0.37,0.121,0.257,0.53,0.3674,0.7577,0.062,0.4227,0.37,0.257,0.121,0.062,raw_delquant_flat_file,14.2003,9.020555555555555,5.179744444444445,4.3889,2.5899,0.3091,5.0968,3.5888333333333335,1.5079666666666665,2.294,0.754,0.4501,3.2608,2.1012222222222223,1.1595777777777778,0.9498,0.5798,0.2913,0.9439,0.7107777777777778,0.23312222222222212,0.2376,0.1166,0.2517,0.5491,0.4397777777777778,0.10932222222222221,0.3117,0.0547,0.5677,1.6469,1.2561666666666667,0.3907333333333334,0.7254,0.1954,0.4405,0.4691,0.4412666666666667,0.02783333333333332,0.3813,0.0139,0.8128,0.7828,0.7468,0.03600000000000003,0.7757,0.018,0.9909,1.6758,1.005111111111111,0.6706888888888889,0.3973,0.3353,0.2371,0.4773,0.43099444444444446,0.046305555555555544,0.4459,0.0232,0.9342
Hunter Tyson,1641816,DEN,SF,2.062,1.333,0.424,0.15,0.094,0.25,0.3728,0.7438,0.23,0.4119,0.424,0.094,0.15,0.23,raw_delquant_flat_file,14.2003,9.484444444444444,4.715855555555557,4.4199,2.3579,0.3113,5.0968,3.5435,1.5533000000000001,2.1097,0.7767,0.4139,3.2608,2.3794444444444443,0.8813555555555559,0.8647,0.4407,0.2652,0.9439,0.6557777777777778,0.28812222222222217,0.2941,0.1441,0.3116,0.5491,0.35344444444444445,0.19565555555555558,0.1918,0.0978,0.3493,1.6469,1.0929444444444443,0.5539555555555558,0.527,0.277,0.32,0.4691,0.4566777777777778,0.012422222222222223,0.379,0.0062,0.8079,0.7828,0.7742055555555556,0.00859444444444446,0.7481,0.0043,0.9557,1.6758,1.0026111111111111,0.6731888888888888,0.5666,0.3366,0.3381,0.4773,0.41878333333333334,0.05851666666666666,0.4412,0.0293,0.9244
Amari Williams,1642873,BOS,PF,1.809,1.309,0.363,0.159,0.213,0.314,0.4466,0.7003,0.113,0.4124,0.363,0.213,0.159,0.113,raw_delquant_flat_file,14.2003,10.554846153846153,3.6454538461538473,3.6317,1.8227,0.2557,5.0968,4.29,0.8068,1.7124,0.4034,0.336,3.2608,2.3656923076923078,0.8951076923076924,0.8106,0.4476,0.2486,0.9439,0.6874615384615385,0.2564384615384615,0.2872,0.1282,0.3043,0.5491,0.4480769230769231,0.10102307692307694,0.2635,0.0505,0.4799,1.6469,1.1839230769230769,0.4629769230769232,0.5455,0.2315,0.3312,0.4691,0.4659153846153846,0.003184615384615397,0.4482,0.0016,0.9554,0.7828,0.764453846153846,0.018346153846154012,0.7095,0.0092,0.9064,1.6758,1.2137692307692307,0.46203076923076924,0.344,0.231,0.2053,0.4773,0.4291384615384616,0.04816153846153842,0.4365,0.0241,0.9145
Alijah Martin,1642918,TOR,PG,1.945,0.822,0.592,0.246,0.087,0.329,0.3467,0.7492,0.22,0.4568,0.592,0.087,0.246,0.22,raw_delquant_flat_file,14.2003,9.236749999999999,4.9635500000000015,4.4268,2.4818,0.3117,5.0968,3.6478125,1.4489874999999999,1.5465,0.7245,0.3034,3.2608,2.18275,1.0780500000000002,1.131,0.539,0.3468,0.9439,0.678875,0.26502499999999996,0.3785,0.1325,0.401,0.5491,0.401625,0.14747500000000002,0.1607,0.0737,0.2927,1.6469,1.1529375,0.4939625000000001,0.576,0.247,0.3497,0.4691,0.4618875,0.007212500000000011,0.3503,0.0036,0.7467,0.7828,0.7451625,0.0376375000000001,0.768,0.0188,0.9811,1.6758,0.855875,0.8199249999999999,0.63,0.41,0.3759,0.4773,0.43621875,0.041081250000000014,0.4773,0.0205,1.0
Bobi Klintman,1641752,DET,SF,1.885,1.213,0.361,0.195,0.097,0.3,0.4056,0.582,0.181,0.4144,0.361,0.097,0.195,0.181,raw_delquant_flat_file,14.2003,8.7513125,5.448987500000001,4.6095,2.7245,0.3246,5.0968,3.5715,1.5253,1.9756,0.7626,0.3876,3.2608,2.12,1.1408,0.9314,0.5704,0.2856,0.9439,0.7265625,0.21733749999999996,0.3037,0.1087,0.3218,0.5491,0.4360625,0.11303750000000001,0.1535,0.0565,0.2795,1.6469,1.1275,0.5194000000000001,0.5597,0.2597,0.3399,0.4691,0.45863750000000003,0.010462499999999986,0.4108,0.0052,0.8757,0.7828,0.7500125,0.03278750000000008,0.5984,0.0164,0.7644,1.6758,0.86675,0.8090499999999999,0.5855,0.4045,0.3494,0.4773,0.41046875,0.06683125000000001,0.4478,0.0334,0.9382
TyTy Washington Jr.,1631102,LAC,PG,1.777,0.696,0.746,0.25,0.071,0.283,0.3611,0.6911,0.225,0.4568,0.746,0.071,0.25,0.225,raw_delquant_flat_file,14.2003,9.250625,4.949675000000001,4.2518,2.4748,0.2994,5.0968,3.37875,1.7180499999999999,1.555,0.859,0.3051,3.2608,2.192375,1.068425,1.2802,0.5342,0.3926,0.9439,0.7555000000000001,0.1883999999999999,0.3442,0.0942,0.3647,0.5491,0.41118750000000004,0.1379125,0.14,0.069,0.255,1.6469,1.1773125,0.46958750000000005,0.5178,0.2348,0.3144,0.4691,0.45813125,0.010968750000000027,0.3666,0.0055,0.7815,0.7828,0.77625,0.006550000000000056,0.6944,0.0033,0.8871,1.6758,1.0209375,0.6548624999999999,0.5524,0.3274,0.3296,0.4773,0.4134875,0.0638125,0.4887,0.0319,1.0239
Pacôme Dadiet,1642359,NYK,SF,1.974,1.08,0.356,0.162,0.101,0.227,0.3956,0.717,0.219,0.4753,0.356,0.101,0.162,0.219,raw_delquant_flat_file,14.2003,9.263352941176471,4.936947058823529,4.4425,2.4685,0.3128,5.0968,3.6023529411764708,1.4944470588235292,1.8272,0.7472,0.3585,3.2608,2.2386470588235294,1.0221529411764707,0.8671,0.5111,0.2659,0.9439,0.686235294117647,0.2576647058823529,0.2908,0.1288,0.3081,0.5491,0.3651764705882353,0.1839235294117647,0.193,0.092,0.3515,1.6469,1.1476470588235292,0.4992529411764708,0.4766,0.2496,0.2894,0.4691,0.46367058823529417,0.005429411764705849,0.3983,0.0027,0.8491,0.7828,0.7486411764705883,0.0341588235294118,0.7341,0.0171,0.9378,1.6758,1.0059411764705881,0.6698588235294118,0.5539,0.3349,0.3305,0.4773,0.4239882352941176,0.05331176470588239,0.502,0.0267,1.0517
Johni Broome,1641780,PHI,SF,1.746,1.144,0.327,0.192,0.137,0.237,0.3841,0.6215,0.112,0.4144,0.327,0.137,0.192,0.112,raw_delquant_flat_file,14.2003,9.916666666666666,4.283633333333334,3.8878,2.1418,0.2738,5.0968,3.947611111111111,1.1491888888888888,1.7186,0.5746,0.3372,3.2608,2.145888888888889,1.1149111111111112,0.8845,0.5575,0.2713,0.9439,0.7621666666666667,0.1817333333333333,0.2829,0.0909,0.2997,0.5491,0.4476111111111111,0.1014888888888889,0.1877,0.0507,0.3418,1.6469,1.2115,0.4354,0.4547,0.2177,0.2761,0.4691,0.4532722222222222,0.01582777777777783,0.392,0.0079,0.8356,0.7828,0.7502888888888889,0.03251111111111116,0.6378,0.0163,0.8148,1.6758,0.9857777777777778,0.6900222222222222,0.457,0.345,0.2727,0.4773,0.41952222222222224,0.05777777777777776,0.4433,0.0289,0.9288
Koby Brea,1642886,PHX,PG,2.135,0.737,0.624,0.184,0.045,0.301,0.3721,0.7244,0.382,0.4558,0.624,0.045,0.184,0.382,raw_delquant_flat_file,14.2003,8.88535294117647,5.314947058823531,4.7925,2.6575,0.3375,5.0968,3.3191764705882356,1.7776235294117644,1.6258,0.8888,0.319,3.2608,1.9868235294117649,1.2739764705882353,1.261,0.637,0.3867,0.9439,0.6880588235294117,0.25584117647058824,0.3119,0.1279,0.3304,0.5491,0.34911764705882353,0.1999823529411765,0.145,0.1,0.2641,1.6469,1.0747058823529412,0.5721941176470589,0.5871,0.2861,0.3565,0.4691,0.4498411764705882,0.019258823529411828,0.3817,0.0096,0.8137,0.7828,0.7384588235294117,0.04434117647058833,0.7466,0.0222,0.9538,1.6758,1.0250588235294116,0.6507411764705884,0.7074,0.3254,0.4221,0.4773,0.41646470588235296,0.06083529411764704,0.4862,0.0304,1.0186
Nigel Hayes-Davis,1628502,PHX,SF,1.582,1.098,0.467,0.247,0.102,0.311,0.3884,0.6071,0.152,0.3276,0.467,0.102,0.247,0.152,raw_delquant_flat_file,14.2003,8.88535294117647,5.314947058823531,4.2395,2.6575,0.2986,5.0968,3.3191764705882356,1.7776235294117644,1.9868,0.8888,0.3898,3.2608,1.9868235294117649,1.2739764705882353,1.104,0.637,0.3386,0.9439,0.6880588235294117,0.25584117647058824,0.3749,0.1279,0.3972,0.5491,0.34911764705882353,0.1999823529411765,0.202,0.1,0.3679,1.6469,1.0747058823529412,0.5721941176470589,0.5971,0.2861,0.3626,0.4691,0.4498411764705882,0.019258823529411828,0.398,0.0096,0.8484,0.7828,0.7384588235294117,0.04434117647058833,0.6293,0.0222,0.8039,1.6758,1.0250588235294116,0.6507411764705884,0.4774,0.3254,0.2849,0.4773,0.41646470588235296,0.06083529411764704,0.358,0.0304,0.7501
Adou Thiero,1642876,LAL,PG,1.877,0.872,0.545,0.227,0.064,0.326,0.391,0.6707,0.177,0.4662,0.545,0.064,0.227,0.177,raw_delquant_flat_file,14.2003,9.564941176470587,4.635358823529414,4.1947,2.3177,0.2954,5.0968,3.6745882352941175,1.4222117647058825,1.5831,0.7111,0.3106,3.2608,2.2321764705882354,1.0286235294117647,1.0593,0.5143,0.3249,0.9439,0.6849411764705883,0.2589588235294117,0.3565,0.1295,0.3777,0.5491,0.36511764705882355,0.18398235294117649,0.156,0.092,0.2841,1.6469,1.2188823529411765,0.4280176470588235,0.54,0.214,0.3279,0.4691,0.46496470588235295,0.00413529411764707,0.3931,0.0021,0.838,0.7828,0.744035294117647,0.038764705882353034,0.6901,0.0194,0.8816,1.6758,0.9627058823529412,0.7130941176470588,0.5335,0.3565,0.3184,0.4773,0.43051764705882356,0.04678235294117644,0.4896,0.0234,1.0258
Chris Youngblood,1642959,POR,PG,1.97,0.815,0.54,0.183,0.068,0.242,0.3557,0.7671,0.34,0.4568,0.54,0.068,0.183,0.34,raw_delquant_flat_file,14.2003,9.020555555555555,5.179744444444445,4.5599,2.5899,0.3211,5.0968,3.5888333333333335,1.5079666666666665,1.569,0.754,0.3078,3.2608,2.1012222222222223,1.1595777777777778,1.1198,0.5798,0.3434,0.9439,0.7107777777777778,0.23312222222222212,0.2996,0.1166,0.3174,0.5491,0.4397777777777778,0.10932222222222221,0.1227,0.0547,0.2235,1.6469,1.2561666666666667,0.3907333333333334,0.4374,0.1954,0.2656,0.4691,0.4412666666666667,0.02783333333333332,0.3696,0.0139,0.7879,0.7828,0.7468,0.03600000000000003,0.7851,0.018,1.0029,1.6758,1.005111111111111,0.6706888888888889,0.6753,0.3353,0.403,0.4773,0.43099444444444446,0.046305555555555544,0.48,0.0232,1.0057
Isaiah Crawford,1642384,HOU,SF,1.819,1.056,0.299,0.149,0.143,0.234,0.4331,0.7094,0.153,0.4124,0.299,0.143,0.149,0.153,raw_delquant_flat_file,14.2003,8.824733333333334,5.375566666666666,4.5068,2.6878,0.3174,5.0968,4.1628,0.9340000000000002,1.523,0.467,0.2988,3.2608,1.8478666666666668,1.4129333333333334,1.0055,0.7065,0.3084,0.9439,0.6666000000000001,0.2772999999999999,0.2876,0.1386,0.3047,0.5491,0.48633333333333334,0.06276666666666669,0.1744,0.0314,0.3176,1.6469,1.1314666666666668,0.5154333333333332,0.4917,0.2577,0.2986,0.4691,0.45740666666666663,0.011693333333333389,0.4389,0.0058,0.9356,0.7828,0.7326733333333333,0.050126666666666764,0.7345,0.0251,0.9383,1.6758,0.7818666666666666,0.8939333333333334,0.6,0.447,0.358,0.4773,0.4135466666666667,0.06375333333333333,0.4443,0.0319,0.9309
Javonte Cooke,1631451,POR,PG,1.756,0.834,0.561,0.238,0.052,0.347,0.3156,0.7086,0.248,0.4343,0.561,0.052,0.238,0.248,raw_delquant_flat_file,14.2003,9.020555555555555,5.179744444444445,4.3459,2.5899,0.306,5.0968,3.5888333333333335,1.5079666666666665,1.588,0.754,0.3116,3.2608,2.1012222222222223,1.1595777777777778,1.1408,0.5798,0.3499,0.9439,0.7107777777777778,0.23312222222222212,0.3546,0.1166,0.3757,0.5491,0.4397777777777778,0.10932222222222221,0.1067,0.0547,0.1943,1.6469,1.2561666666666667,0.3907333333333334,0.5424,0.1954,0.3293,0.4691,0.4412666666666667,0.02783333333333332,0.3295,0.0139,0.7024,0.7828,0.7468,0.03600000000000003,0.7266,0.018,0.9282,1.6758,1.005111111111111,0.6706888888888889,0.5833,0.3353,0.3481,0.4773,0.43099444444444446,0.046305555555555544,0.4575,0.0232,0.9585
Thanasis Antetokounmpo,203648,MIL,SF,1.399,0.931,0.481,0.251,0.15,0.354,0.4308,0.5712,0.061,0.3833,0.481,0.15,0.251,0.061,raw_delquant_flat_file,14.2003,9.940999999999999,4.259300000000001,3.5287,2.1297,0.2485,5.0968,3.714555555555555,1.3822444444444448,1.6221,0.6911,0.3183,3.2608,2.2494444444444444,1.0113555555555558,0.9867,0.5057,0.3026,0.9439,0.7022222222222223,0.24167777777777766,0.3718,0.1208,0.3939,0.5491,0.381,0.16810000000000003,0.234,0.084,0.4262,1.6469,1.2697222222222222,0.37717777777777783,0.5426,0.1886,0.3295,0.4691,0.4623055555555556,0.006794444444444436,0.4342,0.0034,0.9256,0.7828,0.7495888888888889,0.03321111111111119,0.5878,0.0166,0.7509,1.6758,1.103,0.5728,0.3474,0.2864,0.2073,0.4773,0.41657777777777777,0.06072222222222223,0.4137,0.0304,0.8668
Jahmir Young,1642443,MIA,PG,1.864,0.684,0.609,0.178,0.047,0.289,0.3744,0.7455,0.234,0.4249,0.609,0.047,0.178,0.234,raw_delquant_flat_file,14.2003,10.5542,3.6461000000000006,3.687,1.823,0.2596,5.0968,3.9381333333333335,1.1586666666666665,1.2633,0.5793,0.2479,3.2608,2.4346,0.8262,1.0221,0.4131,0.3135,0.9439,0.7641333333333333,0.17976666666666663,0.2679,0.0899,0.2838,0.5491,0.3908666666666667,0.15823333333333334,0.1261,0.0791,0.2296,1.6469,1.2644666666666666,0.3824333333333334,0.4802,0.1912,0.2916,0.4691,0.4581266666666667,0.010973333333333335,0.3799,0.0055,0.8098,0.7828,0.7705466666666667,0.012253333333333338,0.7516,0.0061,0.9601,1.6758,1.1222666666666667,0.5535333333333332,0.5108,0.2768,0.3048,0.4773,0.4400866666666667,0.03721333333333332,0.4435,0.0186,0.9292
